[     279ms] [INFO] %cDownload the React DevTools for a better development experience: https://react.dev/link/react-devtools font-weight:bold @ http://localhost:3000/_next/static/chunks/node_modules_next_dist_1ybzpk2._.js:2489
[     340ms] [LOG] [HMR] connected @ http://localhost:3000/_next/static/chunks/node_modules_next_dist_1ybzpk2._.js:2489
[   25289ms] [LOG] [Fast Refresh] rebuilding @ http://localhost:3000/_next/static/chunks/node_modules_next_dist_1ybzpk2._.js:2489
[   25364ms] [LOG] [Fast Refresh] done in 179ms @ http://localhost:3000/_next/static/chunks/node_modules_next_dist_1ybzpk2._.js:2489
[   25376ms] [ERROR] Failed to load resource: the server responded with a status of 404 (Not Found) @ http://localhost:3000/api/nodes:0
[  165903ms] [LOG] [Fast Refresh] rebuilding @ http://localhost:3000/_next/static/chunks/node_modules_next_dist_1ybzpk2._.js:2489
[  166012ms] [LOG] [Fast Refresh] done in 209ms @ http://localhost:3000/_next/static/chunks/node_modules_next_dist_1ybzpk2._.js:2489
[  166126ms] [LOG] [Fast Refresh] rebuilding @ http://localhost:3000/_next/static/chunks/node_modules_next_dist_1ybzpk2._.js:2489
[  166284ms] [LOG] [Fast Refresh] done in 265ms @ http://localhost:3000/_next/static/chunks/node_modules_next_dist_1ybzpk2._.js:2489
[  183675ms] [LOG] [Fast Refresh] rebuilding @ http://localhost:3000/_next/static/chunks/node_modules_next_dist_1ybzpk2._.js:2489
[  183755ms] [LOG] [Fast Refresh] done in 79ms @ http://localhost:3000/_next/static/chunks/node_modules_next_dist_1ybzpk2._.js:2489
[  183783ms] ReferenceError: Cannot access 'handleSummarize' before initialization
    at Home (http://localhost:3000/_next/static/chunks/_0tu8tbf._.js?id=%255Bproject%255D%252Fapp%252Fpage.tsx+%255Bapp-client%255D+%2528ecmascript%2529:159:9)
    at Object.react_stack_bottom_frame (http://localhost:3000/_next/static/chunks/node_modules_next_dist_compiled_react-dom_096_9a-._.js:15037:24)
    at renderWithHooks (http://localhost:3000/_next/static/chunks/node_modules_next_dist_compiled_react-dom_096_9a-._.js:4620:24)
    at updateFunctionComponent (http://localhost:3000/_next/static/chunks/node_modules_next_dist_compiled_react-dom_096_9a-._.js:6081:21)
    at beginWork (http://localhost:3000/_next/static/chunks/node_modules_next_dist_compiled_react-dom_096_9a-._.js:6691:24)
    at runWithFiberInDEV (http://localhost:3000/_next/static/chunks/node_modules_next_dist_compiled_react-dom_096_9a-._.js:965:74)
    at performUnitOfWork (http://localhost:3000/_next/static/chunks/node_modules_next_dist_compiled_react-dom_096_9a-._.js:9555:97)
    at workLoopSync (http://localhost:3000/_next/static/chunks/node_modules_next_dist_compiled_react-dom_096_9a-._.js:9449:40)
    at renderRootSync (http://localhost:3000/_next/static/chunks/node_modules_next_dist_compiled_react-dom_096_9a-._.js:9433:13)
    at performWorkOnRoot (http://localhost:3000/_next/static/chunks/node_modules_next_dist_compiled_react-dom_096_9a-._.js:9061:186)
    at performSyncWorkOnRoot (http://localhost:3000/_next/static/chunks/node_modules_next_dist_compiled_react-dom_096_9a-._.js:10263:9)
    at flushSyncWorkAcrossRoots_impl (http://localhost:3000/_next/static/chunks/node_modules_next_dist_compiled_react-dom_096_9a-._.js:10179:316)
    at processRootScheduleInMicrotask (http://localhost:3000/_next/static/chunks/node_modules_next_dist_compiled_react-dom_096_9a-._.js:10200:106)
    at http://localhost:3000/_next/static/chunks/node_modules_next_dist_compiled_react-dom_096_9a-._.js:10274:158
[  195088ms] [LOG] [Fast Refresh] rebuilding @ http://localhost:3000/_next/static/chunks/node_modules_next_dist_1ybzpk2._.js:2489
[  195093ms] [WARNING] [Fast Refresh] performing full reload because your application had an unrecoverable error @ http://localhost:3000/_next/static/chunks/node_modules_next_dist_1ybzpk2._.js:2489
[  195120ms] ReferenceError: Cannot access 'handleSummarize' before initialization
    at Home (http://localhost:3000/_next/static/chunks/_0tu8tbf._.js?id=%255Bproject%255D%252Fapp%252Fpage.tsx+%255Bapp-client%255D+%2528ecmascript%2529:159:9)
    at Object.react_stack_bottom_frame (http://localhost:3000/_next/static/chunks/node_modules_next_dist_compiled_react-dom_096_9a-._.js:15037:24)
    at renderWithHooks (http://localhost:3000/_next/static/chunks/node_modules_next_dist_compiled_react-dom_096_9a-._.js:4620:24)
    at updateFunctionComponent (http://localhost:3000/_next/static/chunks/node_modules_next_dist_compiled_react-dom_096_9a-._.js:6081:21)
    at beginWork (http://localhost:3000/_next/static/chunks/node_modules_next_dist_compiled_react-dom_096_9a-._.js:6691:24)
    at runWithFiberInDEV (http://localhost:3000/_next/static/chunks/node_modules_next_dist_compiled_react-dom_096_9a-._.js:965:74)
    at performUnitOfWork (http://localhost:3000/_next/static/chunks/node_modules_next_dist_compiled_react-dom_096_9a-._.js:9555:97)
    at workLoopSync (http://localhost:3000/_next/static/chunks/node_modules_next_dist_compiled_react-dom_096_9a-._.js:9449:40)
    at renderRootSync (http://localhost:3000/_next/static/chunks/node_modules_next_dist_compiled_react-dom_096_9a-._.js:9433:13)
    at performWorkOnRoot (http://localhost:3000/_next/static/chunks/node_modules_next_dist_compiled_react-dom_096_9a-._.js:9098:47)
    at performSyncWorkOnRoot (http://localhost:3000/_next/static/chunks/node_modules_next_dist_compiled_react-dom_096_9a-._.js:10263:9)
    at flushSyncWorkAcrossRoots_impl (http://localhost:3000/_next/static/chunks/node_modules_next_dist_compiled_react-dom_096_9a-._.js:10179:316)
    at flushSyncWork$1 (http://localhost:3000/_next/static/chunks/node_modules_next_dist_compiled_react-dom_096_9a-._.js:9230:86)
    at Object.scheduleRefresh (http://localhost:3000/_next/static/chunks/node_modules_next_dist_compiled_react-dom_096_9a-._.js:299:13)
    at http://localhost:3000/_next/static/chunks/node_modules_next_dist_compiled_1amofcm._.js:391:33
    at Set.forEach (<anonymous>)
    at Object.performReactRefresh (http://localhost:3000/_next/static/chunks/node_modules_next_dist_compiled_1amofcm._.js:384:38)
    at applyUpdate (http://localhost:3000/_next/static/chunks/node_modules_next_dist_compiled_1amofcm._.js:878:31)
    at http://localhost:3000/_next/static/chunks/node_modules_next_dist_compiled_1amofcm._.js:886:13
[  195231ms] [LOG] [Fast Refresh] done in 31ms @ http://localhost:3000/_next/static/chunks/node_modules_next_dist_1ybzpk2._.js:2489
[  195264ms] [ERROR] Failed to load resource: the server responded with a status of 500 (Internal Server Error) @ http://localhost:3000/:0
[  195376ms] [INFO] %cDownload the React DevTools for a better development experience: https://react.dev/link/react-devtools font-weight:bold @ http://localhost:3000/_next/static/chunks/node_modules_next_dist_1ybzpk2._.js:2489
[  195436ms] [LOG] [HMR] connected @ http://localhost:3000/_next/static/chunks/node_modules_next_dist_1ybzpk2._.js:2489
[  195597ms] ReferenceError: Cannot access 'handleSummarize' before initialization
    at Home (http://localhost:3000/_next/static/chunks/_0tu8tbf._.js:2036:9)
    at Object.react_stack_bottom_frame (http://localhost:3000/_next/static/chunks/node_modules_next_dist_compiled_react-dom_096_9a-._.js:15037:24)
    at renderWithHooks (http://localhost:3000/_next/static/chunks/node_modules_next_dist_compiled_react-dom_096_9a-._.js:4620:24)
    at updateFunctionComponent (http://localhost:3000/_next/static/chunks/node_modules_next_dist_compiled_react-dom_096_9a-._.js:6081:21)
    at beginWork (http://localhost:3000/_next/static/chunks/node_modules_next_dist_compiled_react-dom_096_9a-._.js:6691:24)
    at runWithFiberInDEV (http://localhost:3000/_next/static/chunks/node_modules_next_dist_compiled_react-dom_096_9a-._.js:965:74)
    at performUnitOfWork (http://localhost:3000/_next/static/chunks/node_modules_next_dist_compiled_react-dom_096_9a-._.js:9555:97)
    at workLoopSync (http://localhost:3000/_next/static/chunks/node_modules_next_dist_compiled_react-dom_096_9a-._.js:9449:40)
    at renderRootSync (http://localhost:3000/_next/static/chunks/node_modules_next_dist_compiled_react-dom_096_9a-._.js:9433:13)
    at performWorkOnRoot (http://localhost:3000/_next/static/chunks/node_modules_next_dist_compiled_react-dom_096_9a-._.js:9098:47)
    at performWorkOnRootViaSchedulerTask (http://localhost:3000/_next/static/chunks/node_modules_next_dist_compiled_react-dom_096_9a-._.js:10255:9)
    at MessagePort.performWorkUntilDeadline (http://localhost:3000/_next/static/chunks/node_modules_next_dist_compiled_1amofcm._.js:2647:64)
[  198655ms] [WARNING] The resource http://localhost:3000/_next/static/chunks/node_modules_%40xyflow_react_dist_style_0w-ra00.css was preloaded using link preload but not used within a few seconds from the window's load event. Please make sure it has an appropriate `as` value and it is preloaded intentionally. @ http://localhost:3000/:0
[  212015ms] [LOG] [Fast Refresh] rebuilding @ http://localhost:3000/_next/static/chunks/node_modules_next_dist_1ybzpk2._.js:2489
[  212024ms] [WARNING] [Fast Refresh] performing full reload because your application had an unrecoverable error @ http://localhost:3000/_next/static/chunks/node_modules_next_dist_1ybzpk2._.js:2489
[  212156ms] [LOG] [Fast Refresh] done in 38ms @ http://localhost:3000/_next/static/chunks/node_modules_next_dist_1ybzpk2._.js:2489
[  212170ms] [ERROR] Failed to load resource: the server responded with a status of 500 (Internal Server Error) @ http://localhost:3000/:0
[  212257ms] [INFO] %cDownload the React DevTools for a better development experience: https://react.dev/link/react-devtools font-weight:bold @ http://localhost:3000/_next/static/chunks/node_modules_next_dist_1ybzpk2._.js:2489
[  212312ms] [LOG] [HMR] connected @ http://localhost:3000/_next/static/chunks/node_modules_next_dist_1ybzpk2._.js:2489
[  212460ms] ReferenceError: Cannot access 'handleSummarize' before initialization
    at Home (http://localhost:3000/_next/static/chunks/_0tu8tbf._.js:2036:9)
    at Object.react_stack_bottom_frame (http://localhost:3000/_next/static/chunks/node_modules_next_dist_compiled_react-dom_096_9a-._.js:15037:24)
    at renderWithHooks (http://localhost:3000/_next/static/chunks/node_modules_next_dist_compiled_react-dom_096_9a-._.js:4620:24)
    at updateFunctionComponent (http://localhost:3000/_next/static/chunks/node_modules_next_dist_compiled_react-dom_096_9a-._.js:6081:21)
    at beginWork (http://localhost:3000/_next/static/chunks/node_modules_next_dist_compiled_react-dom_096_9a-._.js:6691:24)
    at runWithFiberInDEV (http://localhost:3000/_next/static/chunks/node_modules_next_dist_compiled_react-dom_096_9a-._.js:965:74)
    at performUnitOfWork (http://localhost:3000/_next/static/chunks/node_modules_next_dist_compiled_react-dom_096_9a-._.js:9555:97)
    at workLoopSync (http://localhost:3000/_next/static/chunks/node_modules_next_dist_compiled_react-dom_096_9a-._.js:9449:40)
    at renderRootSync (http://localhost:3000/_next/static/chunks/node_modules_next_dist_compiled_react-dom_096_9a-._.js:9433:13)
    at performWorkOnRoot (http://localhost:3000/_next/static/chunks/node_modules_next_dist_compiled_react-dom_096_9a-._.js:9098:47)
    at performWorkOnRootViaSchedulerTask (http://localhost:3000/_next/static/chunks/node_modules_next_dist_compiled_react-dom_096_9a-._.js:10255:9)
    at MessagePort.performWorkUntilDeadline (http://localhost:3000/_next/static/chunks/node_modules_next_dist_compiled_1amofcm._.js:2647:64)
[  215528ms] [WARNING] The resource http://localhost:3000/_next/static/chunks/node_modules_%40xyflow_react_dist_style_0w-ra00.css was preloaded using link preload but not used within a few seconds from the window's load event. Please make sure it has an appropriate `as` value and it is preloaded intentionally. @ http://localhost:3000/:0
[  223921ms] [LOG] [Fast Refresh] rebuilding @ http://localhost:3000/_next/static/chunks/node_modules_next_dist_1ybzpk2._.js:2489
[  223930ms] [WARNING] [Fast Refresh] performing full reload because your application had an unrecoverable error @ http://localhost:3000/_next/static/chunks/node_modules_next_dist_1ybzpk2._.js:2489
[  224060ms] [LOG] [Fast Refresh] done in 45ms @ http://localhost:3000/_next/static/chunks/node_modules_next_dist_1ybzpk2._.js:2489
[  224076ms] [ERROR] Failed to load resource: the server responded with a status of 500 (Internal Server Error) @ http://localhost:3000/:0
[  224144ms] [INFO] %cDownload the React DevTools for a better development experience: https://react.dev/link/react-devtools font-weight:bold @ http://localhost:3000/_next/static/chunks/node_modules_next_dist_1ybzpk2._.js:2489
[  224215ms] [LOG] [HMR] connected @ http://localhost:3000/_next/static/chunks/node_modules_next_dist_1ybzpk2._.js:2489
[  224373ms] ReferenceError: Cannot access 'handleSummarize' before initialization
    at Home (http://localhost:3000/_next/static/chunks/_0tu8tbf._.js:2036:9)
    at Object.react_stack_bottom_frame (http://localhost:3000/_next/static/chunks/node_modules_next_dist_compiled_react-dom_096_9a-._.js:15037:24)
    at renderWithHooks (http://localhost:3000/_next/static/chunks/node_modules_next_dist_compiled_react-dom_096_9a-._.js:4620:24)
    at updateFunctionComponent (http://localhost:3000/_next/static/chunks/node_modules_next_dist_compiled_react-dom_096_9a-._.js:6081:21)
    at beginWork (http://localhost:3000/_next/static/chunks/node_modules_next_dist_compiled_react-dom_096_9a-._.js:6691:24)
    at runWithFiberInDEV (http://localhost:3000/_next/static/chunks/node_modules_next_dist_compiled_react-dom_096_9a-._.js:965:74)
    at performUnitOfWork (http://localhost:3000/_next/static/chunks/node_modules_next_dist_compiled_react-dom_096_9a-._.js:9555:97)
    at workLoopSync (http://localhost:3000/_next/static/chunks/node_modules_next_dist_compiled_react-dom_096_9a-._.js:9449:40)
    at renderRootSync (http://localhost:3000/_next/static/chunks/node_modules_next_dist_compiled_react-dom_096_9a-._.js:9433:13)
    at performWorkOnRoot (http://localhost:3000/_next/static/chunks/node_modules_next_dist_compiled_react-dom_096_9a-._.js:9098:47)
    at performWorkOnRootViaSchedulerTask (http://localhost:3000/_next/static/chunks/node_modules_next_dist_compiled_react-dom_096_9a-._.js:10255:9)
    at MessagePort.performWorkUntilDeadline (http://localhost:3000/_next/static/chunks/node_modules_next_dist_compiled_1amofcm._.js:2647:64)
[  227443ms] [WARNING] The resource http://localhost:3000/_next/static/chunks/node_modules_%40xyflow_react_dist_style_0w-ra00.css was preloaded using link preload but not used within a few seconds from the window's load event. Please make sure it has an appropriate `as` value and it is preloaded intentionally. @ http://localhost:3000/:0
[  261563ms] [LOG] [Fast Refresh] rebuilding @ http://localhost:3000/_next/static/chunks/node_modules_next_dist_1ybzpk2._.js:2489
[  261579ms] [WARNING] [Fast Refresh] performing full reload because your application had an unrecoverable error @ http://localhost:3000/_next/static/chunks/node_modules_next_dist_1ybzpk2._.js:2489
[  261684ms] [LOG] [Fast Refresh] done in 62ms @ http://localhost:3000/_next/static/chunks/node_modules_next_dist_1ybzpk2._.js:2489
[  261925ms] [INFO] %cDownload the React DevTools for a better development experience: https://react.dev/link/react-devtools font-weight:bold @ http://localhost:3000/_next/static/chunks/node_modules_next_dist_1ybzpk2._.js:2489
[  262039ms] [LOG] [HMR] connected @ http://localhost:3000/_next/static/chunks/node_modules_next_dist_1ybzpk2._.js:2489
[  273837ms] [LOG] [Fast Refresh] rebuilding @ http://localhost:3000/_next/static/chunks/node_modules_next_dist_1ybzpk2._.js:2489
[  273954ms] [LOG] [Fast Refresh] done in 222ms @ http://localhost:3000/_next/static/chunks/node_modules_next_dist_1ybzpk2._.js:2489
[  273963ms] [ERROR] Failed to load resource: the server responded with a status of 404 (Not Found) @ http://localhost:3000/api/sprint-review:0
[  331381ms] [LOG] [Fast Refresh] rebuilding @ http://localhost:3000/_next/static/chunks/node_modules_next_dist_1ybzpk2._.js:2489
[  331470ms] [LOG] [Fast Refresh] done in 178ms @ http://localhost:3000/_next/static/chunks/node_modules_next_dist_1ybzpk2._.js:2489
[  331572ms] [LOG] [Fast Refresh] rebuilding @ http://localhost:3000/_next/static/chunks/node_modules_next_dist_1ybzpk2._.js:2489
[  331766ms] [LOG] [Fast Refresh] done in 295ms @ http://localhost:3000/_next/static/chunks/node_modules_next_dist_1ybzpk2._.js:2489
[  702918ms] [LOG] [Fast Refresh] rebuilding @ http://localhost:3000/_next/static/chunks/node_modules_next_dist_1ybzpk2._.js:2489
[  703042ms] [LOG] [Fast Refresh] done in 185ms @ http://localhost:3000/_next/static/chunks/node_modules_next_dist_1ybzpk2._.js:2489
[  703148ms] [LOG] [Fast Refresh] rebuilding @ http://localhost:3000/_next/static/chunks/node_modules_next_dist_1ybzpk2._.js:2489
[  703276ms] [LOG] [Fast Refresh] done in 234ms @ http://localhost:3000/_next/static/chunks/node_modules_next_dist_1ybzpk2._.js:2489
[  797041ms] [LOG] [Fast Refresh] rebuilding @ http://localhost:3000/_next/static/chunks/node_modules_next_dist_1ybzpk2._.js:2489
[  797099ms] [LOG] [Fast Refresh] done in 69ms @ http://localhost:3000/_next/static/chunks/node_modules_next_dist_1ybzpk2._.js:2489
[  842375ms] [LOG] [Fast Refresh] rebuilding @ http://localhost:3000/_next/static/chunks/node_modules_next_dist_1ybzpk2._.js:2489
[  842444ms] [LOG] [Fast Refresh] done in 126ms @ http://localhost:3000/_next/static/chunks/node_modules_next_dist_1ybzpk2._.js:2489
[  862843ms] [LOG] [Fast Refresh] rebuilding @ http://localhost:3000/_next/static/chunks/node_modules_next_dist_1ybzpk2._.js:2489
[  862901ms] [LOG] [Fast Refresh] done in 115ms @ http://localhost:3000/_next/static/chunks/node_modules_next_dist_1ybzpk2._.js:2489
[  886742ms] [LOG] [Fast Refresh] rebuilding @ http://localhost:3000/_next/static/chunks/node_modules_next_dist_1ybzpk2._.js:2489
[  886803ms] [LOG] [Fast Refresh] done in 84ms @ http://localhost:3000/_next/static/chunks/node_modules_next_dist_1ybzpk2._.js:2489
[  947145ms] [LOG] [Fast Refresh] rebuilding @ http://localhost:3000/_next/static/chunks/node_modules_next_dist_1ybzpk2._.js:2489
[  947209ms] [LOG] [Fast Refresh] done in 74ms @ http://localhost:3000/_next/static/chunks/node_modules_next_dist_1ybzpk2._.js:2489
[  970021ms] [LOG] [Fast Refresh] rebuilding @ http://localhost:3000/_next/static/chunks/node_modules_next_dist_1ybzpk2._.js:2489
[  970084ms] [LOG] [Fast Refresh] done in 76ms @ http://localhost:3000/_next/static/chunks/node_modules_next_dist_1ybzpk2._.js:2489
[ 1018198ms] [LOG] [Fast Refresh] rebuilding @ http://localhost:3000/_next/static/chunks/node_modules_next_dist_1ybzpk2._.js:2489
[ 1018231ms] [LOG] [Fast Refresh] done in 143ms @ http://localhost:3000/_next/static/chunks/node_modules_next_dist_1ybzpk2._.js:2489
[ 1051487ms] [LOG] [Fast Refresh] rebuilding @ http://localhost:3000/_next/static/chunks/node_modules_next_dist_1ybzpk2._.js:2489
[ 1051544ms] [LOG] [Fast Refresh] done in 62ms @ http://localhost:3000/_next/static/chunks/node_modules_next_dist_1ybzpk2._.js:2489
[ 1183519ms] [LOG] [Fast Refresh] rebuilding @ http://localhost:3000/_next/static/chunks/node_modules_next_dist_1ybzpk2._.js:2489
[ 1183748ms] [LOG] [Fast Refresh] done in 333ms @ http://localhost:3000/_next/static/chunks/node_modules_next_dist_1ybzpk2._.js:2489
[ 1183757ms] [ERROR] Failed to load resource: the server responded with a status of 404 (Not Found) @ http://localhost:3000/api/sprint-review:0
[ 1184937ms] [LOG] [Fast Refresh] rebuilding @ http://localhost:3000/_next/static/chunks/node_modules_next_dist_1ybzpk2._.js:2489
[ 1184978ms] [LOG] [Fast Refresh] done in 146ms @ http://localhost:3000/_next/static/chunks/node_modules_next_dist_1ybzpk2._.js:2489
[ 1184990ms] [ERROR] Failed to load resource: the server responded with a status of 404 (Not Found) @ http://localhost:3000/api/sprint-review:0
[ 1185562ms] [LOG] [Fast Refresh] rebuilding @ http://localhost:3000/_next/static/chunks/node_modules_next_dist_1ybzpk2._.js:2489
[ 1185612ms] [LOG] [Fast Refresh] done in 153ms @ http://localhost:3000/_next/static/chunks/node_modules_next_dist_1ybzpk2._.js:2489
[ 1185631ms] [ERROR] Failed to load resource: the server responded with a status of 404 (Not Found) @ http://localhost:3000/api/sprint-review:0
[ 1186235ms] [LOG] [Fast Refresh] rebuilding @ http://localhost:3000/_next/static/chunks/node_modules_next_dist_1ybzpk2._.js:2489
[ 1186302ms] [LOG] [Fast Refresh] done in 167ms @ http://localhost:3000/_next/static/chunks/node_modules_next_dist_1ybzpk2._.js:2489
[ 1186310ms] [ERROR] Failed to load resource: the server responded with a status of 404 (Not Found) @ http://localhost:3000/api/sprint-review:0
[ 1186707ms] [LOG] [Fast Refresh] rebuilding @ http://localhost:3000/_next/static/chunks/node_modules_next_dist_1ybzpk2._.js:2489
[ 1186772ms] [LOG] [Fast Refresh] done in 168ms @ http://localhost:3000/_next/static/chunks/node_modules_next_dist_1ybzpk2._.js:2489
[ 1186781ms] [ERROR] Failed to load resource: the server responded with a status of 404 (Not Found) @ http://localhost:3000/api/sprint-review:0
[ 1187562ms] [LOG] [Fast Refresh] rebuilding @ http://localhost:3000/_next/static/chunks/node_modules_next_dist_1ybzpk2._.js:2489
[ 1187588ms] [LOG] [Fast Refresh] done in 131ms @ http://localhost:3000/_next/static/chunks/node_modules_next_dist_1ybzpk2._.js:2489
[ 1187596ms] [ERROR] Failed to load resource: the server responded with a status of 404 (Not Found) @ http://localhost:3000/api/sprint-review:0
[ 1188192ms] [LOG] [Fast Refresh] rebuilding @ http://localhost:3000/_next/static/chunks/node_modules_next_dist_1ybzpk2._.js:2489
[ 1188206ms] [LOG] [Fast Refresh] done in 119ms @ http://localhost:3000/_next/static/chunks/node_modules_next_dist_1ybzpk2._.js:2489
[ 1188217ms] [ERROR] Failed to load resource: the server responded with a status of 404 (Not Found) @ http://localhost:3000/api/sprint-review:0
[ 1590196ms] [LOG] [Fast Refresh] rebuilding @ http://localhost:3000/_next/static/chunks/node_modules_next_dist_1ybzpk2._.js:2489
[ 1590304ms] [LOG] [Fast Refresh] done in 210ms @ http://localhost:3000/_next/static/chunks/node_modules_next_dist_1ybzpk2._.js:2489
[ 1605363ms] [LOG] [Fast Refresh] rebuilding @ http://localhost:3000/_next/static/chunks/node_modules_next_dist_1ybzpk2._.js:2489
[ 1605675ms] [LOG] [Fast Refresh] done in 278ms @ http://localhost:3000/_next/static/chunks/node_modules_next_dist_1ybzpk2._.js:2489
[ 1618588ms] [LOG] [Fast Refresh] rebuilding @ http://localhost:3000/_next/static/chunks/node_modules_next_dist_1ybzpk2._.js:2489
[ 1618693ms] [LOG] [Fast Refresh] done in 89ms @ http://localhost:3000/_next/static/chunks/node_modules_next_dist_1ybzpk2._.js:2489
[ 1636274ms] [LOG] [Fast Refresh] rebuilding @ http://localhost:3000/_next/static/chunks/node_modules_next_dist_1ybzpk2._.js:2489
[ 1636357ms] [LOG] [Fast Refresh] done in 187ms @ http://localhost:3000/_next/static/chunks/node_modules_next_dist_1ybzpk2._.js:2489
[ 1636484ms] [LOG] [Fast Refresh] rebuilding @ http://localhost:3000/_next/static/chunks/node_modules_next_dist_1ybzpk2._.js:2489
[ 1636608ms] [LOG] [Fast Refresh] done in 193ms @ http://localhost:3000/_next/static/chunks/node_modules_next_dist_1ybzpk2._.js:2489
[ 1636721ms] [LOG] [Fast Refresh] rebuilding @ http://localhost:3000/_next/static/chunks/node_modules_next_dist_1ybzpk2._.js:2489
[ 1636832ms] [LOG] [Fast Refresh] done in 218ms @ http://localhost:3000/_next/static/chunks/node_modules_next_dist_1ybzpk2._.js:2489
[ 1656022ms] [LOG] [Fast Refresh] rebuilding @ http://localhost:3000/_next/static/chunks/node_modules_next_dist_1ybzpk2._.js:2489
[ 1656092ms] [LOG] [Fast Refresh] done in 60ms @ http://localhost:3000/_next/static/chunks/node_modules_next_dist_1ybzpk2._.js:2489
[ 1679158ms] [LOG] [Fast Refresh] rebuilding @ http://localhost:3000/_next/static/chunks/node_modules_next_dist_1ybzpk2._.js:2489
[ 1679234ms] [LOG] [Fast Refresh] done in 49ms @ http://localhost:3000/_next/static/chunks/node_modules_next_dist_1ybzpk2._.js:2489
[ 1704618ms] [LOG] [Fast Refresh] rebuilding @ http://localhost:3000/_next/static/chunks/node_modules_next_dist_1ybzpk2._.js:2489
[ 1704683ms] [LOG] [Fast Refresh] done in 75ms @ http://localhost:3000/_next/static/chunks/node_modules_next_dist_1ybzpk2._.js:2489
[ 1715787ms] [LOG] [Fast Refresh] rebuilding @ http://localhost:3000/_next/static/chunks/node_modules_next_dist_1ybzpk2._.js:2489
[ 1715860ms] [LOG] [Fast Refresh] done in 56ms @ http://localhost:3000/_next/static/chunks/node_modules_next_dist_1ybzpk2._.js:2489
[ 1728726ms] [LOG] [Fast Refresh] rebuilding @ http://localhost:3000/_next/static/chunks/node_modules_next_dist_1ybzpk2._.js:2489
[ 1728792ms] [LOG] [Fast Refresh] done in 86ms @ http://localhost:3000/_next/static/chunks/node_modules_next_dist_1ybzpk2._.js:2489
[ 1741324ms] [LOG] [Fast Refresh] rebuilding @ http://localhost:3000/_next/static/chunks/node_modules_next_dist_1ybzpk2._.js:2489
[ 1741391ms] [LOG] [Fast Refresh] done in 36ms @ http://localhost:3000/_next/static/chunks/node_modules_next_dist_1ybzpk2._.js:2489
[ 1752568ms] [LOG] [Fast Refresh] rebuilding @ http://localhost:3000/_next/static/chunks/node_modules_next_dist_1ybzpk2._.js:2489
[ 1752660ms] [LOG] [Fast Refresh] done in 53ms @ http://localhost:3000/_next/static/chunks/node_modules_next_dist_1ybzpk2._.js:2489
[ 1780018ms] [LOG] [Fast Refresh] rebuilding @ http://localhost:3000/_next/static/chunks/node_modules_next_dist_1ybzpk2._.js:2489
[ 1780079ms] [LOG] [Fast Refresh] done in 61ms @ http://localhost:3000/_next/static/chunks/node_modules_next_dist_1ybzpk2._.js:2489
[ 1791894ms] [LOG] [Fast Refresh] rebuilding @ http://localhost:3000/_next/static/chunks/node_modules_next_dist_1ybzpk2._.js:2489
[ 1791950ms] [LOG] [Fast Refresh] done in 48ms @ http://localhost:3000/_next/static/chunks/node_modules_next_dist_1ybzpk2._.js:2489
[ 1803749ms] [LOG] [Fast Refresh] rebuilding @ http://localhost:3000/_next/static/chunks/node_modules_next_dist_1ybzpk2._.js:2489
[ 1803811ms] [LOG] [Fast Refresh] done in 55ms @ http://localhost:3000/_next/static/chunks/node_modules_next_dist_1ybzpk2._.js:2489
[ 1815346ms] [LOG] [Fast Refresh] rebuilding @ http://localhost:3000/_next/static/chunks/node_modules_next_dist_1ybzpk2._.js:2489
[ 1815421ms] [LOG] [Fast Refresh] done in 60ms @ http://localhost:3000/_next/static/chunks/node_modules_next_dist_1ybzpk2._.js:2489
[ 1827323ms] [LOG] [Fast Refresh] rebuilding @ http://localhost:3000/_next/static/chunks/node_modules_next_dist_1ybzpk2._.js:2489
[ 1827392ms] [LOG] [Fast Refresh] done in 53ms @ http://localhost:3000/_next/static/chunks/node_modules_next_dist_1ybzpk2._.js:2489
[ 2713713ms] [LOG] [HMR] connected @ http://localhost:3000/_next/static/chunks/node_modules_next_dist_1ybzpk2._.js:2489
[ 2715219ms] [ERROR] Failed to load resource: the server responded with a status of 500 (Internal Server Error) @ http://localhost:3000/:0
[ 2715500ms] [INFO] %cDownload the React DevTools for a better development experience: https://react.dev/link/react-devtools font-weight:bold @ http://localhost:3000/_next/static/chunks/node_modules_react-dom_0kla17-._.js:15305
[ 2715718ms] Error: ./app/globals.css
Error evaluating Node.js code
CssSyntaxError: tailwindcss: C:\Users\Lenovo\Desktop\线下黑客松\frontend\app\globals.css:1:1: Can't resolve 'tw-animate-css' in 'C:\Users\Lenovo\Desktop\线下黑客松\frontend\app'
    [at Input.error (turbopack:///[project]/node_modules/postcss/lib/input.js:135:16)]
    [at Root.error (turbopack:///[project]/node_modules/postcss/lib/node.js:166:32)]
    [at Object.Once (C:\Users\Lenovo\Desktop\线下黑客松\frontend\node_modules\@tailwindcss\postcss\dist\index.js:10:7013)]
    [at process.processTicksAndRejections (node:internal/process/task_queues:104:5)]
    [at async LazyResult.runAsync (turbopack:///[project]/node_modules/postcss/lib/lazy-result.js:299:11)]
    [at async transform (turbopack:///[turbopack-node]/transforms/postcss.ts:70:34)]
    [at async run (turbopack:///[turbopack-node]/child_process/evaluate.ts:89:23)]

Import trace:
  Client Component Browser:
    ./app/globals.css [Client Component Browser]
    ./app/layout.tsx [Server Component]


    at Object.getCompilationErrors (file://C:\Users\Lenovo\Desktop\线下黑客松\frontend\node_modules\next\dist\server\dev\hot-reloader-turbopack.js:1186:59)
    at DevBundlerService.getCompilationError (file://C:\Users\Lenovo\Desktop\线下黑客松\frontend\node_modules\next\dist\server\lib\dev-bundler-service.js:44:55)
    at DevServer.getCompilationError (file://C:\Users\Lenovo\Desktop\线下黑客松\frontend\node_modules\next\dist\server\dev\next-dev-server.js:720:42)
    at DevServer.findPageComponents (file://C:\Users\Lenovo\Desktop\线下黑客松\frontend\node_modules\next\dist\server\dev\next-dev-server.js:690:43)
    at async DevServer.renderErrorToResponseImpl (file://C:\Users\Lenovo\Desktop\线下黑客松\frontend\node_modules\next\dist\server\base-server.js:1753:26)
[ 2715718ms] [LOG] [HMR] connected @ http://localhost:3000/_next/static/chunks/node_modules_next_dist_20ud_8w._.js:1380
[ 2715743ms] [ERROR] ./app/globals.css
Error evaluating Node.js code
CssSyntaxError: tailwindcss: C:\Users\Lenovo\Desktop\线下黑客松\frontend\app\globals.css:1:1: Can't resolve 'tw-animate-css' in 'C:\Users\Lenovo\Desktop\线下黑客松\frontend\app'
    [at Input.error (turbopack:///[project]/node_modules/postcss/lib/input.js:135:16)]
    [at Root.error (turbopack:///[project]/node_modules/postcss/lib/node.js:166:32)]
    [at Object.Once (C:\Users\Lenovo\Desktop\线下黑客松\frontend\node_modules\@tailwindcss\postcss\dist\index.js:10:7013)]
    [at process.processTicksAndRejections (node:internal/process/task_queues:104:5)]
    [at async LazyResult.runAsync (turbopack:///[project]/node_modules/postcss/lib/lazy-result.js:299:11)]
    [at async transform (turbopack:///[turbopack-node]/transforms/postcss.ts:70:34)]
    [at async run (turbopack:///[turbopack-node]/child_process/evaluate.ts:89:23)]

Import trace:
  Client Component Browser:
    ./app/globals.css [Client Component Browser]
    ./app/layout.tsx [Server Component] @ http://localhost:3000/_next/static/chunks/node_modules_next_dist_20ud_8w._.js:2099
[ 2715745ms] [ERROR] ./components/ui/toast.tsx:4:1
Module not found: Can't resolve '@radix-ui/react-toast'
  2 |
  3 | import * as React from "react"
> 4 | import * as ToastPrimitives from "@radix-ui/react-toast"
    | ^^^^^^^^^^^^^^^^^^^^^^^^^^^^^^^^^^^^^^^^^^^^^^^^^^^^^^^^
  5 | import { cva, type VariantProps } from "class-variance-authority"
  6 | import { X } from "lucide-react"
  7 |

Import traces:
  Client Component Browser:
    ./components/ui/toast.tsx [Client Component Browser]
    ./components/ui/toaster.tsx [Client Component Browser]
    ./components/ui/toaster.tsx [Server Component]
    ./app/layout.tsx [Server Component]

  Client Component SSR:
    ./components/ui/toast.tsx [Client Component SSR]
    ./components/ui/toaster.tsx [Client Component SSR]
    ./components/ui/toaster.tsx [Server Component]
    ./app/layout.tsx [Server Component]

https://nextjs.org/docs/messages/module-not-found @ http://localhost:3000/_next/static/chunks/node_modules_next_dist_20ud_8w._.js:2099
[ 2715745ms] [ERROR] ./components/ui/toast.tsx:5:1
Module not found: Can't resolve 'class-variance-authority'
  3 | import * as React from "react"
  4 | import * as ToastPrimitives from "@radix-ui/react-toast"
> 5 | import { cva, type VariantProps } from "class-variance-authority"
    | ^^^^^^^^^^^^^^^^^^^^^^^^^^^^^^^^^^^^^^^^^^^^^^^^^^^^^^^^^^^^^^^^^
  6 | import { X } from "lucide-react"
  7 |
  8 | import { cn } from "@/lib/utils"

Import traces:
  Client Component Browser:
    ./components/ui/toast.tsx [Client Component Browser]
    ./components/ui/toaster.tsx [Client Component Browser]
    ./components/ui/toaster.tsx [Server Component]
    ./app/layout.tsx [Server Component]

  Client Component SSR:
    ./components/ui/toast.tsx [Client Component SSR]
    ./components/ui/toaster.tsx [Client Component SSR]
    ./components/ui/toaster.tsx [Server Component]
    ./app/layout.tsx [Server Component]

https://nextjs.org/docs/messages/module-not-found @ http://localhost:3000/_next/static/chunks/node_modules_next_dist_20ud_8w._.js:2099
[ 2715746ms] [ERROR] ./lib/utils.ts:1:1
Module not found: Can't resolve 'clsx'
> 1 | import { type ClassValue, clsx } from "clsx"
    | ^^^^^^^^^^^^^^^^^^^^^^^^^^^^^^^^^^^^^^^^^^^^
  2 | import { twMerge } from "tailwind-merge"
  3 |
  4 | export function cn(...inputs: ClassValue[]) {

Import traces:
  Client Component Browser:
    ./lib/utils.ts [Client Component Browser]
    ./components/ui/toast.tsx [Client Component Browser]
    ./components/ui/toaster.tsx [Client Component Browser]
    ./components/ui/toaster.tsx [Server Component]
    ./app/layout.tsx [Server Component]

  Client Component SSR:
    ./lib/utils.ts [Client Component SSR]
    ./components/ui/toast.tsx [Client Component SSR]
    ./components/ui/toaster.tsx [Client Component SSR]
    ./components/ui/toaster.tsx [Server Component]
    ./app/layout.tsx [Server Component]

https://nextjs.org/docs/messages/module-not-found @ http://localhost:3000/_next/static/chunks/node_modules_next_dist_20ud_8w._.js:2099
[ 2715746ms] [ERROR] ./app/page.tsx:2:1
Module not found: Can't resolve 'lucide-react'
  1 | import Link from "next/link"
> 2 | import { ArrowRight, FileText, GitPullRequest, Share2 } from "lucide-react"
    | ^^^^^^^^^^^^^^^^^^^^^^^^^^^^^^^^^^^^^^^^^^^^^^^^^^^^^^^^^^^^^^^^^^^^^^^^^^^
  3 |
  4 | const chain = [
  5 |   {

https://nextjs.org/docs/messages/module-not-found @ http://localhost:3000/_next/static/chunks/node_modules_next_dist_20ud_8w._.js:2099
[ 2715746ms] [ERROR] ./components/ui/toast.tsx:6:1
Module not found: Can't resolve 'lucide-react'
  4 | import * as ToastPrimitives from "@radix-ui/react-toast"
  5 | import { cva, type VariantProps } from "class-variance-authority"
> 6 | import { X } from "lucide-react"
    | ^^^^^^^^^^^^^^^^^^^^^^^^^^^^^^^^
  7 |
  8 | import { cn } from "@/lib/utils"
  9 |

Import traces:
  Client Component Browser:
    ./components/ui/toast.tsx [Client Component Browser]
    ./components/ui/toaster.tsx [Client Component Browser]
    ./components/ui/toaster.tsx [Server Component]
    ./app/layout.tsx [Server Component]

  Client Component SSR:
    ./components/ui/toast.tsx [Client Component SSR]
    ./components/ui/toaster.tsx [Client Component SSR]
    ./components/ui/toaster.tsx [Server Component]
    ./app/layout.tsx [Server Component]

https://nextjs.org/docs/messages/module-not-found @ http://localhost:3000/_next/static/chunks/node_modules_next_dist_20ud_8w._.js:2099
[ 2715747ms] [ERROR] ./lib/utils.ts:2:1
Module not found: Can't resolve 'tailwind-merge'
  1 | import { type ClassValue, clsx } from "clsx"
> 2 | import { twMerge } from "tailwind-merge"
    | ^^^^^^^^^^^^^^^^^^^^^^^^^^^^^^^^^^^^^^^^
  3 |
  4 | export function cn(...inputs: ClassValue[]) {
  5 |   return twMerge(clsx(inputs))

Import traces:
  Client Component Browser:
    ./lib/utils.ts [Client Component Browser]
    ./components/ui/toast.tsx [Client Component Browser]
    ./components/ui/toaster.tsx [Client Component Browser]
    ./components/ui/toaster.tsx [Server Component]
    ./app/layout.tsx [Server Component]

  Client Component SSR:
    ./lib/utils.ts [Client Component SSR]
    ./components/ui/toast.tsx [Client Component SSR]
    ./components/ui/toaster.tsx [Client Component SSR]
    ./components/ui/toaster.tsx [Server Component]
    ./app/layout.tsx [Server Component]

https://nextjs.org/docs/messages/module-not-found @ http://localhost:3000/_next/static/chunks/node_modules_next_dist_20ud_8w._.js:2099
[ 2715811ms] [ERROR] ./app/globals.css
Error evaluating Node.js code
CssSyntaxError: tailwindcss: C:\Users\Lenovo\Desktop\线下黑客松\frontend\app\globals.css:1:1: Can't resolve 'tw-animate-css' in 'C:\Users\Lenovo\Desktop\线下黑客松\frontend\app'
    [at Input.error (turbopack:///[project]/node_modules/postcss/lib/input.js:135:16)]
    [at Root.error (turbopack:///[project]/node_modules/postcss/lib/node.js:166:32)]
    [at Object.Once (C:\Users\Lenovo\Desktop\线下黑客松\frontend\node_modules\@tailwindcss\postcss\dist\index.js:10:7013)]
    [at process.processTicksAndRejections (node:internal/process/task_queues:104:5)]
    [at async LazyResult.runAsync (turbopack:///[project]/node_modules/postcss/lib/lazy-result.js:299:11)]
    [at async transform (turbopack:///[turbopack-node]/transforms/postcss.ts:70:34)]
    [at async run (turbopack:///[turbopack-node]/child_process/evaluate.ts:89:23)]

Import trace:
  Client Component Browser:
    ./app/globals.css [Client Component Browser]
    ./app/layout.tsx [Server Component] @ http://localhost:3000/_next/static/chunks/node_modules_next_dist_20ud_8w._.js:2099
[ 2715812ms] [ERROR] ./components/ui/toast.tsx:4:1
Module not found: Can't resolve '@radix-ui/react-toast'
  2 |
  3 | import * as React from "react"
> 4 | import * as ToastPrimitives from "@radix-ui/react-toast"
    | ^^^^^^^^^^^^^^^^^^^^^^^^^^^^^^^^^^^^^^^^^^^^^^^^^^^^^^^^
  5 | import { cva, type VariantProps } from "class-variance-authority"
  6 | import { X } from "lucide-react"
  7 |

Import traces:
  Client Component Browser:
    ./components/ui/toast.tsx [Client Component Browser]
    ./components/ui/toaster.tsx [Client Component Browser]
    ./components/ui/toaster.tsx [Server Component]
    ./app/layout.tsx [Server Component]

  Client Component SSR:
    ./components/ui/toast.tsx [Client Component SSR]
    ./components/ui/toaster.tsx [Client Component SSR]
    ./components/ui/toaster.tsx [Server Component]
    ./app/layout.tsx [Server Component]

https://nextjs.org/docs/messages/module-not-found @ http://localhost:3000/_next/static/chunks/node_modules_next_dist_20ud_8w._.js:2099
[ 2715812ms] [ERROR] ./components/ui/toast.tsx:5:1
Module not found: Can't resolve 'class-variance-authority'
  3 | import * as React from "react"
  4 | import * as ToastPrimitives from "@radix-ui/react-toast"
> 5 | import { cva, type VariantProps } from "class-variance-authority"
    | ^^^^^^^^^^^^^^^^^^^^^^^^^^^^^^^^^^^^^^^^^^^^^^^^^^^^^^^^^^^^^^^^^
  6 | import { X } from "lucide-react"
  7 |
  8 | import { cn } from "@/lib/utils"

Import traces:
  Client Component Browser:
    ./components/ui/toast.tsx [Client Component Browser]
    ./components/ui/toaster.tsx [Client Component Browser]
    ./components/ui/toaster.tsx [Server Component]
    ./app/layout.tsx [Server Component]

  Client Component SSR:
    ./components/ui/toast.tsx [Client Component SSR]
    ./components/ui/toaster.tsx [Client Component SSR]
    ./components/ui/toaster.tsx [Server Component]
    ./app/layout.tsx [Server Component]

https://nextjs.org/docs/messages/module-not-found @ http://localhost:3000/_next/static/chunks/node_modules_next_dist_20ud_8w._.js:2099
[ 2715812ms] [ERROR] ./lib/utils.ts:1:1
Module not found: Can't resolve 'clsx'
> 1 | import { type ClassValue, clsx } from "clsx"
    | ^^^^^^^^^^^^^^^^^^^^^^^^^^^^^^^^^^^^^^^^^^^^
  2 | import { twMerge } from "tailwind-merge"
  3 |
  4 | export function cn(...inputs: ClassValue[]) {

Import traces:
  Client Component Browser:
    ./lib/utils.ts [Client Component Browser]
    ./components/ui/toast.tsx [Client Component Browser]
    ./components/ui/toaster.tsx [Client Component Browser]
    ./components/ui/toaster.tsx [Server Component]
    ./app/layout.tsx [Server Component]

  Client Component SSR:
    ./lib/utils.ts [Client Component SSR]
    ./components/ui/toast.tsx [Client Component SSR]
    ./components/ui/toaster.tsx [Client Component SSR]
    ./components/ui/toaster.tsx [Server Component]
    ./app/layout.tsx [Server Component]

https://nextjs.org/docs/messages/module-not-found @ http://localhost:3000/_next/static/chunks/node_modules_next_dist_20ud_8w._.js:2099
[ 2715812ms] [ERROR] ./app/page.tsx:2:1
Module not found: Can't resolve 'lucide-react'
  1 | import Link from "next/link"
> 2 | import { ArrowRight, FileText, GitPullRequest, Share2 } from "lucide-react"
    | ^^^^^^^^^^^^^^^^^^^^^^^^^^^^^^^^^^^^^^^^^^^^^^^^^^^^^^^^^^^^^^^^^^^^^^^^^^^
  3 |
  4 | const chain = [
  5 |   {

https://nextjs.org/docs/messages/module-not-found @ http://localhost:3000/_next/static/chunks/node_modules_next_dist_20ud_8w._.js:2099
[ 2715812ms] [ERROR] ./components/ui/toast.tsx:6:1
Module not found: Can't resolve 'lucide-react'
  4 | import * as ToastPrimitives from "@radix-ui/react-toast"
  5 | import { cva, type VariantProps } from "class-variance-authority"
> 6 | import { X } from "lucide-react"
    | ^^^^^^^^^^^^^^^^^^^^^^^^^^^^^^^^
  7 |
  8 | import { cn } from "@/lib/utils"
  9 |

Import traces:
  Client Component Browser:
    ./components/ui/toast.tsx [Client Component Browser]
    ./components/ui/toaster.tsx [Client Component Browser]
    ./components/ui/toaster.tsx [Server Component]
    ./app/layout.tsx [Server Component]

  Client Component SSR:
    ./components/ui/toast.tsx [Client Component SSR]
    ./components/ui/toaster.tsx [Client Component SSR]
    ./components/ui/toaster.tsx [Server Component]
    ./app/layout.tsx [Server Component]

https://nextjs.org/docs/messages/module-not-found @ http://localhost:3000/_next/static/chunks/node_modules_next_dist_20ud_8w._.js:2099
[ 2715812ms] [ERROR] ./lib/utils.ts:2:1
Module not found: Can't resolve 'tailwind-merge'
  1 | import { type ClassValue, clsx } from "clsx"
> 2 | import { twMerge } from "tailwind-merge"
    | ^^^^^^^^^^^^^^^^^^^^^^^^^^^^^^^^^^^^^^^^
  3 |
  4 | export function cn(...inputs: ClassValue[]) {
  5 |   return twMerge(clsx(inputs))

Import traces:
  Client Component Browser:
    ./lib/utils.ts [Client Component Browser]
    ./components/ui/toast.tsx [Client Component Browser]
    ./components/ui/toaster.tsx [Client Component Browser]
    ./components/ui/toaster.tsx [Server Component]
    ./app/layout.tsx [Server Component]

  Client Component SSR:
    ./lib/utils.ts [Client Component SSR]
    ./components/ui/toast.tsx [Client Component SSR]
    ./components/ui/toaster.tsx [Client Component SSR]
    ./components/ui/toaster.tsx [Server Component]
    ./app/layout.tsx [Server Component]

https://nextjs.org/docs/messages/module-not-found @ http://localhost:3000/_next/static/chunks/node_modules_next_dist_20ud_8w._.js:2099
[ 2715962ms] [LOG] [Fast Refresh] rebuilding @ http://localhost:3000/_next/static/chunks/node_modules_next_dist_20ud_8w._.js:1380
[ 2715966ms] [ERROR] ./app/globals.css
Error evaluating Node.js code
CssSyntaxError: tailwindcss: C:\Users\Lenovo\Desktop\线下黑客松\frontend\app\globals.css:1:1: Can't resolve 'tw-animate-css' in 'C:\Users\Lenovo\Desktop\线下黑客松\frontend\app'
    [at Input.error (turbopack:///[project]/node_modules/postcss/lib/input.js:135:16)]
    [at Root.error (turbopack:///[project]/node_modules/postcss/lib/node.js:166:32)]
    [at Object.Once (C:\Users\Lenovo\Desktop\线下黑客松\frontend\node_modules\@tailwindcss\postcss\dist\index.js:10:7013)]
    [at process.processTicksAndRejections (node:internal/process/task_queues:104:5)]
    [at async LazyResult.runAsync (turbopack:///[project]/node_modules/postcss/lib/lazy-result.js:299:11)]
    [at async transform (turbopack:///[turbopack-node]/transforms/postcss.ts:70:34)]
    [at async run (turbopack:///[turbopack-node]/child_process/evaluate.ts:89:23)]

Import trace:
  Client Component Browser:
    ./app/globals.css [Client Component Browser]
    ./app/layout.tsx [Server Component] @ http://localhost:3000/_next/static/chunks/node_modules_next_dist_20ud_8w._.js:2099
[ 2715966ms] [ERROR] ./components/ui/toast.tsx:4:1
Module not found: Can't resolve '@radix-ui/react-toast'
  2 |
  3 | import * as React from "react"
> 4 | import * as ToastPrimitives from "@radix-ui/react-toast"
    | ^^^^^^^^^^^^^^^^^^^^^^^^^^^^^^^^^^^^^^^^^^^^^^^^^^^^^^^^
  5 | import { cva, type VariantProps } from "class-variance-authority"
  6 | import { X } from "lucide-react"
  7 |

Import traces:
  Client Component Browser:
    ./components/ui/toast.tsx [Client Component Browser]
    ./components/ui/toaster.tsx [Client Component Browser]
    ./components/ui/toaster.tsx [Server Component]
    ./app/layout.tsx [Server Component]

  Client Component SSR:
    ./components/ui/toast.tsx [Client Component SSR]
    ./components/ui/toaster.tsx [Client Component SSR]
    ./components/ui/toaster.tsx [Server Component]
    ./app/layout.tsx [Server Component]

https://nextjs.org/docs/messages/module-not-found @ http://localhost:3000/_next/static/chunks/node_modules_next_dist_20ud_8w._.js:2099
[ 2715967ms] [ERROR] ./components/ui/toast.tsx:5:1
Module not found: Can't resolve 'class-variance-authority'
  3 | import * as React from "react"
  4 | import * as ToastPrimitives from "@radix-ui/react-toast"
> 5 | import { cva, type VariantProps } from "class-variance-authority"
    | ^^^^^^^^^^^^^^^^^^^^^^^^^^^^^^^^^^^^^^^^^^^^^^^^^^^^^^^^^^^^^^^^^
  6 | import { X } from "lucide-react"
  7 |
  8 | import { cn } from "@/lib/utils"

Import traces:
  Client Component Browser:
    ./components/ui/toast.tsx [Client Component Browser]
    ./components/ui/toaster.tsx [Client Component Browser]
    ./components/ui/toaster.tsx [Server Component]
    ./app/layout.tsx [Server Component]

  Client Component SSR:
    ./components/ui/toast.tsx [Client Component SSR]
    ./components/ui/toaster.tsx [Client Component SSR]
    ./components/ui/toaster.tsx [Server Component]
    ./app/layout.tsx [Server Component]

https://nextjs.org/docs/messages/module-not-found @ http://localhost:3000/_next/static/chunks/node_modules_next_dist_20ud_8w._.js:2099
[ 2715967ms] [ERROR] ./lib/utils.ts:1:1
Module not found: Can't resolve 'clsx'
> 1 | import { type ClassValue, clsx } from "clsx"
    | ^^^^^^^^^^^^^^^^^^^^^^^^^^^^^^^^^^^^^^^^^^^^
  2 | import { twMerge } from "tailwind-merge"
  3 |
  4 | export function cn(...inputs: ClassValue[]) {

Import traces:
  Client Component Browser:
    ./lib/utils.ts [Client Component Browser]
    ./components/ui/toast.tsx [Client Component Browser]
    ./components/ui/toaster.tsx [Client Component Browser]
    ./components/ui/toaster.tsx [Server Component]
    ./app/layout.tsx [Server Component]

  Client Component SSR:
    ./lib/utils.ts [Client Component SSR]
    ./components/ui/toast.tsx [Client Component SSR]
    ./components/ui/toaster.tsx [Client Component SSR]
    ./components/ui/toaster.tsx [Server Component]
    ./app/layout.tsx [Server Component]

https://nextjs.org/docs/messages/module-not-found @ http://localhost:3000/_next/static/chunks/node_modules_next_dist_20ud_8w._.js:2099
[ 2715967ms] [ERROR] ./app/page.tsx:2:1
Module not found: Can't resolve 'lucide-react'
  1 | import Link from "next/link"
> 2 | import { ArrowRight, FileText, GitPullRequest, Share2 } from "lucide-react"
    | ^^^^^^^^^^^^^^^^^^^^^^^^^^^^^^^^^^^^^^^^^^^^^^^^^^^^^^^^^^^^^^^^^^^^^^^^^^^
  3 |
  4 | const chain = [
  5 |   {

https://nextjs.org/docs/messages/module-not-found @ http://localhost:3000/_next/static/chunks/node_modules_next_dist_20ud_8w._.js:2099
[ 2715968ms] [ERROR] ./components/ui/toast.tsx:6:1
Module not found: Can't resolve 'lucide-react'
  4 | import * as ToastPrimitives from "@radix-ui/react-toast"
  5 | import { cva, type VariantProps } from "class-variance-authority"
> 6 | import { X } from "lucide-react"
    | ^^^^^^^^^^^^^^^^^^^^^^^^^^^^^^^^
  7 |
  8 | import { cn } from "@/lib/utils"
  9 |

Import traces:
  Client Component Browser:
    ./components/ui/toast.tsx [Client Component Browser]
    ./components/ui/toaster.tsx [Client Component Browser]
    ./components/ui/toaster.tsx [Server Component]
    ./app/layout.tsx [Server Component]

  Client Component SSR:
    ./components/ui/toast.tsx [Client Component SSR]
    ./components/ui/toaster.tsx [Client Component SSR]
    ./components/ui/toaster.tsx [Server Component]
    ./app/layout.tsx [Server Component]

https://nextjs.org/docs/messages/module-not-found @ http://localhost:3000/_next/static/chunks/node_modules_next_dist_20ud_8w._.js:2099
[ 2715968ms] [ERROR] ./lib/utils.ts:2:1
Module not found: Can't resolve 'tailwind-merge'
  1 | import { type ClassValue, clsx } from "clsx"
> 2 | import { twMerge } from "tailwind-merge"
    | ^^^^^^^^^^^^^^^^^^^^^^^^^^^^^^^^^^^^^^^^
  3 |
  4 | export function cn(...inputs: ClassValue[]) {
  5 |   return twMerge(clsx(inputs))

Import traces:
  Client Component Browser:
    ./lib/utils.ts [Client Component Browser]
    ./components/ui/toast.tsx [Client Component Browser]
    ./components/ui/toaster.tsx [Client Component Browser]
    ./components/ui/toaster.tsx [Server Component]
    ./app/layout.tsx [Server Component]

  Client Component SSR:
    ./lib/utils.ts [Client Component SSR]
    ./components/ui/toast.tsx [Client Component SSR]
    ./components/ui/toaster.tsx [Client Component SSR]
    ./components/ui/toaster.tsx [Server Component]
    ./app/layout.tsx [Server Component]

https://nextjs.org/docs/messages/module-not-found @ http://localhost:3000/_next/static/chunks/node_modules_next_dist_20ud_8w._.js:2099
[ 2716093ms] [ERROR] ./app/globals.css
Error evaluating Node.js code
CssSyntaxError: tailwindcss: C:\Users\Lenovo\Desktop\线下黑客松\frontend\app\globals.css:1:1: Can't resolve 'tw-animate-css' in 'C:\Users\Lenovo\Desktop\线下黑客松\frontend\app'
    [at Input.error (turbopack:///[project]/node_modules/postcss/lib/input.js:135:16)]
    [at Root.error (turbopack:///[project]/node_modules/postcss/lib/node.js:166:32)]
    [at Object.Once (C:\Users\Lenovo\Desktop\线下黑客松\frontend\node_modules\@tailwindcss\postcss\dist\index.js:10:7013)]
    [at process.processTicksAndRejections (node:internal/process/task_queues:104:5)]
    [at async LazyResult.runAsync (turbopack:///[project]/node_modules/postcss/lib/lazy-result.js:299:11)]
    [at async transform (turbopack:///[turbopack-node]/transforms/postcss.ts:70:34)]
    [at async run (turbopack:///[turbopack-node]/child_process/evaluate.ts:89:23)]

Import trace:
  Client Component Browser:
    ./app/globals.css [Client Component Browser]
    ./app/layout.tsx [Server Component] @ http://localhost:3000/_next/static/chunks/node_modules_next_dist_20ud_8w._.js:2099
[ 2716093ms] [ERROR] ./components/ui/toast.tsx:4:1
Module not found: Can't resolve '@radix-ui/react-toast'
  2 |
  3 | import * as React from "react"
> 4 | import * as ToastPrimitives from "@radix-ui/react-toast"
    | ^^^^^^^^^^^^^^^^^^^^^^^^^^^^^^^^^^^^^^^^^^^^^^^^^^^^^^^^
  5 | import { cva, type VariantProps } from "class-variance-authority"
  6 | import { X } from "lucide-react"
  7 |

Import traces:
  Client Component Browser:
    ./components/ui/toast.tsx [Client Component Browser]
    ./components/ui/toaster.tsx [Client Component Browser]
    ./components/ui/toaster.tsx [Server Component]
    ./app/layout.tsx [Server Component]

  Client Component SSR:
    ./components/ui/toast.tsx [Client Component SSR]
    ./components/ui/toaster.tsx [Client Component SSR]
    ./components/ui/toaster.tsx [Server Component]
    ./app/layout.tsx [Server Component]

https://nextjs.org/docs/messages/module-not-found @ http://localhost:3000/_next/static/chunks/node_modules_next_dist_20ud_8w._.js:2099
[ 2716093ms] [ERROR] ./components/ui/toast.tsx:5:1
Module not found: Can't resolve 'class-variance-authority'
  3 | import * as React from "react"
  4 | import * as ToastPrimitives from "@radix-ui/react-toast"
> 5 | import { cva, type VariantProps } from "class-variance-authority"
    | ^^^^^^^^^^^^^^^^^^^^^^^^^^^^^^^^^^^^^^^^^^^^^^^^^^^^^^^^^^^^^^^^^
  6 | import { X } from "lucide-react"
  7 |
  8 | import { cn } from "@/lib/utils"

Import traces:
  Client Component Browser:
    ./components/ui/toast.tsx [Client Component Browser]
    ./components/ui/toaster.tsx [Client Component Browser]
    ./components/ui/toaster.tsx [Server Component]
    ./app/layout.tsx [Server Component]

  Client Component SSR:
    ./components/ui/toast.tsx [Client Component SSR]
    ./components/ui/toaster.tsx [Client Component SSR]
    ./components/ui/toaster.tsx [Server Component]
    ./app/layout.tsx [Server Component]

https://nextjs.org/docs/messages/module-not-found @ http://localhost:3000/_next/static/chunks/node_modules_next_dist_20ud_8w._.js:2099
[ 2716093ms] [ERROR] ./lib/utils.ts:1:1
Module not found: Can't resolve 'clsx'
> 1 | import { type ClassValue, clsx } from "clsx"
    | ^^^^^^^^^^^^^^^^^^^^^^^^^^^^^^^^^^^^^^^^^^^^
  2 | import { twMerge } from "tailwind-merge"
  3 |
  4 | export function cn(...inputs: ClassValue[]) {

Import traces:
  Client Component Browser:
    ./lib/utils.ts [Client Component Browser]
    ./components/ui/toast.tsx [Client Component Browser]
    ./components/ui/toaster.tsx [Client Component Browser]
    ./components/ui/toaster.tsx [Server Component]
    ./app/layout.tsx [Server Component]

  Client Component SSR:
    ./lib/utils.ts [Client Component SSR]
    ./components/ui/toast.tsx [Client Component SSR]
    ./components/ui/toaster.tsx [Client Component SSR]
    ./components/ui/toaster.tsx [Server Component]
    ./app/layout.tsx [Server Component]

https://nextjs.org/docs/messages/module-not-found @ http://localhost:3000/_next/static/chunks/node_modules_next_dist_20ud_8w._.js:2099
[ 2716093ms] [ERROR] ./app/page.tsx:2:1
Module not found: Can't resolve 'lucide-react'
  1 | import Link from "next/link"
> 2 | import { ArrowRight, FileText, GitPullRequest, Share2 } from "lucide-react"
    | ^^^^^^^^^^^^^^^^^^^^^^^^^^^^^^^^^^^^^^^^^^^^^^^^^^^^^^^^^^^^^^^^^^^^^^^^^^^
  3 |
  4 | const chain = [
  5 |   {

https://nextjs.org/docs/messages/module-not-found @ http://localhost:3000/_next/static/chunks/node_modules_next_dist_20ud_8w._.js:2099
[ 2716093ms] [ERROR] ./components/ui/toast.tsx:6:1
Module not found: Can't resolve 'lucide-react'
  4 | import * as ToastPrimitives from "@radix-ui/react-toast"
  5 | import { cva, type VariantProps } from "class-variance-authority"
> 6 | import { X } from "lucide-react"
    | ^^^^^^^^^^^^^^^^^^^^^^^^^^^^^^^^
  7 |
  8 | import { cn } from "@/lib/utils"
  9 |

Import traces:
  Client Component Browser:
    ./components/ui/toast.tsx [Client Component Browser]
    ./components/ui/toaster.tsx [Client Component Browser]
    ./components/ui/toaster.tsx [Server Component]
    ./app/layout.tsx [Server Component]

  Client Component SSR:
    ./components/ui/toast.tsx [Client Component SSR]
    ./components/ui/toaster.tsx [Client Component SSR]
    ./components/ui/toaster.tsx [Server Component]
    ./app/layout.tsx [Server Component]

https://nextjs.org/docs/messages/module-not-found @ http://localhost:3000/_next/static/chunks/node_modules_next_dist_20ud_8w._.js:2099
[ 2716093ms] [ERROR] ./lib/utils.ts:2:1
Module not found: Can't resolve 'tailwind-merge'
  1 | import { type ClassValue, clsx } from "clsx"
> 2 | import { twMerge } from "tailwind-merge"
    | ^^^^^^^^^^^^^^^^^^^^^^^^^^^^^^^^^^^^^^^^
  3 |
  4 | export function cn(...inputs: ClassValue[]) {
  5 |   return twMerge(clsx(inputs))

Import traces:
  Client Component Browser:
    ./lib/utils.ts [Client Component Browser]
    ./components/ui/toast.tsx [Client Component Browser]
    ./components/ui/toaster.tsx [Client Component Browser]
    ./components/ui/toaster.tsx [Server Component]
    ./app/layout.tsx [Server Component]

  Client Component SSR:
    ./lib/utils.ts [Client Component SSR]
    ./components/ui/toast.tsx [Client Component SSR]
    ./components/ui/toaster.tsx [Client Component SSR]
    ./components/ui/toaster.tsx [Server Component]
    ./app/layout.tsx [Server Component]

https://nextjs.org/docs/messages/module-not-found @ http://localhost:3000/_next/static/chunks/node_modules_next_dist_20ud_8w._.js:2099
[ 2716168ms] [LOG] [Fast Refresh] rebuilding @ http://localhost:3000/_next/static/chunks/node_modules_next_dist_20ud_8w._.js:1380
[ 2716582ms] [ERROR] ./app/globals.css
Error evaluating Node.js code
CssSyntaxError: tailwindcss: C:\Users\Lenovo\Desktop\线下黑客松\frontend\app\globals.css:1:1: Can't resolve 'tw-animate-css' in 'C:\Users\Lenovo\Desktop\线下黑客松\frontend\app'
    [at Input.error (turbopack:///[project]/node_modules/postcss/lib/input.js:135:16)]
    [at Root.error (turbopack:///[project]/node_modules/postcss/lib/node.js:166:32)]
    [at Object.Once (C:\Users\Lenovo\Desktop\线下黑客松\frontend\node_modules\@tailwindcss\postcss\dist\index.js:10:7013)]
    [at process.processTicksAndRejections (node:internal/process/task_queues:104:5)]
    [at async LazyResult.runAsync (turbopack:///[project]/node_modules/postcss/lib/lazy-result.js:299:11)]
    [at async transform (turbopack:///[turbopack-node]/transforms/postcss.ts:70:34)]
    [at async run (turbopack:///[turbopack-node]/child_process/evaluate.ts:89:23)]

Import trace:
  Client Component Browser:
    ./app/globals.css [Client Component Browser]
    ./app/layout.tsx [Server Component] @ http://localhost:3000/_next/static/chunks/node_modules_next_dist_20ud_8w._.js:2099
[ 2716582ms] [ERROR] ./components/ui/toast.tsx:4:1
Module not found: Can't resolve '@radix-ui/react-toast'
  2 |
  3 | import * as React from "react"
> 4 | import * as ToastPrimitives from "@radix-ui/react-toast"
    | ^^^^^^^^^^^^^^^^^^^^^^^^^^^^^^^^^^^^^^^^^^^^^^^^^^^^^^^^
  5 | import { cva, type VariantProps } from "class-variance-authority"
  6 | import { X } from "lucide-react"
  7 |

Import traces:
  Client Component Browser:
    ./components/ui/toast.tsx [Client Component Browser]
    ./components/ui/toaster.tsx [Client Component Browser]
    ./components/ui/toaster.tsx [Server Component]
    ./app/layout.tsx [Server Component]

  Client Component SSR:
    ./components/ui/toast.tsx [Client Component SSR]
    ./components/ui/toaster.tsx [Client Component SSR]
    ./components/ui/toaster.tsx [Server Component]
    ./app/layout.tsx [Server Component]

https://nextjs.org/docs/messages/module-not-found @ http://localhost:3000/_next/static/chunks/node_modules_next_dist_20ud_8w._.js:2099
[ 2716582ms] [ERROR] ./components/ui/toast.tsx:5:1
Module not found: Can't resolve 'class-variance-authority'
  3 | import * as React from "react"
  4 | import * as ToastPrimitives from "@radix-ui/react-toast"
> 5 | import { cva, type VariantProps } from "class-variance-authority"
    | ^^^^^^^^^^^^^^^^^^^^^^^^^^^^^^^^^^^^^^^^^^^^^^^^^^^^^^^^^^^^^^^^^
  6 | import { X } from "lucide-react"
  7 |
  8 | import { cn } from "@/lib/utils"

Import traces:
  Client Component Browser:
    ./components/ui/toast.tsx [Client Component Browser]
    ./components/ui/toaster.tsx [Client Component Browser]
    ./components/ui/toaster.tsx [Server Component]
    ./app/layout.tsx [Server Component]

  Client Component SSR:
    ./components/ui/toast.tsx [Client Component SSR]
    ./components/ui/toaster.tsx [Client Component SSR]
    ./components/ui/toaster.tsx [Server Component]
    ./app/layout.tsx [Server Component]

https://nextjs.org/docs/messages/module-not-found @ http://localhost:3000/_next/static/chunks/node_modules_next_dist_20ud_8w._.js:2099
[ 2716582ms] [ERROR] ./lib/utils.ts:1:1
Module not found: Can't resolve 'clsx'
> 1 | import { type ClassValue, clsx } from "clsx"
    | ^^^^^^^^^^^^^^^^^^^^^^^^^^^^^^^^^^^^^^^^^^^^
  2 | import { twMerge } from "tailwind-merge"
  3 |
  4 | export function cn(...inputs: ClassValue[]) {

Import traces:
  Client Component Browser:
    ./lib/utils.ts [Client Component Browser]
    ./components/ui/toast.tsx [Client Component Browser]
    ./components/ui/toaster.tsx [Client Component Browser]
    ./components/ui/toaster.tsx [Server Component]
    ./app/layout.tsx [Server Component]

  Client Component SSR:
    ./lib/utils.ts [Client Component SSR]
    ./components/ui/toast.tsx [Client Component SSR]
    ./components/ui/toaster.tsx [Client Component SSR]
    ./components/ui/toaster.tsx [Server Component]
    ./app/layout.tsx [Server Component]

https://nextjs.org/docs/messages/module-not-found @ http://localhost:3000/_next/static/chunks/node_modules_next_dist_20ud_8w._.js:2099
[ 2716583ms] [ERROR] ./app/page.tsx:2:1
Module not found: Can't resolve 'lucide-react'
  1 | import Link from "next/link"
> 2 | import { ArrowRight, FileText, GitPullRequest, Share2 } from "lucide-react"
    | ^^^^^^^^^^^^^^^^^^^^^^^^^^^^^^^^^^^^^^^^^^^^^^^^^^^^^^^^^^^^^^^^^^^^^^^^^^^
  3 |
  4 | const chain = [
  5 |   {

https://nextjs.org/docs/messages/module-not-found @ http://localhost:3000/_next/static/chunks/node_modules_next_dist_20ud_8w._.js:2099
[ 2716583ms] [ERROR] ./components/ui/toast.tsx:6:1
Module not found: Can't resolve 'lucide-react'
  4 | import * as ToastPrimitives from "@radix-ui/react-toast"
  5 | import { cva, type VariantProps } from "class-variance-authority"
> 6 | import { X } from "lucide-react"
    | ^^^^^^^^^^^^^^^^^^^^^^^^^^^^^^^^
  7 |
  8 | import { cn } from "@/lib/utils"
  9 |

Import traces:
  Client Component Browser:
    ./components/ui/toast.tsx [Client Component Browser]
    ./components/ui/toaster.tsx [Client Component Browser]
    ./components/ui/toaster.tsx [Server Component]
    ./app/layout.tsx [Server Component]

  Client Component SSR:
    ./components/ui/toast.tsx [Client Component SSR]
    ./components/ui/toaster.tsx [Client Component SSR]
    ./components/ui/toaster.tsx [Server Component]
    ./app/layout.tsx [Server Component]

https://nextjs.org/docs/messages/module-not-found @ http://localhost:3000/_next/static/chunks/node_modules_next_dist_20ud_8w._.js:2099
[ 2716583ms] [ERROR] ./lib/utils.ts:2:1
Module not found: Can't resolve 'tailwind-merge'
  1 | import { type ClassValue, clsx } from "clsx"
> 2 | import { twMerge } from "tailwind-merge"
    | ^^^^^^^^^^^^^^^^^^^^^^^^^^^^^^^^^^^^^^^^
  3 |
  4 | export function cn(...inputs: ClassValue[]) {
  5 |   return twMerge(clsx(inputs))

Import traces:
  Client Component Browser:
    ./lib/utils.ts [Client Component Browser]
    ./components/ui/toast.tsx [Client Component Browser]
    ./components/ui/toaster.tsx [Client Component Browser]
    ./components/ui/toaster.tsx [Server Component]
    ./app/layout.tsx [Server Component]

  Client Component SSR:
    ./lib/utils.ts [Client Component SSR]
    ./components/ui/toast.tsx [Client Component SSR]
    ./components/ui/toaster.tsx [Client Component SSR]
    ./components/ui/toaster.tsx [Server Component]
    ./app/layout.tsx [Server Component]

https://nextjs.org/docs/messages/module-not-found @ http://localhost:3000/_next/static/chunks/node_modules_next_dist_20ud_8w._.js:2099
[ 2716642ms] [LOG] [Fast Refresh] rebuilding @ http://localhost:3000/_next/static/chunks/node_modules_next_dist_20ud_8w._.js:1380
[ 2717088ms] [ERROR] ./app/globals.css
Error evaluating Node.js code
CssSyntaxError: tailwindcss: C:\Users\Lenovo\Desktop\线下黑客松\frontend\app\globals.css:1:1: Can't resolve 'tw-animate-css' in 'C:\Users\Lenovo\Desktop\线下黑客松\frontend\app'
    [at Input.error (turbopack:///[project]/node_modules/postcss/lib/input.js:135:16)]
    [at Root.error (turbopack:///[project]/node_modules/postcss/lib/node.js:166:32)]
    [at Object.Once (C:\Users\Lenovo\Desktop\线下黑客松\frontend\node_modules\@tailwindcss\postcss\dist\index.js:10:7013)]
    [at process.processTicksAndRejections (node:internal/process/task_queues:104:5)]
    [at async LazyResult.runAsync (turbopack:///[project]/node_modules/postcss/lib/lazy-result.js:299:11)]
    [at async transform (turbopack:///[turbopack-node]/transforms/postcss.ts:70:34)]
    [at async run (turbopack:///[turbopack-node]/child_process/evaluate.ts:89:23)]

Import trace:
  Client Component Browser:
    ./app/globals.css [Client Component Browser]
    ./app/layout.tsx [Server Component] @ http://localhost:3000/_next/static/chunks/node_modules_next_dist_20ud_8w._.js:2099
[ 2717089ms] [ERROR] ./components/ui/toast.tsx:4:1
Module not found: Can't resolve '@radix-ui/react-toast'
  2 |
  3 | import * as React from "react"
> 4 | import * as ToastPrimitives from "@radix-ui/react-toast"
    | ^^^^^^^^^^^^^^^^^^^^^^^^^^^^^^^^^^^^^^^^^^^^^^^^^^^^^^^^
  5 | import { cva, type VariantProps } from "class-variance-authority"
  6 | import { X } from "lucide-react"
  7 |

Import traces:
  Client Component Browser:
    ./components/ui/toast.tsx [Client Component Browser]
    ./components/ui/toaster.tsx [Client Component Browser]
    ./components/ui/toaster.tsx [Server Component]
    ./app/layout.tsx [Server Component]

  Client Component SSR:
    ./components/ui/toast.tsx [Client Component SSR]
    ./components/ui/toaster.tsx [Client Component SSR]
    ./components/ui/toaster.tsx [Server Component]
    ./app/layout.tsx [Server Component]

https://nextjs.org/docs/messages/module-not-found @ http://localhost:3000/_next/static/chunks/node_modules_next_dist_20ud_8w._.js:2099
[ 2717089ms] [ERROR] ./components/ui/toast.tsx:5:1
Module not found: Can't resolve 'class-variance-authority'
  3 | import * as React from "react"
  4 | import * as ToastPrimitives from "@radix-ui/react-toast"
> 5 | import { cva, type VariantProps } from "class-variance-authority"
    | ^^^^^^^^^^^^^^^^^^^^^^^^^^^^^^^^^^^^^^^^^^^^^^^^^^^^^^^^^^^^^^^^^
  6 | import { X } from "lucide-react"
  7 |
  8 | import { cn } from "@/lib/utils"

Import traces:
  Client Component Browser:
    ./components/ui/toast.tsx [Client Component Browser]
    ./components/ui/toaster.tsx [Client Component Browser]
    ./components/ui/toaster.tsx [Server Component]
    ./app/layout.tsx [Server Component]

  Client Component SSR:
    ./components/ui/toast.tsx [Client Component SSR]
    ./components/ui/toaster.tsx [Client Component SSR]
    ./components/ui/toaster.tsx [Server Component]
    ./app/layout.tsx [Server Component]

https://nextjs.org/docs/messages/module-not-found @ http://localhost:3000/_next/static/chunks/node_modules_next_dist_20ud_8w._.js:2099
[ 2717089ms] [ERROR] ./lib/utils.ts:1:1
Module not found: Can't resolve 'clsx'
> 1 | import { type ClassValue, clsx } from "clsx"
    | ^^^^^^^^^^^^^^^^^^^^^^^^^^^^^^^^^^^^^^^^^^^^
  2 | import { twMerge } from "tailwind-merge"
  3 |
  4 | export function cn(...inputs: ClassValue[]) {

Import traces:
  Client Component Browser:
    ./lib/utils.ts [Client Component Browser]
    ./components/ui/toast.tsx [Client Component Browser]
    ./components/ui/toaster.tsx [Client Component Browser]
    ./components/ui/toaster.tsx [Server Component]
    ./app/layout.tsx [Server Component]

  Client Component SSR:
    ./lib/utils.ts [Client Component SSR]
    ./components/ui/toast.tsx [Client Component SSR]
    ./components/ui/toaster.tsx [Client Component SSR]
    ./components/ui/toaster.tsx [Server Component]
    ./app/layout.tsx [Server Component]

https://nextjs.org/docs/messages/module-not-found @ http://localhost:3000/_next/static/chunks/node_modules_next_dist_20ud_8w._.js:2099
[ 2717089ms] [ERROR] ./app/page.tsx:2:1
Module not found: Can't resolve 'lucide-react'
  1 | import Link from "next/link"
> 2 | import { ArrowRight, FileText, GitPullRequest, Share2 } from "lucide-react"
    | ^^^^^^^^^^^^^^^^^^^^^^^^^^^^^^^^^^^^^^^^^^^^^^^^^^^^^^^^^^^^^^^^^^^^^^^^^^^
  3 |
  4 | const chain = [
  5 |   {

https://nextjs.org/docs/messages/module-not-found @ http://localhost:3000/_next/static/chunks/node_modules_next_dist_20ud_8w._.js:2099
[ 2717090ms] [ERROR] ./components/ui/toast.tsx:6:1
Module not found: Can't resolve 'lucide-react'
  4 | import * as ToastPrimitives from "@radix-ui/react-toast"
  5 | import { cva, type VariantProps } from "class-variance-authority"
> 6 | import { X } from "lucide-react"
    | ^^^^^^^^^^^^^^^^^^^^^^^^^^^^^^^^
  7 |
  8 | import { cn } from "@/lib/utils"
  9 |

Import traces:
  Client Component Browser:
    ./components/ui/toast.tsx [Client Component Browser]
    ./components/ui/toaster.tsx [Client Component Browser]
    ./components/ui/toaster.tsx [Server Component]
    ./app/layout.tsx [Server Component]

  Client Component SSR:
    ./components/ui/toast.tsx [Client Component SSR]
    ./components/ui/toaster.tsx [Client Component SSR]
    ./components/ui/toaster.tsx [Server Component]
    ./app/layout.tsx [Server Component]

https://nextjs.org/docs/messages/module-not-found @ http://localhost:3000/_next/static/chunks/node_modules_next_dist_20ud_8w._.js:2099
[ 2717090ms] [ERROR] ./lib/utils.ts:2:1
Module not found: Can't resolve 'tailwind-merge'
  1 | import { type ClassValue, clsx } from "clsx"
> 2 | import { twMerge } from "tailwind-merge"
    | ^^^^^^^^^^^^^^^^^^^^^^^^^^^^^^^^^^^^^^^^
  3 |
  4 | export function cn(...inputs: ClassValue[]) {
  5 |   return twMerge(clsx(inputs))

Import traces:
  Client Component Browser:
    ./lib/utils.ts [Client Component Browser]
    ./components/ui/toast.tsx [Client Component Browser]
    ./components/ui/toaster.tsx [Client Component Browser]
    ./components/ui/toaster.tsx [Server Component]
    ./app/layout.tsx [Server Component]

  Client Component SSR:
    ./lib/utils.ts [Client Component SSR]
    ./components/ui/toast.tsx [Client Component SSR]
    ./components/ui/toaster.tsx [Client Component SSR]
    ./components/ui/toaster.tsx [Server Component]
    ./app/layout.tsx [Server Component]

https://nextjs.org/docs/messages/module-not-found @ http://localhost:3000/_next/static/chunks/node_modules_next_dist_20ud_8w._.js:2099
[ 2717148ms] [LOG] [Fast Refresh] rebuilding @ http://localhost:3000/_next/static/chunks/node_modules_next_dist_20ud_8w._.js:1380
[ 2729371ms] [ERROR] ./app/globals.css
Error evaluating Node.js code
CssSyntaxError: tailwindcss: C:\Users\Lenovo\Desktop\线下黑客松\frontend\app\globals.css:1:1: Can't resolve 'tw-animate-css' in 'C:\Users\Lenovo\Desktop\线下黑客松\frontend\app'
    [at Input.error (turbopack:///[project]/node_modules/postcss/lib/input.js:135:16)]
    [at Root.error (turbopack:///[project]/node_modules/postcss/lib/node.js:166:32)]
    [at Object.Once (C:\Users\Lenovo\Desktop\线下黑客松\frontend\node_modules\@tailwindcss\postcss\dist\index.js:10:7013)]
    [at process.processTicksAndRejections (node:internal/process/task_queues:104:5)]
    [at async LazyResult.runAsync (turbopack:///[project]/node_modules/postcss/lib/lazy-result.js:299:11)]
    [at async transform (turbopack:///[turbopack-node]/transforms/postcss.ts:70:34)]
    [at async run (turbopack:///[turbopack-node]/child_process/evaluate.ts:89:23)]

Import trace:
  Client Component Browser:
    ./app/globals.css [Client Component Browser]
    ./app/layout.tsx [Server Component] @ http://localhost:3000/_next/static/chunks/node_modules_next_dist_20ud_8w._.js:2099
[ 2729372ms] [ERROR] ./components/ui/toast.tsx:4:1
Module not found: Can't resolve '@radix-ui/react-toast'
  2 |
  3 | import * as React from "react"
> 4 | import * as ToastPrimitives from "@radix-ui/react-toast"
    | ^^^^^^^^^^^^^^^^^^^^^^^^^^^^^^^^^^^^^^^^^^^^^^^^^^^^^^^^
  5 | import { cva, type VariantProps } from "class-variance-authority"
  6 | import { X } from "lucide-react"
  7 |

Import traces:
  Client Component Browser:
    ./components/ui/toast.tsx [Client Component Browser]
    ./components/ui/toaster.tsx [Client Component Browser]
    ./components/ui/toaster.tsx [Server Component]
    ./app/layout.tsx [Server Component]

  Client Component SSR:
    ./components/ui/toast.tsx [Client Component SSR]
    ./components/ui/toaster.tsx [Client Component SSR]
    ./components/ui/toaster.tsx [Server Component]
    ./app/layout.tsx [Server Component]

https://nextjs.org/docs/messages/module-not-found @ http://localhost:3000/_next/static/chunks/node_modules_next_dist_20ud_8w._.js:2099
[ 2729372ms] [ERROR] ./components/ui/toast.tsx:5:1
Module not found: Can't resolve 'class-variance-authority'
  3 | import * as React from "react"
  4 | import * as ToastPrimitives from "@radix-ui/react-toast"
> 5 | import { cva, type VariantProps } from "class-variance-authority"
    | ^^^^^^^^^^^^^^^^^^^^^^^^^^^^^^^^^^^^^^^^^^^^^^^^^^^^^^^^^^^^^^^^^
  6 | import { X } from "lucide-react"
  7 |
  8 | import { cn } from "@/lib/utils"

Import traces:
  Client Component Browser:
    ./components/ui/toast.tsx [Client Component Browser]
    ./components/ui/toaster.tsx [Client Component Browser]
    ./components/ui/toaster.tsx [Server Component]
    ./app/layout.tsx [Server Component]

  Client Component SSR:
    ./components/ui/toast.tsx [Client Component SSR]
    ./components/ui/toaster.tsx [Client Component SSR]
    ./components/ui/toaster.tsx [Server Component]
    ./app/layout.tsx [Server Component]

https://nextjs.org/docs/messages/module-not-found @ http://localhost:3000/_next/static/chunks/node_modules_next_dist_20ud_8w._.js:2099
[ 2729372ms] [ERROR] ./lib/utils.ts:1:1
Module not found: Can't resolve 'clsx'
> 1 | import { type ClassValue, clsx } from "clsx"
    | ^^^^^^^^^^^^^^^^^^^^^^^^^^^^^^^^^^^^^^^^^^^^
  2 | import { twMerge } from "tailwind-merge"
  3 |
  4 | export function cn(...inputs: ClassValue[]) {

Import traces:
  Client Component Browser:
    ./lib/utils.ts [Client Component Browser]
    ./components/ui/toast.tsx [Client Component Browser]
    ./components/ui/toaster.tsx [Client Component Browser]
    ./components/ui/toaster.tsx [Server Component]
    ./app/layout.tsx [Server Component]

  Client Component SSR:
    ./lib/utils.ts [Client Component SSR]
    ./components/ui/toast.tsx [Client Component SSR]
    ./components/ui/toaster.tsx [Client Component SSR]
    ./components/ui/toaster.tsx [Server Component]
    ./app/layout.tsx [Server Component]

https://nextjs.org/docs/messages/module-not-found @ http://localhost:3000/_next/static/chunks/node_modules_next_dist_20ud_8w._.js:2099
[ 2729372ms] [ERROR] ./app/page.tsx:2:1
Module not found: Can't resolve 'lucide-react'
  1 | import Link from "next/link"
> 2 | import { ArrowRight, FileText, GitPullRequest, Share2 } from "lucide-react"
    | ^^^^^^^^^^^^^^^^^^^^^^^^^^^^^^^^^^^^^^^^^^^^^^^^^^^^^^^^^^^^^^^^^^^^^^^^^^^
  3 |
  4 | const chain = [
  5 |   {

https://nextjs.org/docs/messages/module-not-found @ http://localhost:3000/_next/static/chunks/node_modules_next_dist_20ud_8w._.js:2099
[ 2729372ms] [ERROR] ./components/ui/toast.tsx:6:1
Module not found: Can't resolve 'lucide-react'
  4 | import * as ToastPrimitives from "@radix-ui/react-toast"
  5 | import { cva, type VariantProps } from "class-variance-authority"
> 6 | import { X } from "lucide-react"
    | ^^^^^^^^^^^^^^^^^^^^^^^^^^^^^^^^
  7 |
  8 | import { cn } from "@/lib/utils"
  9 |

Import traces:
  Client Component Browser:
    ./components/ui/toast.tsx [Client Component Browser]
    ./components/ui/toaster.tsx [Client Component Browser]
    ./components/ui/toaster.tsx [Server Component]
    ./app/layout.tsx [Server Component]

  Client Component SSR:
    ./components/ui/toast.tsx [Client Component SSR]
    ./components/ui/toaster.tsx [Client Component SSR]
    ./components/ui/toaster.tsx [Server Component]
    ./app/layout.tsx [Server Component]

https://nextjs.org/docs/messages/module-not-found @ http://localhost:3000/_next/static/chunks/node_modules_next_dist_20ud_8w._.js:2099
[ 2729373ms] [ERROR] ./lib/utils.ts:2:1
Module not found: Can't resolve 'tailwind-merge'
  1 | import { type ClassValue, clsx } from "clsx"
> 2 | import { twMerge } from "tailwind-merge"
    | ^^^^^^^^^^^^^^^^^^^^^^^^^^^^^^^^^^^^^^^^
  3 |
  4 | export function cn(...inputs: ClassValue[]) {
  5 |   return twMerge(clsx(inputs))

Import traces:
  Client Component Browser:
    ./lib/utils.ts [Client Component Browser]
    ./components/ui/toast.tsx [Client Component Browser]
    ./components/ui/toaster.tsx [Client Component Browser]
    ./components/ui/toaster.tsx [Server Component]
    ./app/layout.tsx [Server Component]

  Client Component SSR:
    ./lib/utils.ts [Client Component SSR]
    ./components/ui/toast.tsx [Client Component SSR]
    ./components/ui/toaster.tsx [Client Component SSR]
    ./components/ui/toaster.tsx [Server Component]
    ./app/layout.tsx [Server Component]

https://nextjs.org/docs/messages/module-not-found @ http://localhost:3000/_next/static/chunks/node_modules_next_dist_20ud_8w._.js:2099
[ 2729431ms] [LOG] [Fast Refresh] rebuilding @ http://localhost:3000/_next/static/chunks/node_modules_next_dist_20ud_8w._.js:1380
[ 2729960ms] [ERROR] ./app/globals.css
Error evaluating Node.js code
CssSyntaxError: tailwindcss: C:\Users\Lenovo\Desktop\线下黑客松\frontend\app\globals.css:1:1: Can't resolve 'tw-animate-css' in 'C:\Users\Lenovo\Desktop\线下黑客松\frontend\app'
    [at Input.error (turbopack:///[project]/node_modules/postcss/lib/input.js:135:16)]
    [at Root.error (turbopack:///[project]/node_modules/postcss/lib/node.js:166:32)]
    [at Object.Once (C:\Users\Lenovo\Desktop\线下黑客松\frontend\node_modules\@tailwindcss\postcss\dist\index.js:10:7013)]
    [at process.processTicksAndRejections (node:internal/process/task_queues:104:5)]
    [at async LazyResult.runAsync (turbopack:///[project]/node_modules/postcss/lib/lazy-result.js:299:11)]
    [at async transform (turbopack:///[turbopack-node]/transforms/postcss.ts:70:34)]
    [at async run (turbopack:///[turbopack-node]/child_process/evaluate.ts:89:23)]

Import trace:
  Client Component Browser:
    ./app/globals.css [Client Component Browser]
    ./app/layout.tsx [Server Component] @ http://localhost:3000/_next/static/chunks/node_modules_next_dist_20ud_8w._.js:2099
[ 2729961ms] [ERROR] ./components/ui/toast.tsx:4:1
Module not found: Can't resolve '@radix-ui/react-toast'
  2 |
  3 | import * as React from "react"
> 4 | import * as ToastPrimitives from "@radix-ui/react-toast"
    | ^^^^^^^^^^^^^^^^^^^^^^^^^^^^^^^^^^^^^^^^^^^^^^^^^^^^^^^^
  5 | import { cva, type VariantProps } from "class-variance-authority"
  6 | import { X } from "lucide-react"
  7 |

Import traces:
  Client Component Browser:
    ./components/ui/toast.tsx [Client Component Browser]
    ./components/ui/toaster.tsx [Client Component Browser]
    ./components/ui/toaster.tsx [Server Component]
    ./app/layout.tsx [Server Component]

  Client Component SSR:
    ./components/ui/toast.tsx [Client Component SSR]
    ./components/ui/toaster.tsx [Client Component SSR]
    ./components/ui/toaster.tsx [Server Component]
    ./app/layout.tsx [Server Component]

https://nextjs.org/docs/messages/module-not-found @ http://localhost:3000/_next/static/chunks/node_modules_next_dist_20ud_8w._.js:2099
[ 2729961ms] [ERROR] ./components/ui/toast.tsx:5:1
Module not found: Can't resolve 'class-variance-authority'
  3 | import * as React from "react"
  4 | import * as ToastPrimitives from "@radix-ui/react-toast"
> 5 | import { cva, type VariantProps } from "class-variance-authority"
    | ^^^^^^^^^^^^^^^^^^^^^^^^^^^^^^^^^^^^^^^^^^^^^^^^^^^^^^^^^^^^^^^^^
  6 | import { X } from "lucide-react"
  7 |
  8 | import { cn } from "@/lib/utils"

Import traces:
  Client Component Browser:
    ./components/ui/toast.tsx [Client Component Browser]
    ./components/ui/toaster.tsx [Client Component Browser]
    ./components/ui/toaster.tsx [Server Component]
    ./app/layout.tsx [Server Component]

  Client Component SSR:
    ./components/ui/toast.tsx [Client Component SSR]
    ./components/ui/toaster.tsx [Client Component SSR]
    ./components/ui/toaster.tsx [Server Component]
    ./app/layout.tsx [Server Component]

https://nextjs.org/docs/messages/module-not-found @ http://localhost:3000/_next/static/chunks/node_modules_next_dist_20ud_8w._.js:2099
[ 2729961ms] [ERROR] ./lib/utils.ts:1:1
Module not found: Can't resolve 'clsx'
> 1 | import { type ClassValue, clsx } from "clsx"
    | ^^^^^^^^^^^^^^^^^^^^^^^^^^^^^^^^^^^^^^^^^^^^
  2 | import { twMerge } from "tailwind-merge"
  3 |
  4 | export function cn(...inputs: ClassValue[]) {

Import traces:
  Client Component Browser:
    ./lib/utils.ts [Client Component Browser]
    ./components/ui/toast.tsx [Client Component Browser]
    ./components/ui/toaster.tsx [Client Component Browser]
    ./components/ui/toaster.tsx [Server Component]
    ./app/layout.tsx [Server Component]

  Client Component SSR:
    ./lib/utils.ts [Client Component SSR]
    ./components/ui/toast.tsx [Client Component SSR]
    ./components/ui/toaster.tsx [Client Component SSR]
    ./components/ui/toaster.tsx [Server Component]
    ./app/layout.tsx [Server Component]

https://nextjs.org/docs/messages/module-not-found @ http://localhost:3000/_next/static/chunks/node_modules_next_dist_20ud_8w._.js:2099
[ 2729962ms] [ERROR] ./app/page.tsx:2:1
Module not found: Can't resolve 'lucide-react'
  1 | import Link from "next/link"
> 2 | import { ArrowRight, FileText, GitPullRequest, Share2 } from "lucide-react"
    | ^^^^^^^^^^^^^^^^^^^^^^^^^^^^^^^^^^^^^^^^^^^^^^^^^^^^^^^^^^^^^^^^^^^^^^^^^^^
  3 |
  4 | const chain = [
  5 |   {

https://nextjs.org/docs/messages/module-not-found @ http://localhost:3000/_next/static/chunks/node_modules_next_dist_20ud_8w._.js:2099
[ 2729962ms] [ERROR] ./components/ui/toast.tsx:6:1
Module not found: Can't resolve 'lucide-react'
  4 | import * as ToastPrimitives from "@radix-ui/react-toast"
  5 | import { cva, type VariantProps } from "class-variance-authority"
> 6 | import { X } from "lucide-react"
    | ^^^^^^^^^^^^^^^^^^^^^^^^^^^^^^^^
  7 |
  8 | import { cn } from "@/lib/utils"
  9 |

Import traces:
  Client Component Browser:
    ./components/ui/toast.tsx [Client Component Browser]
    ./components/ui/toaster.tsx [Client Component Browser]
    ./components/ui/toaster.tsx [Server Component]
    ./app/layout.tsx [Server Component]

  Client Component SSR:
    ./components/ui/toast.tsx [Client Component SSR]
    ./components/ui/toaster.tsx [Client Component SSR]
    ./components/ui/toaster.tsx [Server Component]
    ./app/layout.tsx [Server Component]

https://nextjs.org/docs/messages/module-not-found @ http://localhost:3000/_next/static/chunks/node_modules_next_dist_20ud_8w._.js:2099
[ 2729962ms] [ERROR] ./lib/utils.ts:2:1
Module not found: Can't resolve 'tailwind-merge'
  1 | import { type ClassValue, clsx } from "clsx"
> 2 | import { twMerge } from "tailwind-merge"
    | ^^^^^^^^^^^^^^^^^^^^^^^^^^^^^^^^^^^^^^^^
  3 |
  4 | export function cn(...inputs: ClassValue[]) {
  5 |   return twMerge(clsx(inputs))

Import traces:
  Client Component Browser:
    ./lib/utils.ts [Client Component Browser]
    ./components/ui/toast.tsx [Client Component Browser]
    ./components/ui/toaster.tsx [Client Component Browser]
    ./components/ui/toaster.tsx [Server Component]
    ./app/layout.tsx [Server Component]

  Client Component SSR:
    ./lib/utils.ts [Client Component SSR]
    ./components/ui/toast.tsx [Client Component SSR]
    ./components/ui/toaster.tsx [Client Component SSR]
    ./components/ui/toaster.tsx [Server Component]
    ./app/layout.tsx [Server Component]

https://nextjs.org/docs/messages/module-not-found @ http://localhost:3000/_next/static/chunks/node_modules_next_dist_20ud_8w._.js:2099
[ 2730036ms] [LOG] [Fast Refresh] rebuilding @ http://localhost:3000/_next/static/chunks/node_modules_next_dist_20ud_8w._.js:1380
[ 2732524ms] [ERROR] ./app/globals.css
Error evaluating Node.js code
CssSyntaxError: tailwindcss: C:\Users\Lenovo\Desktop\线下黑客松\frontend\app\globals.css:1:1: Can't resolve 'tw-animate-css' in 'C:\Users\Lenovo\Desktop\线下黑客松\frontend\app'
    [at Input.error (turbopack:///[project]/node_modules/postcss/lib/input.js:135:16)]
    [at Root.error (turbopack:///[project]/node_modules/postcss/lib/node.js:166:32)]
    [at Object.Once (C:\Users\Lenovo\Desktop\线下黑客松\frontend\node_modules\@tailwindcss\postcss\dist\index.js:10:7013)]
    [at process.processTicksAndRejections (node:internal/process/task_queues:104:5)]
    [at async LazyResult.runAsync (turbopack:///[project]/node_modules/postcss/lib/lazy-result.js:299:11)]
    [at async transform (turbopack:///[turbopack-node]/transforms/postcss.ts:70:34)]
    [at async run (turbopack:///[turbopack-node]/child_process/evaluate.ts:89:23)]

Import trace:
  Client Component Browser:
    ./app/globals.css [Client Component Browser]
    ./app/layout.tsx [Server Component] @ http://localhost:3000/_next/static/chunks/node_modules_next_dist_20ud_8w._.js:2099
[ 2732524ms] [ERROR] ./components/ui/toast.tsx:4:1
Module not found: Can't resolve '@radix-ui/react-toast'
  2 |
  3 | import * as React from "react"
> 4 | import * as ToastPrimitives from "@radix-ui/react-toast"
    | ^^^^^^^^^^^^^^^^^^^^^^^^^^^^^^^^^^^^^^^^^^^^^^^^^^^^^^^^
  5 | import { cva, type VariantProps } from "class-variance-authority"
  6 | import { X } from "lucide-react"
  7 |

Import traces:
  Client Component Browser:
    ./components/ui/toast.tsx [Client Component Browser]
    ./components/ui/toaster.tsx [Client Component Browser]
    ./components/ui/toaster.tsx [Server Component]
    ./app/layout.tsx [Server Component]

  Client Component SSR:
    ./components/ui/toast.tsx [Client Component SSR]
    ./components/ui/toaster.tsx [Client Component SSR]
    ./components/ui/toaster.tsx [Server Component]
    ./app/layout.tsx [Server Component]

https://nextjs.org/docs/messages/module-not-found @ http://localhost:3000/_next/static/chunks/node_modules_next_dist_20ud_8w._.js:2099
[ 2732524ms] [ERROR] ./components/ui/toast.tsx:5:1
Module not found: Can't resolve 'class-variance-authority'
  3 | import * as React from "react"
  4 | import * as ToastPrimitives from "@radix-ui/react-toast"
> 5 | import { cva, type VariantProps } from "class-variance-authority"
    | ^^^^^^^^^^^^^^^^^^^^^^^^^^^^^^^^^^^^^^^^^^^^^^^^^^^^^^^^^^^^^^^^^
  6 | import { X } from "lucide-react"
  7 |
  8 | import { cn } from "@/lib/utils"

Import traces:
  Client Component Browser:
    ./components/ui/toast.tsx [Client Component Browser]
    ./components/ui/toaster.tsx [Client Component Browser]
    ./components/ui/toaster.tsx [Server Component]
    ./app/layout.tsx [Server Component]

  Client Component SSR:
    ./components/ui/toast.tsx [Client Component SSR]
    ./components/ui/toaster.tsx [Client Component SSR]
    ./components/ui/toaster.tsx [Server Component]
    ./app/layout.tsx [Server Component]

https://nextjs.org/docs/messages/module-not-found @ http://localhost:3000/_next/static/chunks/node_modules_next_dist_20ud_8w._.js:2099
[ 2732525ms] [ERROR] ./lib/utils.ts:1:1
Module not found: Can't resolve 'clsx'
> 1 | import { type ClassValue, clsx } from "clsx"
    | ^^^^^^^^^^^^^^^^^^^^^^^^^^^^^^^^^^^^^^^^^^^^
  2 | import { twMerge } from "tailwind-merge"
  3 |
  4 | export function cn(...inputs: ClassValue[]) {

Import traces:
  Client Component Browser:
    ./lib/utils.ts [Client Component Browser]
    ./components/ui/toast.tsx [Client Component Browser]
    ./components/ui/toaster.tsx [Client Component Browser]
    ./components/ui/toaster.tsx [Server Component]
    ./app/layout.tsx [Server Component]

  Client Component SSR:
    ./lib/utils.ts [Client Component SSR]
    ./components/ui/toast.tsx [Client Component SSR]
    ./components/ui/toaster.tsx [Client Component SSR]
    ./components/ui/toaster.tsx [Server Component]
    ./app/layout.tsx [Server Component]

https://nextjs.org/docs/messages/module-not-found @ http://localhost:3000/_next/static/chunks/node_modules_next_dist_20ud_8w._.js:2099
[ 2732525ms] [ERROR] ./app/page.tsx:2:1
Module not found: Can't resolve 'lucide-react'
  1 | import Link from "next/link"
> 2 | import { ArrowRight, FileText, GitPullRequest, Share2 } from "lucide-react"
    | ^^^^^^^^^^^^^^^^^^^^^^^^^^^^^^^^^^^^^^^^^^^^^^^^^^^^^^^^^^^^^^^^^^^^^^^^^^^
  3 |
  4 | const chain = [
  5 |   {

https://nextjs.org/docs/messages/module-not-found @ http://localhost:3000/_next/static/chunks/node_modules_next_dist_20ud_8w._.js:2099
[ 2732525ms] [ERROR] ./components/ui/toast.tsx:6:1
Module not found: Can't resolve 'lucide-react'
  4 | import * as ToastPrimitives from "@radix-ui/react-toast"
  5 | import { cva, type VariantProps } from "class-variance-authority"
> 6 | import { X } from "lucide-react"
    | ^^^^^^^^^^^^^^^^^^^^^^^^^^^^^^^^
  7 |
  8 | import { cn } from "@/lib/utils"
  9 |

Import traces:
  Client Component Browser:
    ./components/ui/toast.tsx [Client Component Browser]
    ./components/ui/toaster.tsx [Client Component Browser]
    ./components/ui/toaster.tsx [Server Component]
    ./app/layout.tsx [Server Component]

  Client Component SSR:
    ./components/ui/toast.tsx [Client Component SSR]
    ./components/ui/toaster.tsx [Client Component SSR]
    ./components/ui/toaster.tsx [Server Component]
    ./app/layout.tsx [Server Component]

https://nextjs.org/docs/messages/module-not-found @ http://localhost:3000/_next/static/chunks/node_modules_next_dist_20ud_8w._.js:2099
[ 2732526ms] [ERROR] ./lib/utils.ts:2:1
Module not found: Can't resolve 'tailwind-merge'
  1 | import { type ClassValue, clsx } from "clsx"
> 2 | import { twMerge } from "tailwind-merge"
    | ^^^^^^^^^^^^^^^^^^^^^^^^^^^^^^^^^^^^^^^^
  3 |
  4 | export function cn(...inputs: ClassValue[]) {
  5 |   return twMerge(clsx(inputs))

Import traces:
  Client Component Browser:
    ./lib/utils.ts [Client Component Browser]
    ./components/ui/toast.tsx [Client Component Browser]
    ./components/ui/toaster.tsx [Client Component Browser]
    ./components/ui/toaster.tsx [Server Component]
    ./app/layout.tsx [Server Component]

  Client Component SSR:
    ./lib/utils.ts [Client Component SSR]
    ./components/ui/toast.tsx [Client Component SSR]
    ./components/ui/toaster.tsx [Client Component SSR]
    ./components/ui/toaster.tsx [Server Component]
    ./app/layout.tsx [Server Component]

https://nextjs.org/docs/messages/module-not-found @ http://localhost:3000/_next/static/chunks/node_modules_next_dist_20ud_8w._.js:2099
[ 2732585ms] [LOG] [Fast Refresh] rebuilding @ http://localhost:3000/_next/static/chunks/node_modules_next_dist_20ud_8w._.js:1380
[ 2733030ms] [ERROR] ./app/globals.css
Error evaluating Node.js code
CssSyntaxError: tailwindcss: C:\Users\Lenovo\Desktop\线下黑客松\frontend\app\globals.css:1:1: Can't resolve 'tw-animate-css' in 'C:\Users\Lenovo\Desktop\线下黑客松\frontend\app'
    [at Input.error (turbopack:///[project]/node_modules/postcss/lib/input.js:135:16)]
    [at Root.error (turbopack:///[project]/node_modules/postcss/lib/node.js:166:32)]
    [at Object.Once (C:\Users\Lenovo\Desktop\线下黑客松\frontend\node_modules\@tailwindcss\postcss\dist\index.js:10:7013)]
    [at process.processTicksAndRejections (node:internal/process/task_queues:104:5)]
    [at async LazyResult.runAsync (turbopack:///[project]/node_modules/postcss/lib/lazy-result.js:299:11)]
    [at async transform (turbopack:///[turbopack-node]/transforms/postcss.ts:70:34)]
    [at async run (turbopack:///[turbopack-node]/child_process/evaluate.ts:89:23)]

Import trace:
  Client Component Browser:
    ./app/globals.css [Client Component Browser]
    ./app/layout.tsx [Server Component] @ http://localhost:3000/_next/static/chunks/node_modules_next_dist_20ud_8w._.js:2099
[ 2733030ms] [ERROR] ./components/ui/toast.tsx:4:1
Module not found: Can't resolve '@radix-ui/react-toast'
  2 |
  3 | import * as React from "react"
> 4 | import * as ToastPrimitives from "@radix-ui/react-toast"
    | ^^^^^^^^^^^^^^^^^^^^^^^^^^^^^^^^^^^^^^^^^^^^^^^^^^^^^^^^
  5 | import { cva, type VariantProps } from "class-variance-authority"
  6 | import { X } from "lucide-react"
  7 |

Import traces:
  Client Component Browser:
    ./components/ui/toast.tsx [Client Component Browser]
    ./components/ui/toaster.tsx [Client Component Browser]
    ./components/ui/toaster.tsx [Server Component]
    ./app/layout.tsx [Server Component]

  Client Component SSR:
    ./components/ui/toast.tsx [Client Component SSR]
    ./components/ui/toaster.tsx [Client Component SSR]
    ./components/ui/toaster.tsx [Server Component]
    ./app/layout.tsx [Server Component]

https://nextjs.org/docs/messages/module-not-found @ http://localhost:3000/_next/static/chunks/node_modules_next_dist_20ud_8w._.js:2099
[ 2733031ms] [ERROR] ./components/ui/toast.tsx:5:1
Module not found: Can't resolve 'class-variance-authority'
  3 | import * as React from "react"
  4 | import * as ToastPrimitives from "@radix-ui/react-toast"
> 5 | import { cva, type VariantProps } from "class-variance-authority"
    | ^^^^^^^^^^^^^^^^^^^^^^^^^^^^^^^^^^^^^^^^^^^^^^^^^^^^^^^^^^^^^^^^^
  6 | import { X } from "lucide-react"
  7 |
  8 | import { cn } from "@/lib/utils"

Import traces:
  Client Component Browser:
    ./components/ui/toast.tsx [Client Component Browser]
    ./components/ui/toaster.tsx [Client Component Browser]
    ./components/ui/toaster.tsx [Server Component]
    ./app/layout.tsx [Server Component]

  Client Component SSR:
    ./components/ui/toast.tsx [Client Component SSR]
    ./components/ui/toaster.tsx [Client Component SSR]
    ./components/ui/toaster.tsx [Server Component]
    ./app/layout.tsx [Server Component]

https://nextjs.org/docs/messages/module-not-found @ http://localhost:3000/_next/static/chunks/node_modules_next_dist_20ud_8w._.js:2099
[ 2733031ms] [ERROR] ./lib/utils.ts:1:1
Module not found: Can't resolve 'clsx'
> 1 | import { type ClassValue, clsx } from "clsx"
    | ^^^^^^^^^^^^^^^^^^^^^^^^^^^^^^^^^^^^^^^^^^^^
  2 | import { twMerge } from "tailwind-merge"
  3 |
  4 | export function cn(...inputs: ClassValue[]) {

Import traces:
  Client Component Browser:
    ./lib/utils.ts [Client Component Browser]
    ./components/ui/toast.tsx [Client Component Browser]
    ./components/ui/toaster.tsx [Client Component Browser]
    ./components/ui/toaster.tsx [Server Component]
    ./app/layout.tsx [Server Component]

  Client Component SSR:
    ./lib/utils.ts [Client Component SSR]
    ./components/ui/toast.tsx [Client Component SSR]
    ./components/ui/toaster.tsx [Client Component SSR]
    ./components/ui/toaster.tsx [Server Component]
    ./app/layout.tsx [Server Component]

https://nextjs.org/docs/messages/module-not-found @ http://localhost:3000/_next/static/chunks/node_modules_next_dist_20ud_8w._.js:2099
[ 2733031ms] [ERROR] ./app/page.tsx:2:1
Module not found: Can't resolve 'lucide-react'
  1 | import Link from "next/link"
> 2 | import { ArrowRight, FileText, GitPullRequest, Share2 } from "lucide-react"
    | ^^^^^^^^^^^^^^^^^^^^^^^^^^^^^^^^^^^^^^^^^^^^^^^^^^^^^^^^^^^^^^^^^^^^^^^^^^^
  3 |
  4 | const chain = [
  5 |   {

https://nextjs.org/docs/messages/module-not-found @ http://localhost:3000/_next/static/chunks/node_modules_next_dist_20ud_8w._.js:2099
[ 2733031ms] [ERROR] ./components/ui/toast.tsx:6:1
Module not found: Can't resolve 'lucide-react'
  4 | import * as ToastPrimitives from "@radix-ui/react-toast"
  5 | import { cva, type VariantProps } from "class-variance-authority"
> 6 | import { X } from "lucide-react"
    | ^^^^^^^^^^^^^^^^^^^^^^^^^^^^^^^^
  7 |
  8 | import { cn } from "@/lib/utils"
  9 |

Import traces:
  Client Component Browser:
    ./components/ui/toast.tsx [Client Component Browser]
    ./components/ui/toaster.tsx [Client Component Browser]
    ./components/ui/toaster.tsx [Server Component]
    ./app/layout.tsx [Server Component]

  Client Component SSR:
    ./components/ui/toast.tsx [Client Component SSR]
    ./components/ui/toaster.tsx [Client Component SSR]
    ./components/ui/toaster.tsx [Server Component]
    ./app/layout.tsx [Server Component]

https://nextjs.org/docs/messages/module-not-found @ http://localhost:3000/_next/static/chunks/node_modules_next_dist_20ud_8w._.js:2099
[ 2733032ms] [ERROR] ./lib/utils.ts:2:1
Module not found: Can't resolve 'tailwind-merge'
  1 | import { type ClassValue, clsx } from "clsx"
> 2 | import { twMerge } from "tailwind-merge"
    | ^^^^^^^^^^^^^^^^^^^^^^^^^^^^^^^^^^^^^^^^
  3 |
  4 | export function cn(...inputs: ClassValue[]) {
  5 |   return twMerge(clsx(inputs))

Import traces:
  Client Component Browser:
    ./lib/utils.ts [Client Component Browser]
    ./components/ui/toast.tsx [Client Component Browser]
    ./components/ui/toaster.tsx [Client Component Browser]
    ./components/ui/toaster.tsx [Server Component]
    ./app/layout.tsx [Server Component]

  Client Component SSR:
    ./lib/utils.ts [Client Component SSR]
    ./components/ui/toast.tsx [Client Component SSR]
    ./components/ui/toaster.tsx [Client Component SSR]
    ./components/ui/toaster.tsx [Server Component]
    ./app/layout.tsx [Server Component]

https://nextjs.org/docs/messages/module-not-found @ http://localhost:3000/_next/static/chunks/node_modules_next_dist_20ud_8w._.js:2099
[ 2733091ms] [LOG] [Fast Refresh] rebuilding @ http://localhost:3000/_next/static/chunks/node_modules_next_dist_20ud_8w._.js:1380
[ 2734218ms] [ERROR] ./app/globals.css
Error evaluating Node.js code
CssSyntaxError: tailwindcss: C:\Users\Lenovo\Desktop\线下黑客松\frontend\app\globals.css:1:1: Can't resolve 'tw-animate-css' in 'C:\Users\Lenovo\Desktop\线下黑客松\frontend\app'
    [at Input.error (turbopack:///[project]/node_modules/postcss/lib/input.js:135:16)]
    [at Root.error (turbopack:///[project]/node_modules/postcss/lib/node.js:166:32)]
    [at Object.Once (C:\Users\Lenovo\Desktop\线下黑客松\frontend\node_modules\@tailwindcss\postcss\dist\index.js:10:7013)]
    [at process.processTicksAndRejections (node:internal/process/task_queues:104:5)]
    [at async LazyResult.runAsync (turbopack:///[project]/node_modules/postcss/lib/lazy-result.js:299:11)]
    [at async transform (turbopack:///[turbopack-node]/transforms/postcss.ts:70:34)]
    [at async run (turbopack:///[turbopack-node]/child_process/evaluate.ts:89:23)]

Import trace:
  Client Component Browser:
    ./app/globals.css [Client Component Browser]
    ./app/layout.tsx [Server Component] @ http://localhost:3000/_next/static/chunks/node_modules_next_dist_20ud_8w._.js:2099
[ 2734218ms] [ERROR] ./components/ui/toast.tsx:4:1
Module not found: Can't resolve '@radix-ui/react-toast'
  2 |
  3 | import * as React from "react"
> 4 | import * as ToastPrimitives from "@radix-ui/react-toast"
    | ^^^^^^^^^^^^^^^^^^^^^^^^^^^^^^^^^^^^^^^^^^^^^^^^^^^^^^^^
  5 | import { cva, type VariantProps } from "class-variance-authority"
  6 | import { X } from "lucide-react"
  7 |

Import traces:
  Client Component Browser:
    ./components/ui/toast.tsx [Client Component Browser]
    ./components/ui/toaster.tsx [Client Component Browser]
    ./components/ui/toaster.tsx [Server Component]
    ./app/layout.tsx [Server Component]

  Client Component SSR:
    ./components/ui/toast.tsx [Client Component SSR]
    ./components/ui/toaster.tsx [Client Component SSR]
    ./components/ui/toaster.tsx [Server Component]
    ./app/layout.tsx [Server Component]

https://nextjs.org/docs/messages/module-not-found @ http://localhost:3000/_next/static/chunks/node_modules_next_dist_20ud_8w._.js:2099
[ 2734218ms] [ERROR] ./components/ui/toast.tsx:5:1
Module not found: Can't resolve 'class-variance-authority'
  3 | import * as React from "react"
  4 | import * as ToastPrimitives from "@radix-ui/react-toast"
> 5 | import { cva, type VariantProps } from "class-variance-authority"
    | ^^^^^^^^^^^^^^^^^^^^^^^^^^^^^^^^^^^^^^^^^^^^^^^^^^^^^^^^^^^^^^^^^
  6 | import { X } from "lucide-react"
  7 |
  8 | import { cn } from "@/lib/utils"

Import traces:
  Client Component Browser:
    ./components/ui/toast.tsx [Client Component Browser]
    ./components/ui/toaster.tsx [Client Component Browser]
    ./components/ui/toaster.tsx [Server Component]
    ./app/layout.tsx [Server Component]

  Client Component SSR:
    ./components/ui/toast.tsx [Client Component SSR]
    ./components/ui/toaster.tsx [Client Component SSR]
    ./components/ui/toaster.tsx [Server Component]
    ./app/layout.tsx [Server Component]

https://nextjs.org/docs/messages/module-not-found @ http://localhost:3000/_next/static/chunks/node_modules_next_dist_20ud_8w._.js:2099
[ 2734219ms] [ERROR] ./lib/utils.ts:1:1
Module not found: Can't resolve 'clsx'
> 1 | import { type ClassValue, clsx } from "clsx"
    | ^^^^^^^^^^^^^^^^^^^^^^^^^^^^^^^^^^^^^^^^^^^^
  2 | import { twMerge } from "tailwind-merge"
  3 |
  4 | export function cn(...inputs: ClassValue[]) {

Import traces:
  Client Component Browser:
    ./lib/utils.ts [Client Component Browser]
    ./components/ui/toast.tsx [Client Component Browser]
    ./components/ui/toaster.tsx [Client Component Browser]
    ./components/ui/toaster.tsx [Server Component]
    ./app/layout.tsx [Server Component]

  Client Component SSR:
    ./lib/utils.ts [Client Component SSR]
    ./components/ui/toast.tsx [Client Component SSR]
    ./components/ui/toaster.tsx [Client Component SSR]
    ./components/ui/toaster.tsx [Server Component]
    ./app/layout.tsx [Server Component]

https://nextjs.org/docs/messages/module-not-found @ http://localhost:3000/_next/static/chunks/node_modules_next_dist_20ud_8w._.js:2099
[ 2734219ms] [ERROR] ./app/page.tsx:2:1
Module not found: Can't resolve 'lucide-react'
  1 | import Link from "next/link"
> 2 | import { ArrowRight, FileText, GitPullRequest, Share2 } from "lucide-react"
    | ^^^^^^^^^^^^^^^^^^^^^^^^^^^^^^^^^^^^^^^^^^^^^^^^^^^^^^^^^^^^^^^^^^^^^^^^^^^
  3 |
  4 | const chain = [
  5 |   {

https://nextjs.org/docs/messages/module-not-found @ http://localhost:3000/_next/static/chunks/node_modules_next_dist_20ud_8w._.js:2099
[ 2734219ms] [ERROR] ./components/ui/toast.tsx:6:1
Module not found: Can't resolve 'lucide-react'
  4 | import * as ToastPrimitives from "@radix-ui/react-toast"
  5 | import { cva, type VariantProps } from "class-variance-authority"
> 6 | import { X } from "lucide-react"
    | ^^^^^^^^^^^^^^^^^^^^^^^^^^^^^^^^
  7 |
  8 | import { cn } from "@/lib/utils"
  9 |

Import traces:
  Client Component Browser:
    ./components/ui/toast.tsx [Client Component Browser]
    ./components/ui/toaster.tsx [Client Component Browser]
    ./components/ui/toaster.tsx [Server Component]
    ./app/layout.tsx [Server Component]

  Client Component SSR:
    ./components/ui/toast.tsx [Client Component SSR]
    ./components/ui/toaster.tsx [Client Component SSR]
    ./components/ui/toaster.tsx [Server Component]
    ./app/layout.tsx [Server Component]

https://nextjs.org/docs/messages/module-not-found @ http://localhost:3000/_next/static/chunks/node_modules_next_dist_20ud_8w._.js:2099
[ 2734220ms] [ERROR] ./lib/utils.ts:2:1
Module not found: Can't resolve 'tailwind-merge'
  1 | import { type ClassValue, clsx } from "clsx"
> 2 | import { twMerge } from "tailwind-merge"
    | ^^^^^^^^^^^^^^^^^^^^^^^^^^^^^^^^^^^^^^^^
  3 |
  4 | export function cn(...inputs: ClassValue[]) {
  5 |   return twMerge(clsx(inputs))

Import traces:
  Client Component Browser:
    ./lib/utils.ts [Client Component Browser]
    ./components/ui/toast.tsx [Client Component Browser]
    ./components/ui/toaster.tsx [Client Component Browser]
    ./components/ui/toaster.tsx [Server Component]
    ./app/layout.tsx [Server Component]

  Client Component SSR:
    ./lib/utils.ts [Client Component SSR]
    ./components/ui/toast.tsx [Client Component SSR]
    ./components/ui/toaster.tsx [Client Component SSR]
    ./components/ui/toaster.tsx [Server Component]
    ./app/layout.tsx [Server Component]

https://nextjs.org/docs/messages/module-not-found @ http://localhost:3000/_next/static/chunks/node_modules_next_dist_20ud_8w._.js:2099
[ 2734277ms] [LOG] [Fast Refresh] rebuilding @ http://localhost:3000/_next/static/chunks/node_modules_next_dist_20ud_8w._.js:1380
[ 2738542ms] [ERROR] ./app/globals.css
Error evaluating Node.js code
CssSyntaxError: tailwindcss: C:\Users\Lenovo\Desktop\线下黑客松\frontend\app\globals.css:1:1: Can't resolve 'tw-animate-css' in 'C:\Users\Lenovo\Desktop\线下黑客松\frontend\app'
    [at Input.error (turbopack:///[project]/node_modules/postcss/lib/input.js:135:16)]
    [at Root.error (turbopack:///[project]/node_modules/postcss/lib/node.js:166:32)]
    [at Object.Once (C:\Users\Lenovo\Desktop\线下黑客松\frontend\node_modules\@tailwindcss\postcss\dist\index.js:10:7013)]
    [at process.processTicksAndRejections (node:internal/process/task_queues:104:5)]
    [at async LazyResult.runAsync (turbopack:///[project]/node_modules/postcss/lib/lazy-result.js:299:11)]
    [at async transform (turbopack:///[turbopack-node]/transforms/postcss.ts:70:34)]
    [at async run (turbopack:///[turbopack-node]/child_process/evaluate.ts:89:23)]

Import trace:
  Client Component Browser:
    ./app/globals.css [Client Component Browser]
    ./app/layout.tsx [Server Component] @ http://localhost:3000/_next/static/chunks/node_modules_next_dist_20ud_8w._.js:2099
[ 2738543ms] [ERROR] ./components/ui/toast.tsx:4:1
Module not found: Can't resolve '@radix-ui/react-toast'
  2 |
  3 | import * as React from "react"
> 4 | import * as ToastPrimitives from "@radix-ui/react-toast"
    | ^^^^^^^^^^^^^^^^^^^^^^^^^^^^^^^^^^^^^^^^^^^^^^^^^^^^^^^^
  5 | import { cva, type VariantProps } from "class-variance-authority"
  6 | import { X } from "lucide-react"
  7 |

Import traces:
  Client Component Browser:
    ./components/ui/toast.tsx [Client Component Browser]
    ./components/ui/toaster.tsx [Client Component Browser]
    ./components/ui/toaster.tsx [Server Component]
    ./app/layout.tsx [Server Component]

  Client Component SSR:
    ./components/ui/toast.tsx [Client Component SSR]
    ./components/ui/toaster.tsx [Client Component SSR]
    ./components/ui/toaster.tsx [Server Component]
    ./app/layout.tsx [Server Component]

https://nextjs.org/docs/messages/module-not-found @ http://localhost:3000/_next/static/chunks/node_modules_next_dist_20ud_8w._.js:2099
[ 2738543ms] [ERROR] ./components/ui/toast.tsx:5:1
Module not found: Can't resolve 'class-variance-authority'
  3 | import * as React from "react"
  4 | import * as ToastPrimitives from "@radix-ui/react-toast"
> 5 | import { cva, type VariantProps } from "class-variance-authority"
    | ^^^^^^^^^^^^^^^^^^^^^^^^^^^^^^^^^^^^^^^^^^^^^^^^^^^^^^^^^^^^^^^^^
  6 | import { X } from "lucide-react"
  7 |
  8 | import { cn } from "@/lib/utils"

Import traces:
  Client Component Browser:
    ./components/ui/toast.tsx [Client Component Browser]
    ./components/ui/toaster.tsx [Client Component Browser]
    ./components/ui/toaster.tsx [Server Component]
    ./app/layout.tsx [Server Component]

  Client Component SSR:
    ./components/ui/toast.tsx [Client Component SSR]
    ./components/ui/toaster.tsx [Client Component SSR]
    ./components/ui/toaster.tsx [Server Component]
    ./app/layout.tsx [Server Component]

https://nextjs.org/docs/messages/module-not-found @ http://localhost:3000/_next/static/chunks/node_modules_next_dist_20ud_8w._.js:2099
[ 2738543ms] [ERROR] ./lib/utils.ts:1:1
Module not found: Can't resolve 'clsx'
> 1 | import { type ClassValue, clsx } from "clsx"
    | ^^^^^^^^^^^^^^^^^^^^^^^^^^^^^^^^^^^^^^^^^^^^
  2 | import { twMerge } from "tailwind-merge"
  3 |
  4 | export function cn(...inputs: ClassValue[]) {

Import traces:
  Client Component Browser:
    ./lib/utils.ts [Client Component Browser]
    ./components/ui/toast.tsx [Client Component Browser]
    ./components/ui/toaster.tsx [Client Component Browser]
    ./components/ui/toaster.tsx [Server Component]
    ./app/layout.tsx [Server Component]

  Client Component SSR:
    ./lib/utils.ts [Client Component SSR]
    ./components/ui/toast.tsx [Client Component SSR]
    ./components/ui/toaster.tsx [Client Component SSR]
    ./components/ui/toaster.tsx [Server Component]
    ./app/layout.tsx [Server Component]

https://nextjs.org/docs/messages/module-not-found @ http://localhost:3000/_next/static/chunks/node_modules_next_dist_20ud_8w._.js:2099
[ 2738543ms] [ERROR] ./app/page.tsx:2:1
Module not found: Can't resolve 'lucide-react'
  1 | import Link from "next/link"
> 2 | import { ArrowRight, FileText, GitPullRequest, Share2 } from "lucide-react"
    | ^^^^^^^^^^^^^^^^^^^^^^^^^^^^^^^^^^^^^^^^^^^^^^^^^^^^^^^^^^^^^^^^^^^^^^^^^^^
  3 |
  4 | const chain = [
  5 |   {

https://nextjs.org/docs/messages/module-not-found @ http://localhost:3000/_next/static/chunks/node_modules_next_dist_20ud_8w._.js:2099
[ 2738544ms] [ERROR] ./components/ui/toast.tsx:6:1
Module not found: Can't resolve 'lucide-react'
  4 | import * as ToastPrimitives from "@radix-ui/react-toast"
  5 | import { cva, type VariantProps } from "class-variance-authority"
> 6 | import { X } from "lucide-react"
    | ^^^^^^^^^^^^^^^^^^^^^^^^^^^^^^^^
  7 |
  8 | import { cn } from "@/lib/utils"
  9 |

Import traces:
  Client Component Browser:
    ./components/ui/toast.tsx [Client Component Browser]
    ./components/ui/toaster.tsx [Client Component Browser]
    ./components/ui/toaster.tsx [Server Component]
    ./app/layout.tsx [Server Component]

  Client Component SSR:
    ./components/ui/toast.tsx [Client Component SSR]
    ./components/ui/toaster.tsx [Client Component SSR]
    ./components/ui/toaster.tsx [Server Component]
    ./app/layout.tsx [Server Component]

https://nextjs.org/docs/messages/module-not-found @ http://localhost:3000/_next/static/chunks/node_modules_next_dist_20ud_8w._.js:2099
[ 2738544ms] [ERROR] ./lib/utils.ts:2:1
Module not found: Can't resolve 'tailwind-merge'
  1 | import { type ClassValue, clsx } from "clsx"
> 2 | import { twMerge } from "tailwind-merge"
    | ^^^^^^^^^^^^^^^^^^^^^^^^^^^^^^^^^^^^^^^^
  3 |
  4 | export function cn(...inputs: ClassValue[]) {
  5 |   return twMerge(clsx(inputs))

Import traces:
  Client Component Browser:
    ./lib/utils.ts [Client Component Browser]
    ./components/ui/toast.tsx [Client Component Browser]
    ./components/ui/toaster.tsx [Client Component Browser]
    ./components/ui/toaster.tsx [Server Component]
    ./app/layout.tsx [Server Component]

  Client Component SSR:
    ./lib/utils.ts [Client Component SSR]
    ./components/ui/toast.tsx [Client Component SSR]
    ./components/ui/toaster.tsx [Client Component SSR]
    ./components/ui/toaster.tsx [Server Component]
    ./app/layout.tsx [Server Component]

https://nextjs.org/docs/messages/module-not-found @ http://localhost:3000/_next/static/chunks/node_modules_next_dist_20ud_8w._.js:2099
[ 2738602ms] [LOG] [Fast Refresh] rebuilding @ http://localhost:3000/_next/static/chunks/node_modules_next_dist_20ud_8w._.js:1380
[ 2738828ms] [ERROR] ./app/globals.css
Error evaluating Node.js code
CssSyntaxError: tailwindcss: C:\Users\Lenovo\Desktop\线下黑客松\frontend\app\globals.css:1:1: Can't resolve 'tw-animate-css' in 'C:\Users\Lenovo\Desktop\线下黑客松\frontend\app'
    [at Input.error (turbopack:///[project]/node_modules/postcss/lib/input.js:135:16)]
    [at Root.error (turbopack:///[project]/node_modules/postcss/lib/node.js:166:32)]
    [at Object.Once (C:\Users\Lenovo\Desktop\线下黑客松\frontend\node_modules\@tailwindcss\postcss\dist\index.js:10:7013)]
    [at process.processTicksAndRejections (node:internal/process/task_queues:104:5)]
    [at async LazyResult.runAsync (turbopack:///[project]/node_modules/postcss/lib/lazy-result.js:299:11)]
    [at async transform (turbopack:///[turbopack-node]/transforms/postcss.ts:70:34)]
    [at async run (turbopack:///[turbopack-node]/child_process/evaluate.ts:89:23)]

Import trace:
  Client Component Browser:
    ./app/globals.css [Client Component Browser]
    ./app/layout.tsx [Server Component] @ http://localhost:3000/_next/static/chunks/node_modules_next_dist_20ud_8w._.js:2099
[ 2738828ms] [ERROR] ./components/ui/toast.tsx:4:1
Module not found: Can't resolve '@radix-ui/react-toast'
  2 |
  3 | import * as React from "react"
> 4 | import * as ToastPrimitives from "@radix-ui/react-toast"
    | ^^^^^^^^^^^^^^^^^^^^^^^^^^^^^^^^^^^^^^^^^^^^^^^^^^^^^^^^
  5 | import { cva, type VariantProps } from "class-variance-authority"
  6 | import { X } from "lucide-react"
  7 |

Import traces:
  Client Component Browser:
    ./components/ui/toast.tsx [Client Component Browser]
    ./components/ui/toaster.tsx [Client Component Browser]
    ./components/ui/toaster.tsx [Server Component]
    ./app/layout.tsx [Server Component]

  Client Component SSR:
    ./components/ui/toast.tsx [Client Component SSR]
    ./components/ui/toaster.tsx [Client Component SSR]
    ./components/ui/toaster.tsx [Server Component]
    ./app/layout.tsx [Server Component]

https://nextjs.org/docs/messages/module-not-found @ http://localhost:3000/_next/static/chunks/node_modules_next_dist_20ud_8w._.js:2099
[ 2738829ms] [ERROR] ./components/ui/toast.tsx:5:1
Module not found: Can't resolve 'class-variance-authority'
  3 | import * as React from "react"
  4 | import * as ToastPrimitives from "@radix-ui/react-toast"
> 5 | import { cva, type VariantProps } from "class-variance-authority"
    | ^^^^^^^^^^^^^^^^^^^^^^^^^^^^^^^^^^^^^^^^^^^^^^^^^^^^^^^^^^^^^^^^^
  6 | import { X } from "lucide-react"
  7 |
  8 | import { cn } from "@/lib/utils"

Import traces:
  Client Component Browser:
    ./components/ui/toast.tsx [Client Component Browser]
    ./components/ui/toaster.tsx [Client Component Browser]
    ./components/ui/toaster.tsx [Server Component]
    ./app/layout.tsx [Server Component]

  Client Component SSR:
    ./components/ui/toast.tsx [Client Component SSR]
    ./components/ui/toaster.tsx [Client Component SSR]
    ./components/ui/toaster.tsx [Server Component]
    ./app/layout.tsx [Server Component]

https://nextjs.org/docs/messages/module-not-found @ http://localhost:3000/_next/static/chunks/node_modules_next_dist_20ud_8w._.js:2099
[ 2738829ms] [ERROR] ./lib/utils.ts:1:1
Module not found: Can't resolve 'clsx'
> 1 | import { type ClassValue, clsx } from "clsx"
    | ^^^^^^^^^^^^^^^^^^^^^^^^^^^^^^^^^^^^^^^^^^^^
  2 | import { twMerge } from "tailwind-merge"
  3 |
  4 | export function cn(...inputs: ClassValue[]) {

Import traces:
  Client Component Browser:
    ./lib/utils.ts [Client Component Browser]
    ./components/ui/toast.tsx [Client Component Browser]
    ./components/ui/toaster.tsx [Client Component Browser]
    ./components/ui/toaster.tsx [Server Component]
    ./app/layout.tsx [Server Component]

  Client Component SSR:
    ./lib/utils.ts [Client Component SSR]
    ./components/ui/toast.tsx [Client Component SSR]
    ./components/ui/toaster.tsx [Client Component SSR]
    ./components/ui/toaster.tsx [Server Component]
    ./app/layout.tsx [Server Component]

https://nextjs.org/docs/messages/module-not-found @ http://localhost:3000/_next/static/chunks/node_modules_next_dist_20ud_8w._.js:2099
[ 2738829ms] [ERROR] ./app/page.tsx:2:1
Module not found: Can't resolve 'lucide-react'
  1 | import Link from "next/link"
> 2 | import { ArrowRight, FileText, GitPullRequest, Share2 } from "lucide-react"
    | ^^^^^^^^^^^^^^^^^^^^^^^^^^^^^^^^^^^^^^^^^^^^^^^^^^^^^^^^^^^^^^^^^^^^^^^^^^^
  3 |
  4 | const chain = [
  5 |   {

https://nextjs.org/docs/messages/module-not-found @ http://localhost:3000/_next/static/chunks/node_modules_next_dist_20ud_8w._.js:2099
[ 2738830ms] [ERROR] ./components/ui/toast.tsx:6:1
Module not found: Can't resolve 'lucide-react'
  4 | import * as ToastPrimitives from "@radix-ui/react-toast"
  5 | import { cva, type VariantProps } from "class-variance-authority"
> 6 | import { X } from "lucide-react"
    | ^^^^^^^^^^^^^^^^^^^^^^^^^^^^^^^^
  7 |
  8 | import { cn } from "@/lib/utils"
  9 |

Import traces:
  Client Component Browser:
    ./components/ui/toast.tsx [Client Component Browser]
    ./components/ui/toaster.tsx [Client Component Browser]
    ./components/ui/toaster.tsx [Server Component]
    ./app/layout.tsx [Server Component]

  Client Component SSR:
    ./components/ui/toast.tsx [Client Component SSR]
    ./components/ui/toaster.tsx [Client Component SSR]
    ./components/ui/toaster.tsx [Server Component]
    ./app/layout.tsx [Server Component]

https://nextjs.org/docs/messages/module-not-found @ http://localhost:3000/_next/static/chunks/node_modules_next_dist_20ud_8w._.js:2099
[ 2738830ms] [ERROR] ./lib/utils.ts:2:1
Module not found: Can't resolve 'tailwind-merge'
  1 | import { type ClassValue, clsx } from "clsx"
> 2 | import { twMerge } from "tailwind-merge"
    | ^^^^^^^^^^^^^^^^^^^^^^^^^^^^^^^^^^^^^^^^
  3 |
  4 | export function cn(...inputs: ClassValue[]) {
  5 |   return twMerge(clsx(inputs))

Import traces:
  Client Component Browser:
    ./lib/utils.ts [Client Component Browser]
    ./components/ui/toast.tsx [Client Component Browser]
    ./components/ui/toaster.tsx [Client Component Browser]
    ./components/ui/toaster.tsx [Server Component]
    ./app/layout.tsx [Server Component]

  Client Component SSR:
    ./lib/utils.ts [Client Component SSR]
    ./components/ui/toast.tsx [Client Component SSR]
    ./components/ui/toaster.tsx [Client Component SSR]
    ./components/ui/toaster.tsx [Server Component]
    ./app/layout.tsx [Server Component]

https://nextjs.org/docs/messages/module-not-found @ http://localhost:3000/_next/static/chunks/node_modules_next_dist_20ud_8w._.js:2099
[ 2738903ms] [LOG] [Fast Refresh] rebuilding @ http://localhost:3000/_next/static/chunks/node_modules_next_dist_20ud_8w._.js:1380
[ 2739683ms] [ERROR] ./app/globals.css
Error evaluating Node.js code
CssSyntaxError: tailwindcss: C:\Users\Lenovo\Desktop\线下黑客松\frontend\app\globals.css:1:1: Can't resolve 'tw-animate-css' in 'C:\Users\Lenovo\Desktop\线下黑客松\frontend\app'
    [at Input.error (turbopack:///[project]/node_modules/postcss/lib/input.js:135:16)]
    [at Root.error (turbopack:///[project]/node_modules/postcss/lib/node.js:166:32)]
    [at Object.Once (C:\Users\Lenovo\Desktop\线下黑客松\frontend\node_modules\@tailwindcss\postcss\dist\index.js:10:7013)]
    [at process.processTicksAndRejections (node:internal/process/task_queues:104:5)]
    [at async LazyResult.runAsync (turbopack:///[project]/node_modules/postcss/lib/lazy-result.js:299:11)]
    [at async transform (turbopack:///[turbopack-node]/transforms/postcss.ts:70:34)]
    [at async run (turbopack:///[turbopack-node]/child_process/evaluate.ts:89:23)]

Import trace:
  Client Component Browser:
    ./app/globals.css [Client Component Browser]
    ./app/layout.tsx [Server Component] @ http://localhost:3000/_next/static/chunks/node_modules_next_dist_20ud_8w._.js:2099
[ 2739683ms] [ERROR] ./components/ui/toast.tsx:4:1
Module not found: Can't resolve '@radix-ui/react-toast'
  2 |
  3 | import * as React from "react"
> 4 | import * as ToastPrimitives from "@radix-ui/react-toast"
    | ^^^^^^^^^^^^^^^^^^^^^^^^^^^^^^^^^^^^^^^^^^^^^^^^^^^^^^^^
  5 | import { cva, type VariantProps } from "class-variance-authority"
  6 | import { X } from "lucide-react"
  7 |

Import traces:
  Client Component Browser:
    ./components/ui/toast.tsx [Client Component Browser]
    ./components/ui/toaster.tsx [Client Component Browser]
    ./components/ui/toaster.tsx [Server Component]
    ./app/layout.tsx [Server Component]

  Client Component SSR:
    ./components/ui/toast.tsx [Client Component SSR]
    ./components/ui/toaster.tsx [Client Component SSR]
    ./components/ui/toaster.tsx [Server Component]
    ./app/layout.tsx [Server Component]

https://nextjs.org/docs/messages/module-not-found @ http://localhost:3000/_next/static/chunks/node_modules_next_dist_20ud_8w._.js:2099
[ 2739684ms] [ERROR] ./components/ui/toast.tsx:5:1
Module not found: Can't resolve 'class-variance-authority'
  3 | import * as React from "react"
  4 | import * as ToastPrimitives from "@radix-ui/react-toast"
> 5 | import { cva, type VariantProps } from "class-variance-authority"
    | ^^^^^^^^^^^^^^^^^^^^^^^^^^^^^^^^^^^^^^^^^^^^^^^^^^^^^^^^^^^^^^^^^
  6 | import { X } from "lucide-react"
  7 |
  8 | import { cn } from "@/lib/utils"

Import traces:
  Client Component Browser:
    ./components/ui/toast.tsx [Client Component Browser]
    ./components/ui/toaster.tsx [Client Component Browser]
    ./components/ui/toaster.tsx [Server Component]
    ./app/layout.tsx [Server Component]

  Client Component SSR:
    ./components/ui/toast.tsx [Client Component SSR]
    ./components/ui/toaster.tsx [Client Component SSR]
    ./components/ui/toaster.tsx [Server Component]
    ./app/layout.tsx [Server Component]

https://nextjs.org/docs/messages/module-not-found @ http://localhost:3000/_next/static/chunks/node_modules_next_dist_20ud_8w._.js:2099
[ 2739684ms] [ERROR] ./lib/utils.ts:1:1
Module not found: Can't resolve 'clsx'
> 1 | import { type ClassValue, clsx } from "clsx"
    | ^^^^^^^^^^^^^^^^^^^^^^^^^^^^^^^^^^^^^^^^^^^^
  2 | import { twMerge } from "tailwind-merge"
  3 |
  4 | export function cn(...inputs: ClassValue[]) {

Import traces:
  Client Component Browser:
    ./lib/utils.ts [Client Component Browser]
    ./components/ui/toast.tsx [Client Component Browser]
    ./components/ui/toaster.tsx [Client Component Browser]
    ./components/ui/toaster.tsx [Server Component]
    ./app/layout.tsx [Server Component]

  Client Component SSR:
    ./lib/utils.ts [Client Component SSR]
    ./components/ui/toast.tsx [Client Component SSR]
    ./components/ui/toaster.tsx [Client Component SSR]
    ./components/ui/toaster.tsx [Server Component]
    ./app/layout.tsx [Server Component]

https://nextjs.org/docs/messages/module-not-found @ http://localhost:3000/_next/static/chunks/node_modules_next_dist_20ud_8w._.js:2099
[ 2739684ms] [ERROR] ./app/page.tsx:2:1
Module not found: Can't resolve 'lucide-react'
  1 | import Link from "next/link"
> 2 | import { ArrowRight, FileText, GitPullRequest, Share2 } from "lucide-react"
    | ^^^^^^^^^^^^^^^^^^^^^^^^^^^^^^^^^^^^^^^^^^^^^^^^^^^^^^^^^^^^^^^^^^^^^^^^^^^
  3 |
  4 | const chain = [
  5 |   {

https://nextjs.org/docs/messages/module-not-found @ http://localhost:3000/_next/static/chunks/node_modules_next_dist_20ud_8w._.js:2099
[ 2739684ms] [ERROR] ./components/ui/toast.tsx:6:1
Module not found: Can't resolve 'lucide-react'
  4 | import * as ToastPrimitives from "@radix-ui/react-toast"
  5 | import { cva, type VariantProps } from "class-variance-authority"
> 6 | import { X } from "lucide-react"
    | ^^^^^^^^^^^^^^^^^^^^^^^^^^^^^^^^
  7 |
  8 | import { cn } from "@/lib/utils"
  9 |

Import traces:
  Client Component Browser:
    ./components/ui/toast.tsx [Client Component Browser]
    ./components/ui/toaster.tsx [Client Component Browser]
    ./components/ui/toaster.tsx [Server Component]
    ./app/layout.tsx [Server Component]

  Client Component SSR:
    ./components/ui/toast.tsx [Client Component SSR]
    ./components/ui/toaster.tsx [Client Component SSR]
    ./components/ui/toaster.tsx [Server Component]
    ./app/layout.tsx [Server Component]

https://nextjs.org/docs/messages/module-not-found @ http://localhost:3000/_next/static/chunks/node_modules_next_dist_20ud_8w._.js:2099
[ 2739685ms] [ERROR] ./lib/utils.ts:2:1
Module not found: Can't resolve 'tailwind-merge'
  1 | import { type ClassValue, clsx } from "clsx"
> 2 | import { twMerge } from "tailwind-merge"
    | ^^^^^^^^^^^^^^^^^^^^^^^^^^^^^^^^^^^^^^^^
  3 |
  4 | export function cn(...inputs: ClassValue[]) {
  5 |   return twMerge(clsx(inputs))

Import traces:
  Client Component Browser:
    ./lib/utils.ts [Client Component Browser]
    ./components/ui/toast.tsx [Client Component Browser]
    ./components/ui/toaster.tsx [Client Component Browser]
    ./components/ui/toaster.tsx [Server Component]
    ./app/layout.tsx [Server Component]

  Client Component SSR:
    ./lib/utils.ts [Client Component SSR]
    ./components/ui/toast.tsx [Client Component SSR]
    ./components/ui/toaster.tsx [Client Component SSR]
    ./components/ui/toaster.tsx [Server Component]
    ./app/layout.tsx [Server Component]

https://nextjs.org/docs/messages/module-not-found @ http://localhost:3000/_next/static/chunks/node_modules_next_dist_20ud_8w._.js:2099
[ 2739759ms] [ERROR] ./app/globals.css
Error evaluating Node.js code
CssSyntaxError: tailwindcss: C:\Users\Lenovo\Desktop\线下黑客松\frontend\app\globals.css:1:1: Can't resolve 'tw-animate-css' in 'C:\Users\Lenovo\Desktop\线下黑客松\frontend\app'
    [at Input.error (turbopack:///[project]/node_modules/postcss/lib/input.js:135:16)]
    [at Root.error (turbopack:///[project]/node_modules/postcss/lib/node.js:166:32)]
    [at Object.Once (C:\Users\Lenovo\Desktop\线下黑客松\frontend\node_modules\@tailwindcss\postcss\dist\index.js:10:7013)]
    [at process.processTicksAndRejections (node:internal/process/task_queues:104:5)]
    [at async LazyResult.runAsync (turbopack:///[project]/node_modules/postcss/lib/lazy-result.js:299:11)]
    [at async transform (turbopack:///[turbopack-node]/transforms/postcss.ts:70:34)]
    [at async run (turbopack:///[turbopack-node]/child_process/evaluate.ts:89:23)]

Import trace:
  Client Component Browser:
    ./app/globals.css [Client Component Browser]
    ./app/layout.tsx [Server Component] @ http://localhost:3000/_next/static/chunks/node_modules_next_dist_20ud_8w._.js:2099
[ 2739760ms] [ERROR] ./components/ui/toast.tsx:4:1
Module not found: Can't resolve '@radix-ui/react-toast'
  2 |
  3 | import * as React from "react"
> 4 | import * as ToastPrimitives from "@radix-ui/react-toast"
    | ^^^^^^^^^^^^^^^^^^^^^^^^^^^^^^^^^^^^^^^^^^^^^^^^^^^^^^^^
  5 | import { cva, type VariantProps } from "class-variance-authority"
  6 | import { X } from "lucide-react"
  7 |

Import traces:
  Client Component Browser:
    ./components/ui/toast.tsx [Client Component Browser]
    ./components/ui/toaster.tsx [Client Component Browser]
    ./components/ui/toaster.tsx [Server Component]
    ./app/layout.tsx [Server Component]

  Client Component SSR:
    ./components/ui/toast.tsx [Client Component SSR]
    ./components/ui/toaster.tsx [Client Component SSR]
    ./components/ui/toaster.tsx [Server Component]
    ./app/layout.tsx [Server Component]

https://nextjs.org/docs/messages/module-not-found @ http://localhost:3000/_next/static/chunks/node_modules_next_dist_20ud_8w._.js:2099
[ 2739760ms] [ERROR] ./components/ui/toast.tsx:5:1
Module not found: Can't resolve 'class-variance-authority'
  3 | import * as React from "react"
  4 | import * as ToastPrimitives from "@radix-ui/react-toast"
> 5 | import { cva, type VariantProps } from "class-variance-authority"
    | ^^^^^^^^^^^^^^^^^^^^^^^^^^^^^^^^^^^^^^^^^^^^^^^^^^^^^^^^^^^^^^^^^
  6 | import { X } from "lucide-react"
  7 |
  8 | import { cn } from "@/lib/utils"

Import traces:
  Client Component Browser:
    ./components/ui/toast.tsx [Client Component Browser]
    ./components/ui/toaster.tsx [Client Component Browser]
    ./components/ui/toaster.tsx [Server Component]
    ./app/layout.tsx [Server Component]

  Client Component SSR:
    ./components/ui/toast.tsx [Client Component SSR]
    ./components/ui/toaster.tsx [Client Component SSR]
    ./components/ui/toaster.tsx [Server Component]
    ./app/layout.tsx [Server Component]

https://nextjs.org/docs/messages/module-not-found @ http://localhost:3000/_next/static/chunks/node_modules_next_dist_20ud_8w._.js:2099
[ 2739760ms] [ERROR] ./lib/utils.ts:1:1
Module not found: Can't resolve 'clsx'
> 1 | import { type ClassValue, clsx } from "clsx"
    | ^^^^^^^^^^^^^^^^^^^^^^^^^^^^^^^^^^^^^^^^^^^^
  2 | import { twMerge } from "tailwind-merge"
  3 |
  4 | export function cn(...inputs: ClassValue[]) {

Import traces:
  Client Component Browser:
    ./lib/utils.ts [Client Component Browser]
    ./components/ui/toast.tsx [Client Component Browser]
    ./components/ui/toaster.tsx [Client Component Browser]
    ./components/ui/toaster.tsx [Server Component]
    ./app/layout.tsx [Server Component]

  Client Component SSR:
    ./lib/utils.ts [Client Component SSR]
    ./components/ui/toast.tsx [Client Component SSR]
    ./components/ui/toaster.tsx [Client Component SSR]
    ./components/ui/toaster.tsx [Server Component]
    ./app/layout.tsx [Server Component]

https://nextjs.org/docs/messages/module-not-found @ http://localhost:3000/_next/static/chunks/node_modules_next_dist_20ud_8w._.js:2099
[ 2739760ms] [ERROR] ./app/page.tsx:2:1
Module not found: Can't resolve 'lucide-react'
  1 | import Link from "next/link"
> 2 | import { ArrowRight, FileText, GitPullRequest, Share2 } from "lucide-react"
    | ^^^^^^^^^^^^^^^^^^^^^^^^^^^^^^^^^^^^^^^^^^^^^^^^^^^^^^^^^^^^^^^^^^^^^^^^^^^
  3 |
  4 | const chain = [
  5 |   {

https://nextjs.org/docs/messages/module-not-found @ http://localhost:3000/_next/static/chunks/node_modules_next_dist_20ud_8w._.js:2099
[ 2739761ms] [ERROR] ./components/ui/toast.tsx:6:1
Module not found: Can't resolve 'lucide-react'
  4 | import * as ToastPrimitives from "@radix-ui/react-toast"
  5 | import { cva, type VariantProps } from "class-variance-authority"
> 6 | import { X } from "lucide-react"
    | ^^^^^^^^^^^^^^^^^^^^^^^^^^^^^^^^
  7 |
  8 | import { cn } from "@/lib/utils"
  9 |

Import traces:
  Client Component Browser:
    ./components/ui/toast.tsx [Client Component Browser]
    ./components/ui/toaster.tsx [Client Component Browser]
    ./components/ui/toaster.tsx [Server Component]
    ./app/layout.tsx [Server Component]

  Client Component SSR:
    ./components/ui/toast.tsx [Client Component SSR]
    ./components/ui/toaster.tsx [Client Component SSR]
    ./components/ui/toaster.tsx [Server Component]
    ./app/layout.tsx [Server Component]

https://nextjs.org/docs/messages/module-not-found @ http://localhost:3000/_next/static/chunks/node_modules_next_dist_20ud_8w._.js:2099
[ 2739761ms] [ERROR] ./lib/utils.ts:2:1
Module not found: Can't resolve 'tailwind-merge'
  1 | import { type ClassValue, clsx } from "clsx"
> 2 | import { twMerge } from "tailwind-merge"
    | ^^^^^^^^^^^^^^^^^^^^^^^^^^^^^^^^^^^^^^^^
  3 |
  4 | export function cn(...inputs: ClassValue[]) {
  5 |   return twMerge(clsx(inputs))

Import traces:
  Client Component Browser:
    ./lib/utils.ts [Client Component Browser]
    ./components/ui/toast.tsx [Client Component Browser]
    ./components/ui/toaster.tsx [Client Component Browser]
    ./components/ui/toaster.tsx [Server Component]
    ./app/layout.tsx [Server Component]

  Client Component SSR:
    ./lib/utils.ts [Client Component SSR]
    ./components/ui/toast.tsx [Client Component SSR]
    ./components/ui/toaster.tsx [Client Component SSR]
    ./components/ui/toaster.tsx [Server Component]
    ./app/layout.tsx [Server Component]

https://nextjs.org/docs/messages/module-not-found @ http://localhost:3000/_next/static/chunks/node_modules_next_dist_20ud_8w._.js:2099
[ 2739818ms] [LOG] [Fast Refresh] rebuilding @ http://localhost:3000/_next/static/chunks/node_modules_next_dist_20ud_8w._.js:1380
[ 2750226ms] [ERROR] ./app/globals.css
Error evaluating Node.js code
CssSyntaxError: tailwindcss: C:\Users\Lenovo\Desktop\线下黑客松\frontend\app\globals.css:1:1: Can't resolve 'tw-animate-css' in 'C:\Users\Lenovo\Desktop\线下黑客松\frontend\app'
    [at Input.error (turbopack:///[project]/node_modules/postcss/lib/input.js:135:16)]
    [at Root.error (turbopack:///[project]/node_modules/postcss/lib/node.js:166:32)]
    [at Object.Once (C:\Users\Lenovo\Desktop\线下黑客松\frontend\node_modules\@tailwindcss\postcss\dist\index.js:10:7013)]
    [at process.processTicksAndRejections (node:internal/process/task_queues:104:5)]
    [at async LazyResult.runAsync (turbopack:///[project]/node_modules/postcss/lib/lazy-result.js:299:11)]
    [at async transform (turbopack:///[turbopack-node]/transforms/postcss.ts:70:34)]
    [at async run (turbopack:///[turbopack-node]/child_process/evaluate.ts:89:23)]

Import trace:
  Client Component Browser:
    ./app/globals.css [Client Component Browser]
    ./app/layout.tsx [Server Component] @ http://localhost:3000/_next/static/chunks/node_modules_next_dist_20ud_8w._.js:2099
[ 2750227ms] [ERROR] ./components/ui/toast.tsx:4:1
Module not found: Can't resolve '@radix-ui/react-toast'
  2 |
  3 | import * as React from "react"
> 4 | import * as ToastPrimitives from "@radix-ui/react-toast"
    | ^^^^^^^^^^^^^^^^^^^^^^^^^^^^^^^^^^^^^^^^^^^^^^^^^^^^^^^^
  5 | import { cva, type VariantProps } from "class-variance-authority"
  6 | import { X } from "lucide-react"
  7 |

Import traces:
  Client Component Browser:
    ./components/ui/toast.tsx [Client Component Browser]
    ./components/ui/toaster.tsx [Client Component Browser]
    ./components/ui/toaster.tsx [Server Component]
    ./app/layout.tsx [Server Component]

  Client Component SSR:
    ./components/ui/toast.tsx [Client Component SSR]
    ./components/ui/toaster.tsx [Client Component SSR]
    ./components/ui/toaster.tsx [Server Component]
    ./app/layout.tsx [Server Component]

https://nextjs.org/docs/messages/module-not-found @ http://localhost:3000/_next/static/chunks/node_modules_next_dist_20ud_8w._.js:2099
[ 2750227ms] [ERROR] ./components/ui/toast.tsx:5:1
Module not found: Can't resolve 'class-variance-authority'
  3 | import * as React from "react"
  4 | import * as ToastPrimitives from "@radix-ui/react-toast"
> 5 | import { cva, type VariantProps } from "class-variance-authority"
    | ^^^^^^^^^^^^^^^^^^^^^^^^^^^^^^^^^^^^^^^^^^^^^^^^^^^^^^^^^^^^^^^^^
  6 | import { X } from "lucide-react"
  7 |
  8 | import { cn } from "@/lib/utils"

Import traces:
  Client Component Browser:
    ./components/ui/toast.tsx [Client Component Browser]
    ./components/ui/toaster.tsx [Client Component Browser]
    ./components/ui/toaster.tsx [Server Component]
    ./app/layout.tsx [Server Component]

  Client Component SSR:
    ./components/ui/toast.tsx [Client Component SSR]
    ./components/ui/toaster.tsx [Client Component SSR]
    ./components/ui/toaster.tsx [Server Component]
    ./app/layout.tsx [Server Component]

https://nextjs.org/docs/messages/module-not-found @ http://localhost:3000/_next/static/chunks/node_modules_next_dist_20ud_8w._.js:2099
[ 2750227ms] [ERROR] ./lib/utils.ts:1:1
Module not found: Can't resolve 'clsx'
> 1 | import { type ClassValue, clsx } from "clsx"
    | ^^^^^^^^^^^^^^^^^^^^^^^^^^^^^^^^^^^^^^^^^^^^
  2 | import { twMerge } from "tailwind-merge"
  3 |
  4 | export function cn(...inputs: ClassValue[]) {

Import traces:
  Client Component Browser:
    ./lib/utils.ts [Client Component Browser]
    ./components/ui/toast.tsx [Client Component Browser]
    ./components/ui/toaster.tsx [Client Component Browser]
    ./components/ui/toaster.tsx [Server Component]
    ./app/layout.tsx [Server Component]

  Client Component SSR:
    ./lib/utils.ts [Client Component SSR]
    ./components/ui/toast.tsx [Client Component SSR]
    ./components/ui/toaster.tsx [Client Component SSR]
    ./components/ui/toaster.tsx [Server Component]
    ./app/layout.tsx [Server Component]

https://nextjs.org/docs/messages/module-not-found @ http://localhost:3000/_next/static/chunks/node_modules_next_dist_20ud_8w._.js:2099
[ 2750228ms] [ERROR] ./app/page.tsx:2:1
Module not found: Can't resolve 'lucide-react'
  1 | import Link from "next/link"
> 2 | import { ArrowRight, FileText, GitPullRequest, Share2 } from "lucide-react"
    | ^^^^^^^^^^^^^^^^^^^^^^^^^^^^^^^^^^^^^^^^^^^^^^^^^^^^^^^^^^^^^^^^^^^^^^^^^^^
  3 |
  4 | const chain = [
  5 |   {

https://nextjs.org/docs/messages/module-not-found @ http://localhost:3000/_next/static/chunks/node_modules_next_dist_20ud_8w._.js:2099
[ 2750228ms] [ERROR] ./components/ui/toast.tsx:6:1
Module not found: Can't resolve 'lucide-react'
  4 | import * as ToastPrimitives from "@radix-ui/react-toast"
  5 | import { cva, type VariantProps } from "class-variance-authority"
> 6 | import { X } from "lucide-react"
    | ^^^^^^^^^^^^^^^^^^^^^^^^^^^^^^^^
  7 |
  8 | import { cn } from "@/lib/utils"
  9 |

Import traces:
  Client Component Browser:
    ./components/ui/toast.tsx [Client Component Browser]
    ./components/ui/toaster.tsx [Client Component Browser]
    ./components/ui/toaster.tsx [Server Component]
    ./app/layout.tsx [Server Component]

  Client Component SSR:
    ./components/ui/toast.tsx [Client Component SSR]
    ./components/ui/toaster.tsx [Client Component SSR]
    ./components/ui/toaster.tsx [Server Component]
    ./app/layout.tsx [Server Component]

https://nextjs.org/docs/messages/module-not-found @ http://localhost:3000/_next/static/chunks/node_modules_next_dist_20ud_8w._.js:2099
[ 2750228ms] [ERROR] ./lib/utils.ts:2:1
Module not found: Can't resolve 'tailwind-merge'
  1 | import { type ClassValue, clsx } from "clsx"
> 2 | import { twMerge } from "tailwind-merge"
    | ^^^^^^^^^^^^^^^^^^^^^^^^^^^^^^^^^^^^^^^^
  3 |
  4 | export function cn(...inputs: ClassValue[]) {
  5 |   return twMerge(clsx(inputs))

Import traces:
  Client Component Browser:
    ./lib/utils.ts [Client Component Browser]
    ./components/ui/toast.tsx [Client Component Browser]
    ./components/ui/toaster.tsx [Client Component Browser]
    ./components/ui/toaster.tsx [Server Component]
    ./app/layout.tsx [Server Component]

  Client Component SSR:
    ./lib/utils.ts [Client Component SSR]
    ./components/ui/toast.tsx [Client Component SSR]
    ./components/ui/toaster.tsx [Client Component SSR]
    ./components/ui/toaster.tsx [Server Component]
    ./app/layout.tsx [Server Component]

https://nextjs.org/docs/messages/module-not-found @ http://localhost:3000/_next/static/chunks/node_modules_next_dist_20ud_8w._.js:2099
[ 2750284ms] [LOG] [Fast Refresh] rebuilding @ http://localhost:3000/_next/static/chunks/node_modules_next_dist_20ud_8w._.js:1380
[ 2756798ms] [ERROR] ./app/globals.css
Error evaluating Node.js code
CssSyntaxError: tailwindcss: C:\Users\Lenovo\Desktop\线下黑客松\frontend\app\globals.css:1:1: Can't resolve 'tw-animate-css' in 'C:\Users\Lenovo\Desktop\线下黑客松\frontend\app'
    [at Input.error (turbopack:///[project]/node_modules/postcss/lib/input.js:135:16)]
    [at Root.error (turbopack:///[project]/node_modules/postcss/lib/node.js:166:32)]
    [at Object.Once (C:\Users\Lenovo\Desktop\线下黑客松\frontend\node_modules\@tailwindcss\postcss\dist\index.js:10:7013)]
    [at process.processTicksAndRejections (node:internal/process/task_queues:104:5)]
    [at async LazyResult.runAsync (turbopack:///[project]/node_modules/postcss/lib/lazy-result.js:299:11)]
    [at async transform (turbopack:///[turbopack-node]/transforms/postcss.ts:70:34)]
    [at async run (turbopack:///[turbopack-node]/child_process/evaluate.ts:89:23)]

Import trace:
  Client Component Browser:
    ./app/globals.css [Client Component Browser]
    ./app/layout.tsx [Server Component] @ http://localhost:3000/_next/static/chunks/node_modules_next_dist_20ud_8w._.js:2099
[ 2756799ms] [ERROR] ./components/ui/toast.tsx:4:1
Module not found: Can't resolve '@radix-ui/react-toast'
  2 |
  3 | import * as React from "react"
> 4 | import * as ToastPrimitives from "@radix-ui/react-toast"
    | ^^^^^^^^^^^^^^^^^^^^^^^^^^^^^^^^^^^^^^^^^^^^^^^^^^^^^^^^
  5 | import { cva, type VariantProps } from "class-variance-authority"
  6 | import { X } from "lucide-react"
  7 |

Import traces:
  Client Component Browser:
    ./components/ui/toast.tsx [Client Component Browser]
    ./components/ui/toaster.tsx [Client Component Browser]
    ./components/ui/toaster.tsx [Server Component]
    ./app/layout.tsx [Server Component]

  Client Component SSR:
    ./components/ui/toast.tsx [Client Component SSR]
    ./components/ui/toaster.tsx [Client Component SSR]
    ./components/ui/toaster.tsx [Server Component]
    ./app/layout.tsx [Server Component]

https://nextjs.org/docs/messages/module-not-found @ http://localhost:3000/_next/static/chunks/node_modules_next_dist_20ud_8w._.js:2099
[ 2756799ms] [ERROR] ./components/ui/toast.tsx:5:1
Module not found: Can't resolve 'class-variance-authority'
  3 | import * as React from "react"
  4 | import * as ToastPrimitives from "@radix-ui/react-toast"
> 5 | import { cva, type VariantProps } from "class-variance-authority"
    | ^^^^^^^^^^^^^^^^^^^^^^^^^^^^^^^^^^^^^^^^^^^^^^^^^^^^^^^^^^^^^^^^^
  6 | import { X } from "lucide-react"
  7 |
  8 | import { cn } from "@/lib/utils"

Import traces:
  Client Component Browser:
    ./components/ui/toast.tsx [Client Component Browser]
    ./components/ui/toaster.tsx [Client Component Browser]
    ./components/ui/toaster.tsx [Server Component]
    ./app/layout.tsx [Server Component]

  Client Component SSR:
    ./components/ui/toast.tsx [Client Component SSR]
    ./components/ui/toaster.tsx [Client Component SSR]
    ./components/ui/toaster.tsx [Server Component]
    ./app/layout.tsx [Server Component]

https://nextjs.org/docs/messages/module-not-found @ http://localhost:3000/_next/static/chunks/node_modules_next_dist_20ud_8w._.js:2099
[ 2756799ms] [ERROR] ./lib/utils.ts:1:1
Module not found: Can't resolve 'clsx'
> 1 | import { type ClassValue, clsx } from "clsx"
    | ^^^^^^^^^^^^^^^^^^^^^^^^^^^^^^^^^^^^^^^^^^^^
  2 | import { twMerge } from "tailwind-merge"
  3 |
  4 | export function cn(...inputs: ClassValue[]) {

Import traces:
  Client Component Browser:
    ./lib/utils.ts [Client Component Browser]
    ./components/ui/toast.tsx [Client Component Browser]
    ./components/ui/toaster.tsx [Client Component Browser]
    ./components/ui/toaster.tsx [Server Component]
    ./app/layout.tsx [Server Component]

  Client Component SSR:
    ./lib/utils.ts [Client Component SSR]
    ./components/ui/toast.tsx [Client Component SSR]
    ./components/ui/toaster.tsx [Client Component SSR]
    ./components/ui/toaster.tsx [Server Component]
    ./app/layout.tsx [Server Component]

https://nextjs.org/docs/messages/module-not-found @ http://localhost:3000/_next/static/chunks/node_modules_next_dist_20ud_8w._.js:2099
[ 2756800ms] [ERROR] ./app/page.tsx:2:1
Module not found: Can't resolve 'lucide-react'
  1 | import Link from "next/link"
> 2 | import { ArrowRight, FileText, GitPullRequest, Share2 } from "lucide-react"
    | ^^^^^^^^^^^^^^^^^^^^^^^^^^^^^^^^^^^^^^^^^^^^^^^^^^^^^^^^^^^^^^^^^^^^^^^^^^^
  3 |
  4 | const chain = [
  5 |   {

https://nextjs.org/docs/messages/module-not-found @ http://localhost:3000/_next/static/chunks/node_modules_next_dist_20ud_8w._.js:2099
[ 2756800ms] [ERROR] ./components/ui/toast.tsx:6:1
Module not found: Can't resolve 'lucide-react'
  4 | import * as ToastPrimitives from "@radix-ui/react-toast"
  5 | import { cva, type VariantProps } from "class-variance-authority"
> 6 | import { X } from "lucide-react"
    | ^^^^^^^^^^^^^^^^^^^^^^^^^^^^^^^^
  7 |
  8 | import { cn } from "@/lib/utils"
  9 |

Import traces:
  Client Component Browser:
    ./components/ui/toast.tsx [Client Component Browser]
    ./components/ui/toaster.tsx [Client Component Browser]
    ./components/ui/toaster.tsx [Server Component]
    ./app/layout.tsx [Server Component]

  Client Component SSR:
    ./components/ui/toast.tsx [Client Component SSR]
    ./components/ui/toaster.tsx [Client Component SSR]
    ./components/ui/toaster.tsx [Server Component]
    ./app/layout.tsx [Server Component]

https://nextjs.org/docs/messages/module-not-found @ http://localhost:3000/_next/static/chunks/node_modules_next_dist_20ud_8w._.js:2099
[ 2756800ms] [ERROR] ./lib/utils.ts:2:1
Module not found: Can't resolve 'tailwind-merge'
  1 | import { type ClassValue, clsx } from "clsx"
> 2 | import { twMerge } from "tailwind-merge"
    | ^^^^^^^^^^^^^^^^^^^^^^^^^^^^^^^^^^^^^^^^
  3 |
  4 | export function cn(...inputs: ClassValue[]) {
  5 |   return twMerge(clsx(inputs))

Import traces:
  Client Component Browser:
    ./lib/utils.ts [Client Component Browser]
    ./components/ui/toast.tsx [Client Component Browser]
    ./components/ui/toaster.tsx [Client Component Browser]
    ./components/ui/toaster.tsx [Server Component]
    ./app/layout.tsx [Server Component]

  Client Component SSR:
    ./lib/utils.ts [Client Component SSR]
    ./components/ui/toast.tsx [Client Component SSR]
    ./components/ui/toaster.tsx [Client Component SSR]
    ./components/ui/toaster.tsx [Server Component]
    ./app/layout.tsx [Server Component]

https://nextjs.org/docs/messages/module-not-found @ http://localhost:3000/_next/static/chunks/node_modules_next_dist_20ud_8w._.js:2099
[ 2756871ms] [LOG] [Fast Refresh] rebuilding @ http://localhost:3000/_next/static/chunks/node_modules_next_dist_20ud_8w._.js:1380
[ 2767286ms] [ERROR] ./app/globals.css
Error evaluating Node.js code
CssSyntaxError: tailwindcss: C:\Users\Lenovo\Desktop\线下黑客松\frontend\app\globals.css:1:1: Can't resolve 'tw-animate-css' in 'C:\Users\Lenovo\Desktop\线下黑客松\frontend\app'
    [at Input.error (turbopack:///[project]/node_modules/postcss/lib/input.js:135:16)]
    [at Root.error (turbopack:///[project]/node_modules/postcss/lib/node.js:166:32)]
    [at Object.Once (C:\Users\Lenovo\Desktop\线下黑客松\frontend\node_modules\@tailwindcss\postcss\dist\index.js:10:7013)]
    [at process.processTicksAndRejections (node:internal/process/task_queues:104:5)]
    [at async LazyResult.runAsync (turbopack:///[project]/node_modules/postcss/lib/lazy-result.js:299:11)]
    [at async transform (turbopack:///[turbopack-node]/transforms/postcss.ts:70:34)]
    [at async run (turbopack:///[turbopack-node]/child_process/evaluate.ts:89:23)]

Import trace:
  Client Component Browser:
    ./app/globals.css [Client Component Browser]
    ./app/layout.tsx [Server Component] @ http://localhost:3000/_next/static/chunks/node_modules_next_dist_20ud_8w._.js:2099
[ 2767286ms] [ERROR] ./components/ui/toast.tsx:4:1
Module not found: Can't resolve '@radix-ui/react-toast'
  2 |
  3 | import * as React from "react"
> 4 | import * as ToastPrimitives from "@radix-ui/react-toast"
    | ^^^^^^^^^^^^^^^^^^^^^^^^^^^^^^^^^^^^^^^^^^^^^^^^^^^^^^^^
  5 | import { cva, type VariantProps } from "class-variance-authority"
  6 | import { X } from "lucide-react"
  7 |

Import traces:
  Client Component Browser:
    ./components/ui/toast.tsx [Client Component Browser]
    ./components/ui/toaster.tsx [Client Component Browser]
    ./components/ui/toaster.tsx [Server Component]
    ./app/layout.tsx [Server Component]

  Client Component SSR:
    ./components/ui/toast.tsx [Client Component SSR]
    ./components/ui/toaster.tsx [Client Component SSR]
    ./components/ui/toaster.tsx [Server Component]
    ./app/layout.tsx [Server Component]

https://nextjs.org/docs/messages/module-not-found @ http://localhost:3000/_next/static/chunks/node_modules_next_dist_20ud_8w._.js:2099
[ 2767287ms] [ERROR] ./components/ui/toast.tsx:5:1
Module not found: Can't resolve 'class-variance-authority'
  3 | import * as React from "react"
  4 | import * as ToastPrimitives from "@radix-ui/react-toast"
> 5 | import { cva, type VariantProps } from "class-variance-authority"
    | ^^^^^^^^^^^^^^^^^^^^^^^^^^^^^^^^^^^^^^^^^^^^^^^^^^^^^^^^^^^^^^^^^
  6 | import { X } from "lucide-react"
  7 |
  8 | import { cn } from "@/lib/utils"

Import traces:
  Client Component Browser:
    ./components/ui/toast.tsx [Client Component Browser]
    ./components/ui/toaster.tsx [Client Component Browser]
    ./components/ui/toaster.tsx [Server Component]
    ./app/layout.tsx [Server Component]

  Client Component SSR:
    ./components/ui/toast.tsx [Client Component SSR]
    ./components/ui/toaster.tsx [Client Component SSR]
    ./components/ui/toaster.tsx [Server Component]
    ./app/layout.tsx [Server Component]

https://nextjs.org/docs/messages/module-not-found @ http://localhost:3000/_next/static/chunks/node_modules_next_dist_20ud_8w._.js:2099
[ 2767287ms] [ERROR] ./lib/utils.ts:1:1
Module not found: Can't resolve 'clsx'
> 1 | import { type ClassValue, clsx } from "clsx"
    | ^^^^^^^^^^^^^^^^^^^^^^^^^^^^^^^^^^^^^^^^^^^^
  2 | import { twMerge } from "tailwind-merge"
  3 |
  4 | export function cn(...inputs: ClassValue[]) {

Import traces:
  Client Component Browser:
    ./lib/utils.ts [Client Component Browser]
    ./components/ui/toast.tsx [Client Component Browser]
    ./components/ui/toaster.tsx [Client Component Browser]
    ./components/ui/toaster.tsx [Server Component]
    ./app/layout.tsx [Server Component]

  Client Component SSR:
    ./lib/utils.ts [Client Component SSR]
    ./components/ui/toast.tsx [Client Component SSR]
    ./components/ui/toaster.tsx [Client Component SSR]
    ./components/ui/toaster.tsx [Server Component]
    ./app/layout.tsx [Server Component]

https://nextjs.org/docs/messages/module-not-found @ http://localhost:3000/_next/static/chunks/node_modules_next_dist_20ud_8w._.js:2099
[ 2767287ms] [ERROR] ./app/page.tsx:2:1
Module not found: Can't resolve 'lucide-react'
  1 | import Link from "next/link"
> 2 | import { ArrowRight, FileText, GitPullRequest, Share2 } from "lucide-react"
    | ^^^^^^^^^^^^^^^^^^^^^^^^^^^^^^^^^^^^^^^^^^^^^^^^^^^^^^^^^^^^^^^^^^^^^^^^^^^
  3 |
  4 | const chain = [
  5 |   {

https://nextjs.org/docs/messages/module-not-found @ http://localhost:3000/_next/static/chunks/node_modules_next_dist_20ud_8w._.js:2099
[ 2767288ms] [ERROR] ./components/ui/toast.tsx:6:1
Module not found: Can't resolve 'lucide-react'
  4 | import * as ToastPrimitives from "@radix-ui/react-toast"
  5 | import { cva, type VariantProps } from "class-variance-authority"
> 6 | import { X } from "lucide-react"
    | ^^^^^^^^^^^^^^^^^^^^^^^^^^^^^^^^
  7 |
  8 | import { cn } from "@/lib/utils"
  9 |

Import traces:
  Client Component Browser:
    ./components/ui/toast.tsx [Client Component Browser]
    ./components/ui/toaster.tsx [Client Component Browser]
    ./components/ui/toaster.tsx [Server Component]
    ./app/layout.tsx [Server Component]

  Client Component SSR:
    ./components/ui/toast.tsx [Client Component SSR]
    ./components/ui/toaster.tsx [Client Component SSR]
    ./components/ui/toaster.tsx [Server Component]
    ./app/layout.tsx [Server Component]

https://nextjs.org/docs/messages/module-not-found @ http://localhost:3000/_next/static/chunks/node_modules_next_dist_20ud_8w._.js:2099
[ 2767288ms] [ERROR] ./lib/utils.ts:2:1
Module not found: Can't resolve 'tailwind-merge'
  1 | import { type ClassValue, clsx } from "clsx"
> 2 | import { twMerge } from "tailwind-merge"
    | ^^^^^^^^^^^^^^^^^^^^^^^^^^^^^^^^^^^^^^^^
  3 |
  4 | export function cn(...inputs: ClassValue[]) {
  5 |   return twMerge(clsx(inputs))

Import traces:
  Client Component Browser:
    ./lib/utils.ts [Client Component Browser]
    ./components/ui/toast.tsx [Client Component Browser]
    ./components/ui/toaster.tsx [Client Component Browser]
    ./components/ui/toaster.tsx [Server Component]
    ./app/layout.tsx [Server Component]

  Client Component SSR:
    ./lib/utils.ts [Client Component SSR]
    ./components/ui/toast.tsx [Client Component SSR]
    ./components/ui/toaster.tsx [Client Component SSR]
    ./components/ui/toaster.tsx [Server Component]
    ./app/layout.tsx [Server Component]

https://nextjs.org/docs/messages/module-not-found @ http://localhost:3000/_next/static/chunks/node_modules_next_dist_20ud_8w._.js:2099
[ 2767346ms] [LOG] [Fast Refresh] rebuilding @ http://localhost:3000/_next/static/chunks/node_modules_next_dist_20ud_8w._.js:1380
[ 2771002ms] [ERROR] ./app/globals.css
Error evaluating Node.js code
CssSyntaxError: tailwindcss: C:\Users\Lenovo\Desktop\线下黑客松\frontend\app\globals.css:1:1: Can't resolve 'tw-animate-css' in 'C:\Users\Lenovo\Desktop\线下黑客松\frontend\app'
    [at Input.error (turbopack:///[project]/node_modules/postcss/lib/input.js:135:16)]
    [at Root.error (turbopack:///[project]/node_modules/postcss/lib/node.js:166:32)]
    [at Object.Once (C:\Users\Lenovo\Desktop\线下黑客松\frontend\node_modules\@tailwindcss\postcss\dist\index.js:10:7013)]
    [at process.processTicksAndRejections (node:internal/process/task_queues:104:5)]
    [at async LazyResult.runAsync (turbopack:///[project]/node_modules/postcss/lib/lazy-result.js:299:11)]
    [at async transform (turbopack:///[turbopack-node]/transforms/postcss.ts:70:34)]
    [at async run (turbopack:///[turbopack-node]/child_process/evaluate.ts:89:23)]

Import trace:
  Client Component Browser:
    ./app/globals.css [Client Component Browser]
    ./app/layout.tsx [Server Component] @ http://localhost:3000/_next/static/chunks/node_modules_next_dist_20ud_8w._.js:2099
[ 2771003ms] [ERROR] ./components/ui/toast.tsx:4:1
Module not found: Can't resolve '@radix-ui/react-toast'
  2 |
  3 | import * as React from "react"
> 4 | import * as ToastPrimitives from "@radix-ui/react-toast"
    | ^^^^^^^^^^^^^^^^^^^^^^^^^^^^^^^^^^^^^^^^^^^^^^^^^^^^^^^^
  5 | import { cva, type VariantProps } from "class-variance-authority"
  6 | import { X } from "lucide-react"
  7 |

Import traces:
  Client Component Browser:
    ./components/ui/toast.tsx [Client Component Browser]
    ./components/ui/toaster.tsx [Client Component Browser]
    ./components/ui/toaster.tsx [Server Component]
    ./app/layout.tsx [Server Component]

  Client Component SSR:
    ./components/ui/toast.tsx [Client Component SSR]
    ./components/ui/toaster.tsx [Client Component SSR]
    ./components/ui/toaster.tsx [Server Component]
    ./app/layout.tsx [Server Component]

https://nextjs.org/docs/messages/module-not-found @ http://localhost:3000/_next/static/chunks/node_modules_next_dist_20ud_8w._.js:2099
[ 2771003ms] [ERROR] ./components/ui/toast.tsx:5:1
Module not found: Can't resolve 'class-variance-authority'
  3 | import * as React from "react"
  4 | import * as ToastPrimitives from "@radix-ui/react-toast"
> 5 | import { cva, type VariantProps } from "class-variance-authority"
    | ^^^^^^^^^^^^^^^^^^^^^^^^^^^^^^^^^^^^^^^^^^^^^^^^^^^^^^^^^^^^^^^^^
  6 | import { X } from "lucide-react"
  7 |
  8 | import { cn } from "@/lib/utils"

Import traces:
  Client Component Browser:
    ./components/ui/toast.tsx [Client Component Browser]
    ./components/ui/toaster.tsx [Client Component Browser]
    ./components/ui/toaster.tsx [Server Component]
    ./app/layout.tsx [Server Component]

  Client Component SSR:
    ./components/ui/toast.tsx [Client Component SSR]
    ./components/ui/toaster.tsx [Client Component SSR]
    ./components/ui/toaster.tsx [Server Component]
    ./app/layout.tsx [Server Component]

https://nextjs.org/docs/messages/module-not-found @ http://localhost:3000/_next/static/chunks/node_modules_next_dist_20ud_8w._.js:2099
[ 2771003ms] [ERROR] ./lib/utils.ts:1:1
Module not found: Can't resolve 'clsx'
> 1 | import { type ClassValue, clsx } from "clsx"
    | ^^^^^^^^^^^^^^^^^^^^^^^^^^^^^^^^^^^^^^^^^^^^
  2 | import { twMerge } from "tailwind-merge"
  3 |
  4 | export function cn(...inputs: ClassValue[]) {

Import traces:
  Client Component Browser:
    ./lib/utils.ts [Client Component Browser]
    ./components/ui/toast.tsx [Client Component Browser]
    ./components/ui/toaster.tsx [Client Component Browser]
    ./components/ui/toaster.tsx [Server Component]
    ./app/layout.tsx [Server Component]

  Client Component SSR:
    ./lib/utils.ts [Client Component SSR]
    ./components/ui/toast.tsx [Client Component SSR]
    ./components/ui/toaster.tsx [Client Component SSR]
    ./components/ui/toaster.tsx [Server Component]
    ./app/layout.tsx [Server Component]

https://nextjs.org/docs/messages/module-not-found @ http://localhost:3000/_next/static/chunks/node_modules_next_dist_20ud_8w._.js:2099
[ 2771003ms] [ERROR] ./app/page.tsx:2:1
Module not found: Can't resolve 'lucide-react'
  1 | import Link from "next/link"
> 2 | import { ArrowRight, FileText, GitPullRequest, Share2 } from "lucide-react"
    | ^^^^^^^^^^^^^^^^^^^^^^^^^^^^^^^^^^^^^^^^^^^^^^^^^^^^^^^^^^^^^^^^^^^^^^^^^^^
  3 |
  4 | const chain = [
  5 |   {

https://nextjs.org/docs/messages/module-not-found @ http://localhost:3000/_next/static/chunks/node_modules_next_dist_20ud_8w._.js:2099
[ 2771004ms] [ERROR] ./components/ui/toast.tsx:6:1
Module not found: Can't resolve 'lucide-react'
  4 | import * as ToastPrimitives from "@radix-ui/react-toast"
  5 | import { cva, type VariantProps } from "class-variance-authority"
> 6 | import { X } from "lucide-react"
    | ^^^^^^^^^^^^^^^^^^^^^^^^^^^^^^^^
  7 |
  8 | import { cn } from "@/lib/utils"
  9 |

Import traces:
  Client Component Browser:
    ./components/ui/toast.tsx [Client Component Browser]
    ./components/ui/toaster.tsx [Client Component Browser]
    ./components/ui/toaster.tsx [Server Component]
    ./app/layout.tsx [Server Component]

  Client Component SSR:
    ./components/ui/toast.tsx [Client Component SSR]
    ./components/ui/toaster.tsx [Client Component SSR]
    ./components/ui/toaster.tsx [Server Component]
    ./app/layout.tsx [Server Component]

https://nextjs.org/docs/messages/module-not-found @ http://localhost:3000/_next/static/chunks/node_modules_next_dist_20ud_8w._.js:2099
[ 2771004ms] [ERROR] ./lib/utils.ts:2:1
Module not found: Can't resolve 'tailwind-merge'
  1 | import { type ClassValue, clsx } from "clsx"
> 2 | import { twMerge } from "tailwind-merge"
    | ^^^^^^^^^^^^^^^^^^^^^^^^^^^^^^^^^^^^^^^^
  3 |
  4 | export function cn(...inputs: ClassValue[]) {
  5 |   return twMerge(clsx(inputs))

Import traces:
  Client Component Browser:
    ./lib/utils.ts [Client Component Browser]
    ./components/ui/toast.tsx [Client Component Browser]
    ./components/ui/toaster.tsx [Client Component Browser]
    ./components/ui/toaster.tsx [Server Component]
    ./app/layout.tsx [Server Component]

  Client Component SSR:
    ./lib/utils.ts [Client Component SSR]
    ./components/ui/toast.tsx [Client Component SSR]
    ./components/ui/toaster.tsx [Client Component SSR]
    ./components/ui/toaster.tsx [Server Component]
    ./app/layout.tsx [Server Component]

https://nextjs.org/docs/messages/module-not-found @ http://localhost:3000/_next/static/chunks/node_modules_next_dist_20ud_8w._.js:2099
[ 2771062ms] [LOG] [Fast Refresh] rebuilding @ http://localhost:3000/_next/static/chunks/node_modules_next_dist_20ud_8w._.js:1380
[ 2771191ms] [ERROR] ./app/globals.css
Error evaluating Node.js code
CssSyntaxError: tailwindcss: C:\Users\Lenovo\Desktop\线下黑客松\frontend\app\globals.css:1:1: Can't resolve 'tw-animate-css' in 'C:\Users\Lenovo\Desktop\线下黑客松\frontend\app'
    [at Input.error (turbopack:///[project]/node_modules/postcss/lib/input.js:135:16)]
    [at Root.error (turbopack:///[project]/node_modules/postcss/lib/node.js:166:32)]
    [at Object.Once (C:\Users\Lenovo\Desktop\线下黑客松\frontend\node_modules\@tailwindcss\postcss\dist\index.js:10:7013)]
    [at process.processTicksAndRejections (node:internal/process/task_queues:104:5)]
    [at async LazyResult.runAsync (turbopack:///[project]/node_modules/postcss/lib/lazy-result.js:299:11)]
    [at async transform (turbopack:///[turbopack-node]/transforms/postcss.ts:70:34)]
    [at async run (turbopack:///[turbopack-node]/child_process/evaluate.ts:89:23)]

Import trace:
  Client Component Browser:
    ./app/globals.css [Client Component Browser]
    ./app/layout.tsx [Server Component] @ http://localhost:3000/_next/static/chunks/node_modules_next_dist_20ud_8w._.js:2099
[ 2771192ms] [ERROR] ./components/ui/toast.tsx:4:1
Module not found: Can't resolve '@radix-ui/react-toast'
  2 |
  3 | import * as React from "react"
> 4 | import * as ToastPrimitives from "@radix-ui/react-toast"
    | ^^^^^^^^^^^^^^^^^^^^^^^^^^^^^^^^^^^^^^^^^^^^^^^^^^^^^^^^
  5 | import { cva, type VariantProps } from "class-variance-authority"
  6 | import { X } from "lucide-react"
  7 |

Import traces:
  Client Component Browser:
    ./components/ui/toast.tsx [Client Component Browser]
    ./components/ui/toaster.tsx [Client Component Browser]
    ./components/ui/toaster.tsx [Server Component]
    ./app/layout.tsx [Server Component]

  Client Component SSR:
    ./components/ui/toast.tsx [Client Component SSR]
    ./components/ui/toaster.tsx [Client Component SSR]
    ./components/ui/toaster.tsx [Server Component]
    ./app/layout.tsx [Server Component]

https://nextjs.org/docs/messages/module-not-found @ http://localhost:3000/_next/static/chunks/node_modules_next_dist_20ud_8w._.js:2099
[ 2771192ms] [ERROR] ./components/ui/toast.tsx:5:1
Module not found: Can't resolve 'class-variance-authority'
  3 | import * as React from "react"
  4 | import * as ToastPrimitives from "@radix-ui/react-toast"
> 5 | import { cva, type VariantProps } from "class-variance-authority"
    | ^^^^^^^^^^^^^^^^^^^^^^^^^^^^^^^^^^^^^^^^^^^^^^^^^^^^^^^^^^^^^^^^^
  6 | import { X } from "lucide-react"
  7 |
  8 | import { cn } from "@/lib/utils"

Import traces:
  Client Component Browser:
    ./components/ui/toast.tsx [Client Component Browser]
    ./components/ui/toaster.tsx [Client Component Browser]
    ./components/ui/toaster.tsx [Server Component]
    ./app/layout.tsx [Server Component]

  Client Component SSR:
    ./components/ui/toast.tsx [Client Component SSR]
    ./components/ui/toaster.tsx [Client Component SSR]
    ./components/ui/toaster.tsx [Server Component]
    ./app/layout.tsx [Server Component]

https://nextjs.org/docs/messages/module-not-found @ http://localhost:3000/_next/static/chunks/node_modules_next_dist_20ud_8w._.js:2099
[ 2771192ms] [ERROR] ./lib/utils.ts:1:1
Module not found: Can't resolve 'clsx'
> 1 | import { type ClassValue, clsx } from "clsx"
    | ^^^^^^^^^^^^^^^^^^^^^^^^^^^^^^^^^^^^^^^^^^^^
  2 | import { twMerge } from "tailwind-merge"
  3 |
  4 | export function cn(...inputs: ClassValue[]) {

Import traces:
  Client Component Browser:
    ./lib/utils.ts [Client Component Browser]
    ./components/ui/toast.tsx [Client Component Browser]
    ./components/ui/toaster.tsx [Client Component Browser]
    ./components/ui/toaster.tsx [Server Component]
    ./app/layout.tsx [Server Component]

  Client Component SSR:
    ./lib/utils.ts [Client Component SSR]
    ./components/ui/toast.tsx [Client Component SSR]
    ./components/ui/toaster.tsx [Client Component SSR]
    ./components/ui/toaster.tsx [Server Component]
    ./app/layout.tsx [Server Component]

https://nextjs.org/docs/messages/module-not-found @ http://localhost:3000/_next/static/chunks/node_modules_next_dist_20ud_8w._.js:2099
[ 2771193ms] [ERROR] ./app/page.tsx:2:1
Module not found: Can't resolve 'lucide-react'
  1 | import Link from "next/link"
> 2 | import { ArrowRight, FileText, GitPullRequest, Share2 } from "lucide-react"
    | ^^^^^^^^^^^^^^^^^^^^^^^^^^^^^^^^^^^^^^^^^^^^^^^^^^^^^^^^^^^^^^^^^^^^^^^^^^^
  3 |
  4 | const chain = [
  5 |   {

https://nextjs.org/docs/messages/module-not-found @ http://localhost:3000/_next/static/chunks/node_modules_next_dist_20ud_8w._.js:2099
[ 2771193ms] [ERROR] ./components/ui/toast.tsx:6:1
Module not found: Can't resolve 'lucide-react'
  4 | import * as ToastPrimitives from "@radix-ui/react-toast"
  5 | import { cva, type VariantProps } from "class-variance-authority"
> 6 | import { X } from "lucide-react"
    | ^^^^^^^^^^^^^^^^^^^^^^^^^^^^^^^^
  7 |
  8 | import { cn } from "@/lib/utils"
  9 |

Import traces:
  Client Component Browser:
    ./components/ui/toast.tsx [Client Component Browser]
    ./components/ui/toaster.tsx [Client Component Browser]
    ./components/ui/toaster.tsx [Server Component]
    ./app/layout.tsx [Server Component]

  Client Component SSR:
    ./components/ui/toast.tsx [Client Component SSR]
    ./components/ui/toaster.tsx [Client Component SSR]
    ./components/ui/toaster.tsx [Server Component]
    ./app/layout.tsx [Server Component]

https://nextjs.org/docs/messages/module-not-found @ http://localhost:3000/_next/static/chunks/node_modules_next_dist_20ud_8w._.js:2099
[ 2771193ms] [ERROR] ./lib/utils.ts:2:1
Module not found: Can't resolve 'tailwind-merge'
  1 | import { type ClassValue, clsx } from "clsx"
> 2 | import { twMerge } from "tailwind-merge"
    | ^^^^^^^^^^^^^^^^^^^^^^^^^^^^^^^^^^^^^^^^
  3 |
  4 | export function cn(...inputs: ClassValue[]) {
  5 |   return twMerge(clsx(inputs))

Import traces:
  Client Component Browser:
    ./lib/utils.ts [Client Component Browser]
    ./components/ui/toast.tsx [Client Component Browser]
    ./components/ui/toaster.tsx [Client Component Browser]
    ./components/ui/toaster.tsx [Server Component]
    ./app/layout.tsx [Server Component]

  Client Component SSR:
    ./lib/utils.ts [Client Component SSR]
    ./components/ui/toast.tsx [Client Component SSR]
    ./components/ui/toaster.tsx [Client Component SSR]
    ./components/ui/toaster.tsx [Server Component]
    ./app/layout.tsx [Server Component]

https://nextjs.org/docs/messages/module-not-found @ http://localhost:3000/_next/static/chunks/node_modules_next_dist_20ud_8w._.js:2099
[ 2771248ms] [LOG] [Fast Refresh] rebuilding @ http://localhost:3000/_next/static/chunks/node_modules_next_dist_20ud_8w._.js:1380
[ 2792672ms] [ERROR] ./app/globals.css
Error evaluating Node.js code
CssSyntaxError: tailwindcss: C:\Users\Lenovo\Desktop\线下黑客松\frontend\app\globals.css:1:1: Can't resolve 'tw-animate-css' in 'C:\Users\Lenovo\Desktop\线下黑客松\frontend\app'
    [at Input.error (turbopack:///[project]/node_modules/postcss/lib/input.js:135:16)]
    [at Root.error (turbopack:///[project]/node_modules/postcss/lib/node.js:166:32)]
    [at Object.Once (C:\Users\Lenovo\Desktop\线下黑客松\frontend\node_modules\@tailwindcss\postcss\dist\index.js:10:7013)]
    [at process.processTicksAndRejections (node:internal/process/task_queues:104:5)]
    [at async LazyResult.runAsync (turbopack:///[project]/node_modules/postcss/lib/lazy-result.js:299:11)]
    [at async transform (turbopack:///[turbopack-node]/transforms/postcss.ts:70:34)]
    [at async run (turbopack:///[turbopack-node]/child_process/evaluate.ts:89:23)]

Import trace:
  Client Component Browser:
    ./app/globals.css [Client Component Browser]
    ./app/layout.tsx [Server Component] @ http://localhost:3000/_next/static/chunks/node_modules_next_dist_20ud_8w._.js:2099
[ 2792673ms] [ERROR] ./components/ui/toast.tsx:4:1
Module not found: Can't resolve '@radix-ui/react-toast'
  2 |
  3 | import * as React from "react"
> 4 | import * as ToastPrimitives from "@radix-ui/react-toast"
    | ^^^^^^^^^^^^^^^^^^^^^^^^^^^^^^^^^^^^^^^^^^^^^^^^^^^^^^^^
  5 | import { cva, type VariantProps } from "class-variance-authority"
  6 | import { X } from "lucide-react"
  7 |

Import traces:
  Client Component Browser:
    ./components/ui/toast.tsx [Client Component Browser]
    ./components/ui/toaster.tsx [Client Component Browser]
    ./components/ui/toaster.tsx [Server Component]
    ./app/layout.tsx [Server Component]

  Client Component SSR:
    ./components/ui/toast.tsx [Client Component SSR]
    ./components/ui/toaster.tsx [Client Component SSR]
    ./components/ui/toaster.tsx [Server Component]
    ./app/layout.tsx [Server Component]

https://nextjs.org/docs/messages/module-not-found @ http://localhost:3000/_next/static/chunks/node_modules_next_dist_20ud_8w._.js:2099
[ 2792673ms] [ERROR] ./components/ui/toast.tsx:5:1
Module not found: Can't resolve 'class-variance-authority'
  3 | import * as React from "react"
  4 | import * as ToastPrimitives from "@radix-ui/react-toast"
> 5 | import { cva, type VariantProps } from "class-variance-authority"
    | ^^^^^^^^^^^^^^^^^^^^^^^^^^^^^^^^^^^^^^^^^^^^^^^^^^^^^^^^^^^^^^^^^
  6 | import { X } from "lucide-react"
  7 |
  8 | import { cn } from "@/lib/utils"

Import traces:
  Client Component Browser:
    ./components/ui/toast.tsx [Client Component Browser]
    ./components/ui/toaster.tsx [Client Component Browser]
    ./components/ui/toaster.tsx [Server Component]
    ./app/layout.tsx [Server Component]

  Client Component SSR:
    ./components/ui/toast.tsx [Client Component SSR]
    ./components/ui/toaster.tsx [Client Component SSR]
    ./components/ui/toaster.tsx [Server Component]
    ./app/layout.tsx [Server Component]

https://nextjs.org/docs/messages/module-not-found @ http://localhost:3000/_next/static/chunks/node_modules_next_dist_20ud_8w._.js:2099
[ 2792673ms] [ERROR] ./lib/utils.ts:1:1
Module not found: Can't resolve 'clsx'
> 1 | import { type ClassValue, clsx } from "clsx"
    | ^^^^^^^^^^^^^^^^^^^^^^^^^^^^^^^^^^^^^^^^^^^^
  2 | import { twMerge } from "tailwind-merge"
  3 |
  4 | export function cn(...inputs: ClassValue[]) {

Import traces:
  Client Component Browser:
    ./lib/utils.ts [Client Component Browser]
    ./components/ui/toast.tsx [Client Component Browser]
    ./components/ui/toaster.tsx [Client Component Browser]
    ./components/ui/toaster.tsx [Server Component]
    ./app/layout.tsx [Server Component]

  Client Component SSR:
    ./lib/utils.ts [Client Component SSR]
    ./components/ui/toast.tsx [Client Component SSR]
    ./components/ui/toaster.tsx [Client Component SSR]
    ./components/ui/toaster.tsx [Server Component]
    ./app/layout.tsx [Server Component]

https://nextjs.org/docs/messages/module-not-found @ http://localhost:3000/_next/static/chunks/node_modules_next_dist_20ud_8w._.js:2099
[ 2792674ms] [ERROR] ./app/page.tsx:2:1
Module not found: Can't resolve 'lucide-react'
  1 | import Link from "next/link"
> 2 | import { ArrowRight, FileText, GitPullRequest, Share2 } from "lucide-react"
    | ^^^^^^^^^^^^^^^^^^^^^^^^^^^^^^^^^^^^^^^^^^^^^^^^^^^^^^^^^^^^^^^^^^^^^^^^^^^
  3 |
  4 | const chain = [
  5 |   {

https://nextjs.org/docs/messages/module-not-found @ http://localhost:3000/_next/static/chunks/node_modules_next_dist_20ud_8w._.js:2099
[ 2792674ms] [ERROR] ./components/ui/toast.tsx:6:1
Module not found: Can't resolve 'lucide-react'
  4 | import * as ToastPrimitives from "@radix-ui/react-toast"
  5 | import { cva, type VariantProps } from "class-variance-authority"
> 6 | import { X } from "lucide-react"
    | ^^^^^^^^^^^^^^^^^^^^^^^^^^^^^^^^
  7 |
  8 | import { cn } from "@/lib/utils"
  9 |

Import traces:
  Client Component Browser:
    ./components/ui/toast.tsx [Client Component Browser]
    ./components/ui/toaster.tsx [Client Component Browser]
    ./components/ui/toaster.tsx [Server Component]
    ./app/layout.tsx [Server Component]

  Client Component SSR:
    ./components/ui/toast.tsx [Client Component SSR]
    ./components/ui/toaster.tsx [Client Component SSR]
    ./components/ui/toaster.tsx [Server Component]
    ./app/layout.tsx [Server Component]

https://nextjs.org/docs/messages/module-not-found @ http://localhost:3000/_next/static/chunks/node_modules_next_dist_20ud_8w._.js:2099
[ 2792674ms] [ERROR] ./lib/utils.ts:2:1
Module not found: Can't resolve 'tailwind-merge'
  1 | import { type ClassValue, clsx } from "clsx"
> 2 | import { twMerge } from "tailwind-merge"
    | ^^^^^^^^^^^^^^^^^^^^^^^^^^^^^^^^^^^^^^^^
  3 |
  4 | export function cn(...inputs: ClassValue[]) {
  5 |   return twMerge(clsx(inputs))

Import traces:
  Client Component Browser:
    ./lib/utils.ts [Client Component Browser]
    ./components/ui/toast.tsx [Client Component Browser]
    ./components/ui/toaster.tsx [Client Component Browser]
    ./components/ui/toaster.tsx [Server Component]
    ./app/layout.tsx [Server Component]

  Client Component SSR:
    ./lib/utils.ts [Client Component SSR]
    ./components/ui/toast.tsx [Client Component SSR]
    ./components/ui/toaster.tsx [Client Component SSR]
    ./components/ui/toaster.tsx [Server Component]
    ./app/layout.tsx [Server Component]

https://nextjs.org/docs/messages/module-not-found @ http://localhost:3000/_next/static/chunks/node_modules_next_dist_20ud_8w._.js:2099
[ 2792734ms] [LOG] [Fast Refresh] rebuilding @ http://localhost:3000/_next/static/chunks/node_modules_next_dist_20ud_8w._.js:1380
[ 2796688ms] [ERROR] ./app/globals.css
Error evaluating Node.js code
CssSyntaxError: tailwindcss: C:\Users\Lenovo\Desktop\线下黑客松\frontend\app\globals.css:1:1: Can't resolve 'tw-animate-css' in 'C:\Users\Lenovo\Desktop\线下黑客松\frontend\app'
    [at Input.error (turbopack:///[project]/node_modules/postcss/lib/input.js:135:16)]
    [at Root.error (turbopack:///[project]/node_modules/postcss/lib/node.js:166:32)]
    [at Object.Once (C:\Users\Lenovo\Desktop\线下黑客松\frontend\node_modules\@tailwindcss\postcss\dist\index.js:10:7013)]
    [at process.processTicksAndRejections (node:internal/process/task_queues:104:5)]
    [at async LazyResult.runAsync (turbopack:///[project]/node_modules/postcss/lib/lazy-result.js:299:11)]
    [at async transform (turbopack:///[turbopack-node]/transforms/postcss.ts:70:34)]
    [at async run (turbopack:///[turbopack-node]/child_process/evaluate.ts:89:23)]

Import trace:
  Client Component Browser:
    ./app/globals.css [Client Component Browser]
    ./app/layout.tsx [Server Component] @ http://localhost:3000/_next/static/chunks/node_modules_next_dist_20ud_8w._.js:2099
[ 2796689ms] [ERROR] ./components/ui/toast.tsx:4:1
Module not found: Can't resolve '@radix-ui/react-toast'
  2 |
  3 | import * as React from "react"
> 4 | import * as ToastPrimitives from "@radix-ui/react-toast"
    | ^^^^^^^^^^^^^^^^^^^^^^^^^^^^^^^^^^^^^^^^^^^^^^^^^^^^^^^^
  5 | import { cva, type VariantProps } from "class-variance-authority"
  6 | import { X } from "lucide-react"
  7 |

Import traces:
  Client Component Browser:
    ./components/ui/toast.tsx [Client Component Browser]
    ./components/ui/toaster.tsx [Client Component Browser]
    ./components/ui/toaster.tsx [Server Component]
    ./app/layout.tsx [Server Component]

  Client Component SSR:
    ./components/ui/toast.tsx [Client Component SSR]
    ./components/ui/toaster.tsx [Client Component SSR]
    ./components/ui/toaster.tsx [Server Component]
    ./app/layout.tsx [Server Component]

https://nextjs.org/docs/messages/module-not-found @ http://localhost:3000/_next/static/chunks/node_modules_next_dist_20ud_8w._.js:2099
[ 2796690ms] [ERROR] ./components/ui/toast.tsx:5:1
Module not found: Can't resolve 'class-variance-authority'
  3 | import * as React from "react"
  4 | import * as ToastPrimitives from "@radix-ui/react-toast"
> 5 | import { cva, type VariantProps } from "class-variance-authority"
    | ^^^^^^^^^^^^^^^^^^^^^^^^^^^^^^^^^^^^^^^^^^^^^^^^^^^^^^^^^^^^^^^^^
  6 | import { X } from "lucide-react"
  7 |
  8 | import { cn } from "@/lib/utils"

Import traces:
  Client Component Browser:
    ./components/ui/toast.tsx [Client Component Browser]
    ./components/ui/toaster.tsx [Client Component Browser]
    ./components/ui/toaster.tsx [Server Component]
    ./app/layout.tsx [Server Component]

  Client Component SSR:
    ./components/ui/toast.tsx [Client Component SSR]
    ./components/ui/toaster.tsx [Client Component SSR]
    ./components/ui/toaster.tsx [Server Component]
    ./app/layout.tsx [Server Component]

https://nextjs.org/docs/messages/module-not-found @ http://localhost:3000/_next/static/chunks/node_modules_next_dist_20ud_8w._.js:2099
[ 2796690ms] [ERROR] ./lib/utils.ts:1:1
Module not found: Can't resolve 'clsx'
> 1 | import { type ClassValue, clsx } from "clsx"
    | ^^^^^^^^^^^^^^^^^^^^^^^^^^^^^^^^^^^^^^^^^^^^
  2 | import { twMerge } from "tailwind-merge"
  3 |
  4 | export function cn(...inputs: ClassValue[]) {

Import traces:
  Client Component Browser:
    ./lib/utils.ts [Client Component Browser]
    ./components/ui/toast.tsx [Client Component Browser]
    ./components/ui/toaster.tsx [Client Component Browser]
    ./components/ui/toaster.tsx [Server Component]
    ./app/layout.tsx [Server Component]

  Client Component SSR:
    ./lib/utils.ts [Client Component SSR]
    ./components/ui/toast.tsx [Client Component SSR]
    ./components/ui/toaster.tsx [Client Component SSR]
    ./components/ui/toaster.tsx [Server Component]
    ./app/layout.tsx [Server Component]

https://nextjs.org/docs/messages/module-not-found @ http://localhost:3000/_next/static/chunks/node_modules_next_dist_20ud_8w._.js:2099
[ 2796690ms] [ERROR] ./app/page.tsx:2:1
Module not found: Can't resolve 'lucide-react'
  1 | import Link from "next/link"
> 2 | import { ArrowRight, FileText, GitPullRequest, Share2 } from "lucide-react"
    | ^^^^^^^^^^^^^^^^^^^^^^^^^^^^^^^^^^^^^^^^^^^^^^^^^^^^^^^^^^^^^^^^^^^^^^^^^^^
  3 |
  4 | const chain = [
  5 |   {

https://nextjs.org/docs/messages/module-not-found @ http://localhost:3000/_next/static/chunks/node_modules_next_dist_20ud_8w._.js:2099
[ 2796690ms] [ERROR] ./components/ui/toast.tsx:6:1
Module not found: Can't resolve 'lucide-react'
  4 | import * as ToastPrimitives from "@radix-ui/react-toast"
  5 | import { cva, type VariantProps } from "class-variance-authority"
> 6 | import { X } from "lucide-react"
    | ^^^^^^^^^^^^^^^^^^^^^^^^^^^^^^^^
  7 |
  8 | import { cn } from "@/lib/utils"
  9 |

Import traces:
  Client Component Browser:
    ./components/ui/toast.tsx [Client Component Browser]
    ./components/ui/toaster.tsx [Client Component Browser]
    ./components/ui/toaster.tsx [Server Component]
    ./app/layout.tsx [Server Component]

  Client Component SSR:
    ./components/ui/toast.tsx [Client Component SSR]
    ./components/ui/toaster.tsx [Client Component SSR]
    ./components/ui/toaster.tsx [Server Component]
    ./app/layout.tsx [Server Component]

https://nextjs.org/docs/messages/module-not-found @ http://localhost:3000/_next/static/chunks/node_modules_next_dist_20ud_8w._.js:2099
[ 2796691ms] [ERROR] ./lib/utils.ts:2:1
Module not found: Can't resolve 'tailwind-merge'
  1 | import { type ClassValue, clsx } from "clsx"
> 2 | import { twMerge } from "tailwind-merge"
    | ^^^^^^^^^^^^^^^^^^^^^^^^^^^^^^^^^^^^^^^^
  3 |
  4 | export function cn(...inputs: ClassValue[]) {
  5 |   return twMerge(clsx(inputs))

Import traces:
  Client Component Browser:
    ./lib/utils.ts [Client Component Browser]
    ./components/ui/toast.tsx [Client Component Browser]
    ./components/ui/toaster.tsx [Client Component Browser]
    ./components/ui/toaster.tsx [Server Component]
    ./app/layout.tsx [Server Component]

  Client Component SSR:
    ./lib/utils.ts [Client Component SSR]
    ./components/ui/toast.tsx [Client Component SSR]
    ./components/ui/toaster.tsx [Client Component SSR]
    ./components/ui/toaster.tsx [Server Component]
    ./app/layout.tsx [Server Component]

https://nextjs.org/docs/messages/module-not-found @ http://localhost:3000/_next/static/chunks/node_modules_next_dist_20ud_8w._.js:2099
[ 2796746ms] [LOG] [Fast Refresh] rebuilding @ http://localhost:3000/_next/static/chunks/node_modules_next_dist_20ud_8w._.js:1380
[ 2811030ms] [ERROR] ./app/globals.css
Error evaluating Node.js code
CssSyntaxError: tailwindcss: C:\Users\Lenovo\Desktop\线下黑客松\frontend\app\globals.css:1:1: Can't resolve 'tw-animate-css' in 'C:\Users\Lenovo\Desktop\线下黑客松\frontend\app'
    [at Input.error (turbopack:///[project]/node_modules/postcss/lib/input.js:135:16)]
    [at Root.error (turbopack:///[project]/node_modules/postcss/lib/node.js:166:32)]
    [at Object.Once (C:\Users\Lenovo\Desktop\线下黑客松\frontend\node_modules\@tailwindcss\postcss\dist\index.js:10:7013)]
    [at process.processTicksAndRejections (node:internal/process/task_queues:104:5)]
    [at async LazyResult.runAsync (turbopack:///[project]/node_modules/postcss/lib/lazy-result.js:299:11)]
    [at async transform (turbopack:///[turbopack-node]/transforms/postcss.ts:70:34)]
    [at async run (turbopack:///[turbopack-node]/child_process/evaluate.ts:89:23)]

Import trace:
  Client Component Browser:
    ./app/globals.css [Client Component Browser]
    ./app/layout.tsx [Server Component] @ http://localhost:3000/_next/static/chunks/node_modules_next_dist_20ud_8w._.js:2099
[ 2811030ms] [ERROR] ./components/ui/toast.tsx:4:1
Module not found: Can't resolve '@radix-ui/react-toast'
  2 |
  3 | import * as React from "react"
> 4 | import * as ToastPrimitives from "@radix-ui/react-toast"
    | ^^^^^^^^^^^^^^^^^^^^^^^^^^^^^^^^^^^^^^^^^^^^^^^^^^^^^^^^
  5 | import { cva, type VariantProps } from "class-variance-authority"
  6 | import { X } from "lucide-react"
  7 |

Import traces:
  Client Component Browser:
    ./components/ui/toast.tsx [Client Component Browser]
    ./components/ui/toaster.tsx [Client Component Browser]
    ./components/ui/toaster.tsx [Server Component]
    ./app/layout.tsx [Server Component]

  Client Component SSR:
    ./components/ui/toast.tsx [Client Component SSR]
    ./components/ui/toaster.tsx [Client Component SSR]
    ./components/ui/toaster.tsx [Server Component]
    ./app/layout.tsx [Server Component]

https://nextjs.org/docs/messages/module-not-found @ http://localhost:3000/_next/static/chunks/node_modules_next_dist_20ud_8w._.js:2099
[ 2811030ms] [ERROR] ./components/ui/toast.tsx:5:1
Module not found: Can't resolve 'class-variance-authority'
  3 | import * as React from "react"
  4 | import * as ToastPrimitives from "@radix-ui/react-toast"
> 5 | import { cva, type VariantProps } from "class-variance-authority"
    | ^^^^^^^^^^^^^^^^^^^^^^^^^^^^^^^^^^^^^^^^^^^^^^^^^^^^^^^^^^^^^^^^^
  6 | import { X } from "lucide-react"
  7 |
  8 | import { cn } from "@/lib/utils"

Import traces:
  Client Component Browser:
    ./components/ui/toast.tsx [Client Component Browser]
    ./components/ui/toaster.tsx [Client Component Browser]
    ./components/ui/toaster.tsx [Server Component]
    ./app/layout.tsx [Server Component]

  Client Component SSR:
    ./components/ui/toast.tsx [Client Component SSR]
    ./components/ui/toaster.tsx [Client Component SSR]
    ./components/ui/toaster.tsx [Server Component]
    ./app/layout.tsx [Server Component]

https://nextjs.org/docs/messages/module-not-found @ http://localhost:3000/_next/static/chunks/node_modules_next_dist_20ud_8w._.js:2099
[ 2811031ms] [ERROR] ./lib/utils.ts:1:1
Module not found: Can't resolve 'clsx'
> 1 | import { type ClassValue, clsx } from "clsx"
    | ^^^^^^^^^^^^^^^^^^^^^^^^^^^^^^^^^^^^^^^^^^^^
  2 | import { twMerge } from "tailwind-merge"
  3 |
  4 | export function cn(...inputs: ClassValue[]) {

Import traces:
  Client Component Browser:
    ./lib/utils.ts [Client Component Browser]
    ./components/ui/toast.tsx [Client Component Browser]
    ./components/ui/toaster.tsx [Client Component Browser]
    ./components/ui/toaster.tsx [Server Component]
    ./app/layout.tsx [Server Component]

  Client Component SSR:
    ./lib/utils.ts [Client Component SSR]
    ./components/ui/toast.tsx [Client Component SSR]
    ./components/ui/toaster.tsx [Client Component SSR]
    ./components/ui/toaster.tsx [Server Component]
    ./app/layout.tsx [Server Component]

https://nextjs.org/docs/messages/module-not-found @ http://localhost:3000/_next/static/chunks/node_modules_next_dist_20ud_8w._.js:2099
[ 2811031ms] [ERROR] ./app/page.tsx:2:1
Module not found: Can't resolve 'lucide-react'
  1 | import Link from "next/link"
> 2 | import { ArrowRight, FileText, GitPullRequest, Share2 } from "lucide-react"
    | ^^^^^^^^^^^^^^^^^^^^^^^^^^^^^^^^^^^^^^^^^^^^^^^^^^^^^^^^^^^^^^^^^^^^^^^^^^^
  3 |
  4 | const chain = [
  5 |   {

https://nextjs.org/docs/messages/module-not-found @ http://localhost:3000/_next/static/chunks/node_modules_next_dist_20ud_8w._.js:2099
[ 2811031ms] [ERROR] ./components/ui/toast.tsx:6:1
Module not found: Can't resolve 'lucide-react'
  4 | import * as ToastPrimitives from "@radix-ui/react-toast"
  5 | import { cva, type VariantProps } from "class-variance-authority"
> 6 | import { X } from "lucide-react"
    | ^^^^^^^^^^^^^^^^^^^^^^^^^^^^^^^^
  7 |
  8 | import { cn } from "@/lib/utils"
  9 |

Import traces:
  Client Component Browser:
    ./components/ui/toast.tsx [Client Component Browser]
    ./components/ui/toaster.tsx [Client Component Browser]
    ./components/ui/toaster.tsx [Server Component]
    ./app/layout.tsx [Server Component]

  Client Component SSR:
    ./components/ui/toast.tsx [Client Component SSR]
    ./components/ui/toaster.tsx [Client Component SSR]
    ./components/ui/toaster.tsx [Server Component]
    ./app/layout.tsx [Server Component]

https://nextjs.org/docs/messages/module-not-found @ http://localhost:3000/_next/static/chunks/node_modules_next_dist_20ud_8w._.js:2099
[ 2811031ms] [ERROR] ./lib/utils.ts:2:1
Module not found: Can't resolve 'tailwind-merge'
  1 | import { type ClassValue, clsx } from "clsx"
> 2 | import { twMerge } from "tailwind-merge"
    | ^^^^^^^^^^^^^^^^^^^^^^^^^^^^^^^^^^^^^^^^
  3 |
  4 | export function cn(...inputs: ClassValue[]) {
  5 |   return twMerge(clsx(inputs))

Import traces:
  Client Component Browser:
    ./lib/utils.ts [Client Component Browser]
    ./components/ui/toast.tsx [Client Component Browser]
    ./components/ui/toaster.tsx [Client Component Browser]
    ./components/ui/toaster.tsx [Server Component]
    ./app/layout.tsx [Server Component]

  Client Component SSR:
    ./lib/utils.ts [Client Component SSR]
    ./components/ui/toast.tsx [Client Component SSR]
    ./components/ui/toaster.tsx [Client Component SSR]
    ./components/ui/toaster.tsx [Server Component]
    ./app/layout.tsx [Server Component]

https://nextjs.org/docs/messages/module-not-found @ http://localhost:3000/_next/static/chunks/node_modules_next_dist_20ud_8w._.js:2099
[ 2811092ms] [ERROR] ./app/globals.css
Error evaluating Node.js code
CssSyntaxError: tailwindcss: C:\Users\Lenovo\Desktop\线下黑客松\frontend\app\globals.css:1:1: Can't resolve 'tw-animate-css' in 'C:\Users\Lenovo\Desktop\线下黑客松\frontend\app'
    [at Input.error (turbopack:///[project]/node_modules/postcss/lib/input.js:135:16)]
    [at Root.error (turbopack:///[project]/node_modules/postcss/lib/node.js:166:32)]
    [at Object.Once (C:\Users\Lenovo\Desktop\线下黑客松\frontend\node_modules\@tailwindcss\postcss\dist\index.js:10:7013)]
    [at process.processTicksAndRejections (node:internal/process/task_queues:104:5)]
    [at async LazyResult.runAsync (turbopack:///[project]/node_modules/postcss/lib/lazy-result.js:299:11)]
    [at async transform (turbopack:///[turbopack-node]/transforms/postcss.ts:70:34)]
    [at async run (turbopack:///[turbopack-node]/child_process/evaluate.ts:89:23)]

Import trace:
  Client Component Browser:
    ./app/globals.css [Client Component Browser]
    ./app/layout.tsx [Server Component] @ http://localhost:3000/_next/static/chunks/node_modules_next_dist_20ud_8w._.js:2099
[ 2811093ms] [ERROR] ./components/ui/toast.tsx:4:1
Module not found: Can't resolve '@radix-ui/react-toast'
  2 |
  3 | import * as React from "react"
> 4 | import * as ToastPrimitives from "@radix-ui/react-toast"
    | ^^^^^^^^^^^^^^^^^^^^^^^^^^^^^^^^^^^^^^^^^^^^^^^^^^^^^^^^
  5 | import { cva, type VariantProps } from "class-variance-authority"
  6 | import { X } from "lucide-react"
  7 |

Import traces:
  Client Component Browser:
    ./components/ui/toast.tsx [Client Component Browser]
    ./components/ui/toaster.tsx [Client Component Browser]
    ./components/ui/toaster.tsx [Server Component]
    ./app/layout.tsx [Server Component]

  Client Component SSR:
    ./components/ui/toast.tsx [Client Component SSR]
    ./components/ui/toaster.tsx [Client Component SSR]
    ./components/ui/toaster.tsx [Server Component]
    ./app/layout.tsx [Server Component]

https://nextjs.org/docs/messages/module-not-found @ http://localhost:3000/_next/static/chunks/node_modules_next_dist_20ud_8w._.js:2099
[ 2811093ms] [ERROR] ./components/ui/toast.tsx:5:1
Module not found: Can't resolve 'class-variance-authority'
  3 | import * as React from "react"
  4 | import * as ToastPrimitives from "@radix-ui/react-toast"
> 5 | import { cva, type VariantProps } from "class-variance-authority"
    | ^^^^^^^^^^^^^^^^^^^^^^^^^^^^^^^^^^^^^^^^^^^^^^^^^^^^^^^^^^^^^^^^^
  6 | import { X } from "lucide-react"
  7 |
  8 | import { cn } from "@/lib/utils"

Import traces:
  Client Component Browser:
    ./components/ui/toast.tsx [Client Component Browser]
    ./components/ui/toaster.tsx [Client Component Browser]
    ./components/ui/toaster.tsx [Server Component]
    ./app/layout.tsx [Server Component]

  Client Component SSR:
    ./components/ui/toast.tsx [Client Component SSR]
    ./components/ui/toaster.tsx [Client Component SSR]
    ./components/ui/toaster.tsx [Server Component]
    ./app/layout.tsx [Server Component]

https://nextjs.org/docs/messages/module-not-found @ http://localhost:3000/_next/static/chunks/node_modules_next_dist_20ud_8w._.js:2099
[ 2811093ms] [ERROR] ./lib/utils.ts:1:1
Module not found: Can't resolve 'clsx'
> 1 | import { type ClassValue, clsx } from "clsx"
    | ^^^^^^^^^^^^^^^^^^^^^^^^^^^^^^^^^^^^^^^^^^^^
  2 | import { twMerge } from "tailwind-merge"
  3 |
  4 | export function cn(...inputs: ClassValue[]) {

Import traces:
  Client Component Browser:
    ./lib/utils.ts [Client Component Browser]
    ./components/ui/toast.tsx [Client Component Browser]
    ./components/ui/toaster.tsx [Client Component Browser]
    ./components/ui/toaster.tsx [Server Component]
    ./app/layout.tsx [Server Component]

  Client Component SSR:
    ./lib/utils.ts [Client Component SSR]
    ./components/ui/toast.tsx [Client Component SSR]
    ./components/ui/toaster.tsx [Client Component SSR]
    ./components/ui/toaster.tsx [Server Component]
    ./app/layout.tsx [Server Component]

https://nextjs.org/docs/messages/module-not-found @ http://localhost:3000/_next/static/chunks/node_modules_next_dist_20ud_8w._.js:2099
[ 2811093ms] [ERROR] ./app/page.tsx:2:1
Module not found: Can't resolve 'lucide-react'
  1 | import Link from "next/link"
> 2 | import { ArrowRight, FileText, GitPullRequest, Share2 } from "lucide-react"
    | ^^^^^^^^^^^^^^^^^^^^^^^^^^^^^^^^^^^^^^^^^^^^^^^^^^^^^^^^^^^^^^^^^^^^^^^^^^^
  3 |
  4 | const chain = [
  5 |   {

https://nextjs.org/docs/messages/module-not-found @ http://localhost:3000/_next/static/chunks/node_modules_next_dist_20ud_8w._.js:2099
[ 2811094ms] [ERROR] ./components/ui/toast.tsx:6:1
Module not found: Can't resolve 'lucide-react'
  4 | import * as ToastPrimitives from "@radix-ui/react-toast"
  5 | import { cva, type VariantProps } from "class-variance-authority"
> 6 | import { X } from "lucide-react"
    | ^^^^^^^^^^^^^^^^^^^^^^^^^^^^^^^^
  7 |
  8 | import { cn } from "@/lib/utils"
  9 |

Import traces:
  Client Component Browser:
    ./components/ui/toast.tsx [Client Component Browser]
    ./components/ui/toaster.tsx [Client Component Browser]
    ./components/ui/toaster.tsx [Server Component]
    ./app/layout.tsx [Server Component]

  Client Component SSR:
    ./components/ui/toast.tsx [Client Component SSR]
    ./components/ui/toaster.tsx [Client Component SSR]
    ./components/ui/toaster.tsx [Server Component]
    ./app/layout.tsx [Server Component]

https://nextjs.org/docs/messages/module-not-found @ http://localhost:3000/_next/static/chunks/node_modules_next_dist_20ud_8w._.js:2099
[ 2811094ms] [ERROR] ./lib/utils.ts:2:1
Module not found: Can't resolve 'tailwind-merge'
  1 | import { type ClassValue, clsx } from "clsx"
> 2 | import { twMerge } from "tailwind-merge"
    | ^^^^^^^^^^^^^^^^^^^^^^^^^^^^^^^^^^^^^^^^
  3 |
  4 | export function cn(...inputs: ClassValue[]) {
  5 |   return twMerge(clsx(inputs))

Import traces:
  Client Component Browser:
    ./lib/utils.ts [Client Component Browser]
    ./components/ui/toast.tsx [Client Component Browser]
    ./components/ui/toaster.tsx [Client Component Browser]
    ./components/ui/toaster.tsx [Server Component]
    ./app/layout.tsx [Server Component]

  Client Component SSR:
    ./lib/utils.ts [Client Component SSR]
    ./components/ui/toast.tsx [Client Component SSR]
    ./components/ui/toaster.tsx [Client Component SSR]
    ./components/ui/toaster.tsx [Server Component]
    ./app/layout.tsx [Server Component]

https://nextjs.org/docs/messages/module-not-found @ http://localhost:3000/_next/static/chunks/node_modules_next_dist_20ud_8w._.js:2099
[ 2811156ms] [ERROR] ./app/globals.css
Error evaluating Node.js code
CssSyntaxError: tailwindcss: C:\Users\Lenovo\Desktop\线下黑客松\frontend\app\globals.css:1:1: Can't resolve 'tw-animate-css' in 'C:\Users\Lenovo\Desktop\线下黑客松\frontend\app'
    [at Input.error (turbopack:///[project]/node_modules/postcss/lib/input.js:135:16)]
    [at Root.error (turbopack:///[project]/node_modules/postcss/lib/node.js:166:32)]
    [at Object.Once (C:\Users\Lenovo\Desktop\线下黑客松\frontend\node_modules\@tailwindcss\postcss\dist\index.js:10:7013)]
    [at process.processTicksAndRejections (node:internal/process/task_queues:104:5)]
    [at async LazyResult.runAsync (turbopack:///[project]/node_modules/postcss/lib/lazy-result.js:299:11)]
    [at async transform (turbopack:///[turbopack-node]/transforms/postcss.ts:70:34)]
    [at async run (turbopack:///[turbopack-node]/child_process/evaluate.ts:89:23)]

Import trace:
  Client Component Browser:
    ./app/globals.css [Client Component Browser]
    ./app/layout.tsx [Server Component] @ http://localhost:3000/_next/static/chunks/node_modules_next_dist_20ud_8w._.js:2099
[ 2811157ms] [ERROR] ./components/ui/toast.tsx:4:1
Module not found: Can't resolve '@radix-ui/react-toast'
  2 |
  3 | import * as React from "react"
> 4 | import * as ToastPrimitives from "@radix-ui/react-toast"
    | ^^^^^^^^^^^^^^^^^^^^^^^^^^^^^^^^^^^^^^^^^^^^^^^^^^^^^^^^
  5 | import { cva, type VariantProps } from "class-variance-authority"
  6 | import { X } from "lucide-react"
  7 |

Import traces:
  Client Component Browser:
    ./components/ui/toast.tsx [Client Component Browser]
    ./components/ui/toaster.tsx [Client Component Browser]
    ./components/ui/toaster.tsx [Server Component]
    ./app/layout.tsx [Server Component]

  Client Component SSR:
    ./components/ui/toast.tsx [Client Component SSR]
    ./components/ui/toaster.tsx [Client Component SSR]
    ./components/ui/toaster.tsx [Server Component]
    ./app/layout.tsx [Server Component]

https://nextjs.org/docs/messages/module-not-found @ http://localhost:3000/_next/static/chunks/node_modules_next_dist_20ud_8w._.js:2099
[ 2811157ms] [ERROR] ./components/ui/toast.tsx:5:1
Module not found: Can't resolve 'class-variance-authority'
  3 | import * as React from "react"
  4 | import * as ToastPrimitives from "@radix-ui/react-toast"
> 5 | import { cva, type VariantProps } from "class-variance-authority"
    | ^^^^^^^^^^^^^^^^^^^^^^^^^^^^^^^^^^^^^^^^^^^^^^^^^^^^^^^^^^^^^^^^^
  6 | import { X } from "lucide-react"
  7 |
  8 | import { cn } from "@/lib/utils"

Import traces:
  Client Component Browser:
    ./components/ui/toast.tsx [Client Component Browser]
    ./components/ui/toaster.tsx [Client Component Browser]
    ./components/ui/toaster.tsx [Server Component]
    ./app/layout.tsx [Server Component]

  Client Component SSR:
    ./components/ui/toast.tsx [Client Component SSR]
    ./components/ui/toaster.tsx [Client Component SSR]
    ./components/ui/toaster.tsx [Server Component]
    ./app/layout.tsx [Server Component]

https://nextjs.org/docs/messages/module-not-found @ http://localhost:3000/_next/static/chunks/node_modules_next_dist_20ud_8w._.js:2099
[ 2811157ms] [ERROR] ./lib/utils.ts:1:1
Module not found: Can't resolve 'clsx'
> 1 | import { type ClassValue, clsx } from "clsx"
    | ^^^^^^^^^^^^^^^^^^^^^^^^^^^^^^^^^^^^^^^^^^^^
  2 | import { twMerge } from "tailwind-merge"
  3 |
  4 | export function cn(...inputs: ClassValue[]) {

Import traces:
  Client Component Browser:
    ./lib/utils.ts [Client Component Browser]
    ./components/ui/toast.tsx [Client Component Browser]
    ./components/ui/toaster.tsx [Client Component Browser]
    ./components/ui/toaster.tsx [Server Component]
    ./app/layout.tsx [Server Component]

  Client Component SSR:
    ./lib/utils.ts [Client Component SSR]
    ./components/ui/toast.tsx [Client Component SSR]
    ./components/ui/toaster.tsx [Client Component SSR]
    ./components/ui/toaster.tsx [Server Component]
    ./app/layout.tsx [Server Component]

https://nextjs.org/docs/messages/module-not-found @ http://localhost:3000/_next/static/chunks/node_modules_next_dist_20ud_8w._.js:2099
[ 2811158ms] [ERROR] ./app/page.tsx:2:1
Module not found: Can't resolve 'lucide-react'
  1 | import Link from "next/link"
> 2 | import { ArrowRight, FileText, GitPullRequest, Share2 } from "lucide-react"
    | ^^^^^^^^^^^^^^^^^^^^^^^^^^^^^^^^^^^^^^^^^^^^^^^^^^^^^^^^^^^^^^^^^^^^^^^^^^^
  3 |
  4 | const chain = [
  5 |   {

https://nextjs.org/docs/messages/module-not-found @ http://localhost:3000/_next/static/chunks/node_modules_next_dist_20ud_8w._.js:2099
[ 2811158ms] [ERROR] ./components/ui/toast.tsx:6:1
Module not found: Can't resolve 'lucide-react'
  4 | import * as ToastPrimitives from "@radix-ui/react-toast"
  5 | import { cva, type VariantProps } from "class-variance-authority"
> 6 | import { X } from "lucide-react"
    | ^^^^^^^^^^^^^^^^^^^^^^^^^^^^^^^^
  7 |
  8 | import { cn } from "@/lib/utils"
  9 |

Import traces:
  Client Component Browser:
    ./components/ui/toast.tsx [Client Component Browser]
    ./components/ui/toaster.tsx [Client Component Browser]
    ./components/ui/toaster.tsx [Server Component]
    ./app/layout.tsx [Server Component]

  Client Component SSR:
    ./components/ui/toast.tsx [Client Component SSR]
    ./components/ui/toaster.tsx [Client Component SSR]
    ./components/ui/toaster.tsx [Server Component]
    ./app/layout.tsx [Server Component]

https://nextjs.org/docs/messages/module-not-found @ http://localhost:3000/_next/static/chunks/node_modules_next_dist_20ud_8w._.js:2099
[ 2811158ms] [ERROR] ./lib/utils.ts:2:1
Module not found: Can't resolve 'tailwind-merge'
  1 | import { type ClassValue, clsx } from "clsx"
> 2 | import { twMerge } from "tailwind-merge"
    | ^^^^^^^^^^^^^^^^^^^^^^^^^^^^^^^^^^^^^^^^
  3 |
  4 | export function cn(...inputs: ClassValue[]) {
  5 |   return twMerge(clsx(inputs))

Import traces:
  Client Component Browser:
    ./lib/utils.ts [Client Component Browser]
    ./components/ui/toast.tsx [Client Component Browser]
    ./components/ui/toaster.tsx [Client Component Browser]
    ./components/ui/toaster.tsx [Server Component]
    ./app/layout.tsx [Server Component]

  Client Component SSR:
    ./lib/utils.ts [Client Component SSR]
    ./components/ui/toast.tsx [Client Component SSR]
    ./components/ui/toaster.tsx [Client Component SSR]
    ./components/ui/toaster.tsx [Server Component]
    ./app/layout.tsx [Server Component]

https://nextjs.org/docs/messages/module-not-found @ http://localhost:3000/_next/static/chunks/node_modules_next_dist_20ud_8w._.js:2099
[ 2811216ms] [LOG] [Fast Refresh] rebuilding @ http://localhost:3000/_next/static/chunks/node_modules_next_dist_20ud_8w._.js:1380
[ 2811268ms] [ERROR] ./app/globals.css
Error evaluating Node.js code
CssSyntaxError: tailwindcss: C:\Users\Lenovo\Desktop\线下黑客松\frontend\app\globals.css:1:1: Can't resolve 'tw-animate-css' in 'C:\Users\Lenovo\Desktop\线下黑客松\frontend\app'
    [at Input.error (turbopack:///[project]/node_modules/postcss/lib/input.js:135:16)]
    [at Root.error (turbopack:///[project]/node_modules/postcss/lib/node.js:166:32)]
    [at Object.Once (C:\Users\Lenovo\Desktop\线下黑客松\frontend\node_modules\@tailwindcss\postcss\dist\index.js:10:7013)]
    [at process.processTicksAndRejections (node:internal/process/task_queues:104:5)]
    [at async LazyResult.runAsync (turbopack:///[project]/node_modules/postcss/lib/lazy-result.js:299:11)]
    [at async transform (turbopack:///[turbopack-node]/transforms/postcss.ts:70:34)]
    [at async run (turbopack:///[turbopack-node]/child_process/evaluate.ts:89:23)]

Import trace:
  Client Component Browser:
    ./app/globals.css [Client Component Browser]
    ./app/layout.tsx [Server Component] @ http://localhost:3000/_next/static/chunks/node_modules_next_dist_20ud_8w._.js:2099
[ 2811268ms] [ERROR] ./components/ui/toast.tsx:4:1
Module not found: Can't resolve '@radix-ui/react-toast'
  2 |
  3 | import * as React from "react"
> 4 | import * as ToastPrimitives from "@radix-ui/react-toast"
    | ^^^^^^^^^^^^^^^^^^^^^^^^^^^^^^^^^^^^^^^^^^^^^^^^^^^^^^^^
  5 | import { cva, type VariantProps } from "class-variance-authority"
  6 | import { X } from "lucide-react"
  7 |

Import traces:
  Client Component Browser:
    ./components/ui/toast.tsx [Client Component Browser]
    ./components/ui/toaster.tsx [Client Component Browser]
    ./components/ui/toaster.tsx [Server Component]
    ./app/layout.tsx [Server Component]

  Client Component SSR:
    ./components/ui/toast.tsx [Client Component SSR]
    ./components/ui/toaster.tsx [Client Component SSR]
    ./components/ui/toaster.tsx [Server Component]
    ./app/layout.tsx [Server Component]

https://nextjs.org/docs/messages/module-not-found @ http://localhost:3000/_next/static/chunks/node_modules_next_dist_20ud_8w._.js:2099
[ 2811268ms] [ERROR] ./components/ui/toast.tsx:5:1
Module not found: Can't resolve 'class-variance-authority'
  3 | import * as React from "react"
  4 | import * as ToastPrimitives from "@radix-ui/react-toast"
> 5 | import { cva, type VariantProps } from "class-variance-authority"
    | ^^^^^^^^^^^^^^^^^^^^^^^^^^^^^^^^^^^^^^^^^^^^^^^^^^^^^^^^^^^^^^^^^
  6 | import { X } from "lucide-react"
  7 |
  8 | import { cn } from "@/lib/utils"

Import traces:
  Client Component Browser:
    ./components/ui/toast.tsx [Client Component Browser]
    ./components/ui/toaster.tsx [Client Component Browser]
    ./components/ui/toaster.tsx [Server Component]
    ./app/layout.tsx [Server Component]

  Client Component SSR:
    ./components/ui/toast.tsx [Client Component SSR]
    ./components/ui/toaster.tsx [Client Component SSR]
    ./components/ui/toaster.tsx [Server Component]
    ./app/layout.tsx [Server Component]

https://nextjs.org/docs/messages/module-not-found @ http://localhost:3000/_next/static/chunks/node_modules_next_dist_20ud_8w._.js:2099
[ 2811268ms] [ERROR] ./lib/utils.ts:1:1
Module not found: Can't resolve 'clsx'
> 1 | import { type ClassValue, clsx } from "clsx"
    | ^^^^^^^^^^^^^^^^^^^^^^^^^^^^^^^^^^^^^^^^^^^^
  2 | import { twMerge } from "tailwind-merge"
  3 |
  4 | export function cn(...inputs: ClassValue[]) {

Import traces:
  Client Component Browser:
    ./lib/utils.ts [Client Component Browser]
    ./components/ui/toast.tsx [Client Component Browser]
    ./components/ui/toaster.tsx [Client Component Browser]
    ./components/ui/toaster.tsx [Server Component]
    ./app/layout.tsx [Server Component]

  Client Component SSR:
    ./lib/utils.ts [Client Component SSR]
    ./components/ui/toast.tsx [Client Component SSR]
    ./components/ui/toaster.tsx [Client Component SSR]
    ./components/ui/toaster.tsx [Server Component]
    ./app/layout.tsx [Server Component]

https://nextjs.org/docs/messages/module-not-found @ http://localhost:3000/_next/static/chunks/node_modules_next_dist_20ud_8w._.js:2099
[ 2811268ms] [ERROR] ./app/page.tsx:2:1
Module not found: Can't resolve 'lucide-react'
  1 | import Link from "next/link"
> 2 | import { ArrowRight, FileText, GitPullRequest, Share2 } from "lucide-react"
    | ^^^^^^^^^^^^^^^^^^^^^^^^^^^^^^^^^^^^^^^^^^^^^^^^^^^^^^^^^^^^^^^^^^^^^^^^^^^
  3 |
  4 | const chain = [
  5 |   {

https://nextjs.org/docs/messages/module-not-found @ http://localhost:3000/_next/static/chunks/node_modules_next_dist_20ud_8w._.js:2099
[ 2811268ms] [ERROR] ./components/ui/toast.tsx:6:1
Module not found: Can't resolve 'lucide-react'
  4 | import * as ToastPrimitives from "@radix-ui/react-toast"
  5 | import { cva, type VariantProps } from "class-variance-authority"
> 6 | import { X } from "lucide-react"
    | ^^^^^^^^^^^^^^^^^^^^^^^^^^^^^^^^
  7 |
  8 | import { cn } from "@/lib/utils"
  9 |

Import traces:
  Client Component Browser:
    ./components/ui/toast.tsx [Client Component Browser]
    ./components/ui/toaster.tsx [Client Component Browser]
    ./components/ui/toaster.tsx [Server Component]
    ./app/layout.tsx [Server Component]

  Client Component SSR:
    ./components/ui/toast.tsx [Client Component SSR]
    ./components/ui/toaster.tsx [Client Component SSR]
    ./components/ui/toaster.tsx [Server Component]
    ./app/layout.tsx [Server Component]

https://nextjs.org/docs/messages/module-not-found @ http://localhost:3000/_next/static/chunks/node_modules_next_dist_20ud_8w._.js:2099
[ 2811268ms] [ERROR] ./lib/utils.ts:2:1
Module not found: Can't resolve 'tailwind-merge'
  1 | import { type ClassValue, clsx } from "clsx"
> 2 | import { twMerge } from "tailwind-merge"
    | ^^^^^^^^^^^^^^^^^^^^^^^^^^^^^^^^^^^^^^^^
  3 |
  4 | export function cn(...inputs: ClassValue[]) {
  5 |   return twMerge(clsx(inputs))

Import traces:
  Client Component Browser:
    ./lib/utils.ts [Client Component Browser]
    ./components/ui/toast.tsx [Client Component Browser]
    ./components/ui/toaster.tsx [Client Component Browser]
    ./components/ui/toaster.tsx [Server Component]
    ./app/layout.tsx [Server Component]

  Client Component SSR:
    ./lib/utils.ts [Client Component SSR]
    ./components/ui/toast.tsx [Client Component SSR]
    ./components/ui/toaster.tsx [Client Component SSR]
    ./components/ui/toaster.tsx [Server Component]
    ./app/layout.tsx [Server Component]

https://nextjs.org/docs/messages/module-not-found @ http://localhost:3000/_next/static/chunks/node_modules_next_dist_20ud_8w._.js:2099
[ 2811327ms] [LOG] [Fast Refresh] rebuilding @ http://localhost:3000/_next/static/chunks/node_modules_next_dist_20ud_8w._.js:1380
[ 2814679ms] [ERROR] ./app/globals.css
Error evaluating Node.js code
CssSyntaxError: tailwindcss: C:\Users\Lenovo\Desktop\线下黑客松\frontend\app\globals.css:1:1: Can't resolve 'tw-animate-css' in 'C:\Users\Lenovo\Desktop\线下黑客松\frontend\app'
    [at Input.error (turbopack:///[project]/node_modules/postcss/lib/input.js:135:16)]
    [at Root.error (turbopack:///[project]/node_modules/postcss/lib/node.js:166:32)]
    [at Object.Once (C:\Users\Lenovo\Desktop\线下黑客松\frontend\node_modules\@tailwindcss\postcss\dist\index.js:10:7013)]
    [at process.processTicksAndRejections (node:internal/process/task_queues:104:5)]
    [at async LazyResult.runAsync (turbopack:///[project]/node_modules/postcss/lib/lazy-result.js:299:11)]
    [at async transform (turbopack:///[turbopack-node]/transforms/postcss.ts:70:34)]
    [at async run (turbopack:///[turbopack-node]/child_process/evaluate.ts:89:23)]

Import trace:
  Client Component Browser:
    ./app/globals.css [Client Component Browser]
    ./app/layout.tsx [Server Component] @ http://localhost:3000/_next/static/chunks/node_modules_next_dist_20ud_8w._.js:2099
[ 2814679ms] [ERROR] ./components/ui/toast.tsx:4:1
Module not found: Can't resolve '@radix-ui/react-toast'
  2 |
  3 | import * as React from "react"
> 4 | import * as ToastPrimitives from "@radix-ui/react-toast"
    | ^^^^^^^^^^^^^^^^^^^^^^^^^^^^^^^^^^^^^^^^^^^^^^^^^^^^^^^^
  5 | import { cva, type VariantProps } from "class-variance-authority"
  6 | import { X } from "lucide-react"
  7 |

Import traces:
  Client Component Browser:
    ./components/ui/toast.tsx [Client Component Browser]
    ./components/ui/toaster.tsx [Client Component Browser]
    ./components/ui/toaster.tsx [Server Component]
    ./app/layout.tsx [Server Component]

  Client Component SSR:
    ./components/ui/toast.tsx [Client Component SSR]
    ./components/ui/toaster.tsx [Client Component SSR]
    ./components/ui/toaster.tsx [Server Component]
    ./app/layout.tsx [Server Component]

https://nextjs.org/docs/messages/module-not-found @ http://localhost:3000/_next/static/chunks/node_modules_next_dist_20ud_8w._.js:2099
[ 2814680ms] [ERROR] ./components/ui/toast.tsx:5:1
Module not found: Can't resolve 'class-variance-authority'
  3 | import * as React from "react"
  4 | import * as ToastPrimitives from "@radix-ui/react-toast"
> 5 | import { cva, type VariantProps } from "class-variance-authority"
    | ^^^^^^^^^^^^^^^^^^^^^^^^^^^^^^^^^^^^^^^^^^^^^^^^^^^^^^^^^^^^^^^^^
  6 | import { X } from "lucide-react"
  7 |
  8 | import { cn } from "@/lib/utils"

Import traces:
  Client Component Browser:
    ./components/ui/toast.tsx [Client Component Browser]
    ./components/ui/toaster.tsx [Client Component Browser]
    ./components/ui/toaster.tsx [Server Component]
    ./app/layout.tsx [Server Component]

  Client Component SSR:
    ./components/ui/toast.tsx [Client Component SSR]
    ./components/ui/toaster.tsx [Client Component SSR]
    ./components/ui/toaster.tsx [Server Component]
    ./app/layout.tsx [Server Component]

https://nextjs.org/docs/messages/module-not-found @ http://localhost:3000/_next/static/chunks/node_modules_next_dist_20ud_8w._.js:2099
[ 2814680ms] [ERROR] ./lib/utils.ts:1:1
Module not found: Can't resolve 'clsx'
> 1 | import { type ClassValue, clsx } from "clsx"
    | ^^^^^^^^^^^^^^^^^^^^^^^^^^^^^^^^^^^^^^^^^^^^
  2 | import { twMerge } from "tailwind-merge"
  3 |
  4 | export function cn(...inputs: ClassValue[]) {

Import traces:
  Client Component Browser:
    ./lib/utils.ts [Client Component Browser]
    ./components/ui/toast.tsx [Client Component Browser]
    ./components/ui/toaster.tsx [Client Component Browser]
    ./components/ui/toaster.tsx [Server Component]
    ./app/layout.tsx [Server Component]

  Client Component SSR:
    ./lib/utils.ts [Client Component SSR]
    ./components/ui/toast.tsx [Client Component SSR]
    ./components/ui/toaster.tsx [Client Component SSR]
    ./components/ui/toaster.tsx [Server Component]
    ./app/layout.tsx [Server Component]

https://nextjs.org/docs/messages/module-not-found @ http://localhost:3000/_next/static/chunks/node_modules_next_dist_20ud_8w._.js:2099
[ 2814680ms] [ERROR] ./app/page.tsx:2:1
Module not found: Can't resolve 'lucide-react'
  1 | import Link from "next/link"
> 2 | import { ArrowRight, FileText, GitPullRequest, Share2 } from "lucide-react"
    | ^^^^^^^^^^^^^^^^^^^^^^^^^^^^^^^^^^^^^^^^^^^^^^^^^^^^^^^^^^^^^^^^^^^^^^^^^^^
  3 |
  4 | const chain = [
  5 |   {

https://nextjs.org/docs/messages/module-not-found @ http://localhost:3000/_next/static/chunks/node_modules_next_dist_20ud_8w._.js:2099
[ 2814680ms] [ERROR] ./components/ui/toast.tsx:6:1
Module not found: Can't resolve 'lucide-react'
  4 | import * as ToastPrimitives from "@radix-ui/react-toast"
  5 | import { cva, type VariantProps } from "class-variance-authority"
> 6 | import { X } from "lucide-react"
    | ^^^^^^^^^^^^^^^^^^^^^^^^^^^^^^^^
  7 |
  8 | import { cn } from "@/lib/utils"
  9 |

Import traces:
  Client Component Browser:
    ./components/ui/toast.tsx [Client Component Browser]
    ./components/ui/toaster.tsx [Client Component Browser]
    ./components/ui/toaster.tsx [Server Component]
    ./app/layout.tsx [Server Component]

  Client Component SSR:
    ./components/ui/toast.tsx [Client Component SSR]
    ./components/ui/toaster.tsx [Client Component SSR]
    ./components/ui/toaster.tsx [Server Component]
    ./app/layout.tsx [Server Component]

https://nextjs.org/docs/messages/module-not-found @ http://localhost:3000/_next/static/chunks/node_modules_next_dist_20ud_8w._.js:2099
[ 2814681ms] [ERROR] ./lib/utils.ts:2:1
Module not found: Can't resolve 'tailwind-merge'
  1 | import { type ClassValue, clsx } from "clsx"
> 2 | import { twMerge } from "tailwind-merge"
    | ^^^^^^^^^^^^^^^^^^^^^^^^^^^^^^^^^^^^^^^^
  3 |
  4 | export function cn(...inputs: ClassValue[]) {
  5 |   return twMerge(clsx(inputs))

Import traces:
  Client Component Browser:
    ./lib/utils.ts [Client Component Browser]
    ./components/ui/toast.tsx [Client Component Browser]
    ./components/ui/toaster.tsx [Client Component Browser]
    ./components/ui/toaster.tsx [Server Component]
    ./app/layout.tsx [Server Component]

  Client Component SSR:
    ./lib/utils.ts [Client Component SSR]
    ./components/ui/toast.tsx [Client Component SSR]
    ./components/ui/toaster.tsx [Client Component SSR]
    ./components/ui/toaster.tsx [Server Component]
    ./app/layout.tsx [Server Component]

https://nextjs.org/docs/messages/module-not-found @ http://localhost:3000/_next/static/chunks/node_modules_next_dist_20ud_8w._.js:2099
[ 2814739ms] [LOG] [Fast Refresh] rebuilding @ http://localhost:3000/_next/static/chunks/node_modules_next_dist_20ud_8w._.js:1380
[ 2814996ms] [ERROR] ./app/globals.css
Error evaluating Node.js code
CssSyntaxError: tailwindcss: C:\Users\Lenovo\Desktop\线下黑客松\frontend\app\globals.css:1:1: Can't resolve 'tw-animate-css' in 'C:\Users\Lenovo\Desktop\线下黑客松\frontend\app'
    [at Input.error (turbopack:///[project]/node_modules/postcss/lib/input.js:135:16)]
    [at Root.error (turbopack:///[project]/node_modules/postcss/lib/node.js:166:32)]
    [at Object.Once (C:\Users\Lenovo\Desktop\线下黑客松\frontend\node_modules\@tailwindcss\postcss\dist\index.js:10:7013)]
    [at process.processTicksAndRejections (node:internal/process/task_queues:104:5)]
    [at async LazyResult.runAsync (turbopack:///[project]/node_modules/postcss/lib/lazy-result.js:299:11)]
    [at async transform (turbopack:///[turbopack-node]/transforms/postcss.ts:70:34)]
    [at async run (turbopack:///[turbopack-node]/child_process/evaluate.ts:89:23)]

Import trace:
  Client Component Browser:
    ./app/globals.css [Client Component Browser]
    ./app/layout.tsx [Server Component] @ http://localhost:3000/_next/static/chunks/node_modules_next_dist_20ud_8w._.js:2099
[ 2814996ms] [ERROR] ./components/ui/toast.tsx:4:1
Module not found: Can't resolve '@radix-ui/react-toast'
  2 |
  3 | import * as React from "react"
> 4 | import * as ToastPrimitives from "@radix-ui/react-toast"
    | ^^^^^^^^^^^^^^^^^^^^^^^^^^^^^^^^^^^^^^^^^^^^^^^^^^^^^^^^
  5 | import { cva, type VariantProps } from "class-variance-authority"
  6 | import { X } from "lucide-react"
  7 |

Import traces:
  Client Component Browser:
    ./components/ui/toast.tsx [Client Component Browser]
    ./components/ui/toaster.tsx [Client Component Browser]
    ./components/ui/toaster.tsx [Server Component]
    ./app/layout.tsx [Server Component]

  Client Component SSR:
    ./components/ui/toast.tsx [Client Component SSR]
    ./components/ui/toaster.tsx [Client Component SSR]
    ./components/ui/toaster.tsx [Server Component]
    ./app/layout.tsx [Server Component]

https://nextjs.org/docs/messages/module-not-found @ http://localhost:3000/_next/static/chunks/node_modules_next_dist_20ud_8w._.js:2099
[ 2814996ms] [ERROR] ./components/ui/toast.tsx:5:1
Module not found: Can't resolve 'class-variance-authority'
  3 | import * as React from "react"
  4 | import * as ToastPrimitives from "@radix-ui/react-toast"
> 5 | import { cva, type VariantProps } from "class-variance-authority"
    | ^^^^^^^^^^^^^^^^^^^^^^^^^^^^^^^^^^^^^^^^^^^^^^^^^^^^^^^^^^^^^^^^^
  6 | import { X } from "lucide-react"
  7 |
  8 | import { cn } from "@/lib/utils"

Import traces:
  Client Component Browser:
    ./components/ui/toast.tsx [Client Component Browser]
    ./components/ui/toaster.tsx [Client Component Browser]
    ./components/ui/toaster.tsx [Server Component]
    ./app/layout.tsx [Server Component]

  Client Component SSR:
    ./components/ui/toast.tsx [Client Component SSR]
    ./components/ui/toaster.tsx [Client Component SSR]
    ./components/ui/toaster.tsx [Server Component]
    ./app/layout.tsx [Server Component]

https://nextjs.org/docs/messages/module-not-found @ http://localhost:3000/_next/static/chunks/node_modules_next_dist_20ud_8w._.js:2099
[ 2814997ms] [ERROR] ./lib/utils.ts:1:1
Module not found: Can't resolve 'clsx'
> 1 | import { type ClassValue, clsx } from "clsx"
    | ^^^^^^^^^^^^^^^^^^^^^^^^^^^^^^^^^^^^^^^^^^^^
  2 | import { twMerge } from "tailwind-merge"
  3 |
  4 | export function cn(...inputs: ClassValue[]) {

Import traces:
  Client Component Browser:
    ./lib/utils.ts [Client Component Browser]
    ./components/ui/toast.tsx [Client Component Browser]
    ./components/ui/toaster.tsx [Client Component Browser]
    ./components/ui/toaster.tsx [Server Component]
    ./app/layout.tsx [Server Component]

  Client Component SSR:
    ./lib/utils.ts [Client Component SSR]
    ./components/ui/toast.tsx [Client Component SSR]
    ./components/ui/toaster.tsx [Client Component SSR]
    ./components/ui/toaster.tsx [Server Component]
    ./app/layout.tsx [Server Component]

https://nextjs.org/docs/messages/module-not-found @ http://localhost:3000/_next/static/chunks/node_modules_next_dist_20ud_8w._.js:2099
[ 2814997ms] [ERROR] ./app/page.tsx:2:1
Module not found: Can't resolve 'lucide-react'
  1 | import Link from "next/link"
> 2 | import { ArrowRight, FileText, GitPullRequest, Share2 } from "lucide-react"
    | ^^^^^^^^^^^^^^^^^^^^^^^^^^^^^^^^^^^^^^^^^^^^^^^^^^^^^^^^^^^^^^^^^^^^^^^^^^^
  3 |
  4 | const chain = [
  5 |   {

https://nextjs.org/docs/messages/module-not-found @ http://localhost:3000/_next/static/chunks/node_modules_next_dist_20ud_8w._.js:2099
[ 2814997ms] [ERROR] ./components/ui/toast.tsx:6:1
Module not found: Can't resolve 'lucide-react'
  4 | import * as ToastPrimitives from "@radix-ui/react-toast"
  5 | import { cva, type VariantProps } from "class-variance-authority"
> 6 | import { X } from "lucide-react"
    | ^^^^^^^^^^^^^^^^^^^^^^^^^^^^^^^^
  7 |
  8 | import { cn } from "@/lib/utils"
  9 |

Import traces:
  Client Component Browser:
    ./components/ui/toast.tsx [Client Component Browser]
    ./components/ui/toaster.tsx [Client Component Browser]
    ./components/ui/toaster.tsx [Server Component]
    ./app/layout.tsx [Server Component]

  Client Component SSR:
    ./components/ui/toast.tsx [Client Component SSR]
    ./components/ui/toaster.tsx [Client Component SSR]
    ./components/ui/toaster.tsx [Server Component]
    ./app/layout.tsx [Server Component]

https://nextjs.org/docs/messages/module-not-found @ http://localhost:3000/_next/static/chunks/node_modules_next_dist_20ud_8w._.js:2099
[ 2814997ms] [ERROR] ./lib/utils.ts:2:1
Module not found: Can't resolve 'tailwind-merge'
  1 | import { type ClassValue, clsx } from "clsx"
> 2 | import { twMerge } from "tailwind-merge"
    | ^^^^^^^^^^^^^^^^^^^^^^^^^^^^^^^^^^^^^^^^
  3 |
  4 | export function cn(...inputs: ClassValue[]) {
  5 |   return twMerge(clsx(inputs))

Import traces:
  Client Component Browser:
    ./lib/utils.ts [Client Component Browser]
    ./components/ui/toast.tsx [Client Component Browser]
    ./components/ui/toaster.tsx [Client Component Browser]
    ./components/ui/toaster.tsx [Server Component]
    ./app/layout.tsx [Server Component]

  Client Component SSR:
    ./lib/utils.ts [Client Component SSR]
    ./components/ui/toast.tsx [Client Component SSR]
    ./components/ui/toaster.tsx [Client Component SSR]
    ./components/ui/toaster.tsx [Server Component]
    ./app/layout.tsx [Server Component]

https://nextjs.org/docs/messages/module-not-found @ http://localhost:3000/_next/static/chunks/node_modules_next_dist_20ud_8w._.js:2099
[ 2815039ms] [LOG] [Fast Refresh] rebuilding @ http://localhost:3000/_next/static/chunks/node_modules_next_dist_20ud_8w._.js:1380
[ 2815865ms] [ERROR] ./app/globals.css
Error evaluating Node.js code
CssSyntaxError: tailwindcss: C:\Users\Lenovo\Desktop\线下黑客松\frontend\app\globals.css:1:1: Can't resolve 'tw-animate-css' in 'C:\Users\Lenovo\Desktop\线下黑客松\frontend\app'
    [at Input.error (turbopack:///[project]/node_modules/postcss/lib/input.js:135:16)]
    [at Root.error (turbopack:///[project]/node_modules/postcss/lib/node.js:166:32)]
    [at Object.Once (C:\Users\Lenovo\Desktop\线下黑客松\frontend\node_modules\@tailwindcss\postcss\dist\index.js:10:7013)]
    [at process.processTicksAndRejections (node:internal/process/task_queues:104:5)]
    [at async LazyResult.runAsync (turbopack:///[project]/node_modules/postcss/lib/lazy-result.js:299:11)]
    [at async transform (turbopack:///[turbopack-node]/transforms/postcss.ts:70:34)]
    [at async run (turbopack:///[turbopack-node]/child_process/evaluate.ts:89:23)]

Import trace:
  Client Component Browser:
    ./app/globals.css [Client Component Browser]
    ./app/layout.tsx [Server Component] @ http://localhost:3000/_next/static/chunks/node_modules_next_dist_20ud_8w._.js:2099
[ 2815865ms] [ERROR] ./components/ui/toast.tsx:4:1
Module not found: Can't resolve '@radix-ui/react-toast'
  2 |
  3 | import * as React from "react"
> 4 | import * as ToastPrimitives from "@radix-ui/react-toast"
    | ^^^^^^^^^^^^^^^^^^^^^^^^^^^^^^^^^^^^^^^^^^^^^^^^^^^^^^^^
  5 | import { cva, type VariantProps } from "class-variance-authority"
  6 | import { X } from "lucide-react"
  7 |

Import traces:
  Client Component Browser:
    ./components/ui/toast.tsx [Client Component Browser]
    ./components/ui/toaster.tsx [Client Component Browser]
    ./components/ui/toaster.tsx [Server Component]
    ./app/layout.tsx [Server Component]

  Client Component SSR:
    ./components/ui/toast.tsx [Client Component SSR]
    ./components/ui/toaster.tsx [Client Component SSR]
    ./components/ui/toaster.tsx [Server Component]
    ./app/layout.tsx [Server Component]

https://nextjs.org/docs/messages/module-not-found @ http://localhost:3000/_next/static/chunks/node_modules_next_dist_20ud_8w._.js:2099
[ 2815866ms] [ERROR] ./components/ui/toast.tsx:5:1
Module not found: Can't resolve 'class-variance-authority'
  3 | import * as React from "react"
  4 | import * as ToastPrimitives from "@radix-ui/react-toast"
> 5 | import { cva, type VariantProps } from "class-variance-authority"
    | ^^^^^^^^^^^^^^^^^^^^^^^^^^^^^^^^^^^^^^^^^^^^^^^^^^^^^^^^^^^^^^^^^
  6 | import { X } from "lucide-react"
  7 |
  8 | import { cn } from "@/lib/utils"

Import traces:
  Client Component Browser:
    ./components/ui/toast.tsx [Client Component Browser]
    ./components/ui/toaster.tsx [Client Component Browser]
    ./components/ui/toaster.tsx [Server Component]
    ./app/layout.tsx [Server Component]

  Client Component SSR:
    ./components/ui/toast.tsx [Client Component SSR]
    ./components/ui/toaster.tsx [Client Component SSR]
    ./components/ui/toaster.tsx [Server Component]
    ./app/layout.tsx [Server Component]

https://nextjs.org/docs/messages/module-not-found @ http://localhost:3000/_next/static/chunks/node_modules_next_dist_20ud_8w._.js:2099
[ 2815866ms] [ERROR] ./lib/utils.ts:1:1
Module not found: Can't resolve 'clsx'
> 1 | import { type ClassValue, clsx } from "clsx"
    | ^^^^^^^^^^^^^^^^^^^^^^^^^^^^^^^^^^^^^^^^^^^^
  2 | import { twMerge } from "tailwind-merge"
  3 |
  4 | export function cn(...inputs: ClassValue[]) {

Import traces:
  Client Component Browser:
    ./lib/utils.ts [Client Component Browser]
    ./components/ui/toast.tsx [Client Component Browser]
    ./components/ui/toaster.tsx [Client Component Browser]
    ./components/ui/toaster.tsx [Server Component]
    ./app/layout.tsx [Server Component]

  Client Component SSR:
    ./lib/utils.ts [Client Component SSR]
    ./components/ui/toast.tsx [Client Component SSR]
    ./components/ui/toaster.tsx [Client Component SSR]
    ./components/ui/toaster.tsx [Server Component]
    ./app/layout.tsx [Server Component]

https://nextjs.org/docs/messages/module-not-found @ http://localhost:3000/_next/static/chunks/node_modules_next_dist_20ud_8w._.js:2099
[ 2815866ms] [ERROR] ./app/page.tsx:2:1
Module not found: Can't resolve 'lucide-react'
  1 | import Link from "next/link"
> 2 | import { ArrowRight, FileText, GitPullRequest, Share2 } from "lucide-react"
    | ^^^^^^^^^^^^^^^^^^^^^^^^^^^^^^^^^^^^^^^^^^^^^^^^^^^^^^^^^^^^^^^^^^^^^^^^^^^
  3 |
  4 | const chain = [
  5 |   {

https://nextjs.org/docs/messages/module-not-found @ http://localhost:3000/_next/static/chunks/node_modules_next_dist_20ud_8w._.js:2099
[ 2815866ms] [ERROR] ./components/ui/toast.tsx:6:1
Module not found: Can't resolve 'lucide-react'
  4 | import * as ToastPrimitives from "@radix-ui/react-toast"
  5 | import { cva, type VariantProps } from "class-variance-authority"
> 6 | import { X } from "lucide-react"
    | ^^^^^^^^^^^^^^^^^^^^^^^^^^^^^^^^
  7 |
  8 | import { cn } from "@/lib/utils"
  9 |

Import traces:
  Client Component Browser:
    ./components/ui/toast.tsx [Client Component Browser]
    ./components/ui/toaster.tsx [Client Component Browser]
    ./components/ui/toaster.tsx [Server Component]
    ./app/layout.tsx [Server Component]

  Client Component SSR:
    ./components/ui/toast.tsx [Client Component SSR]
    ./components/ui/toaster.tsx [Client Component SSR]
    ./components/ui/toaster.tsx [Server Component]
    ./app/layout.tsx [Server Component]

https://nextjs.org/docs/messages/module-not-found @ http://localhost:3000/_next/static/chunks/node_modules_next_dist_20ud_8w._.js:2099
[ 2815867ms] [ERROR] ./lib/utils.ts:2:1
Module not found: Can't resolve 'tailwind-merge'
  1 | import { type ClassValue, clsx } from "clsx"
> 2 | import { twMerge } from "tailwind-merge"
    | ^^^^^^^^^^^^^^^^^^^^^^^^^^^^^^^^^^^^^^^^
  3 |
  4 | export function cn(...inputs: ClassValue[]) {
  5 |   return twMerge(clsx(inputs))

Import traces:
  Client Component Browser:
    ./lib/utils.ts [Client Component Browser]
    ./components/ui/toast.tsx [Client Component Browser]
    ./components/ui/toaster.tsx [Client Component Browser]
    ./components/ui/toaster.tsx [Server Component]
    ./app/layout.tsx [Server Component]

  Client Component SSR:
    ./lib/utils.ts [Client Component SSR]
    ./components/ui/toast.tsx [Client Component SSR]
    ./components/ui/toaster.tsx [Client Component SSR]
    ./components/ui/toaster.tsx [Server Component]
    ./app/layout.tsx [Server Component]

https://nextjs.org/docs/messages/module-not-found @ http://localhost:3000/_next/static/chunks/node_modules_next_dist_20ud_8w._.js:2099
[ 2815924ms] [LOG] [Fast Refresh] rebuilding @ http://localhost:3000/_next/static/chunks/node_modules_next_dist_20ud_8w._.js:1380
[ 2826296ms] [ERROR] ./app/globals.css
Error evaluating Node.js code
CssSyntaxError: tailwindcss: C:\Users\Lenovo\Desktop\线下黑客松\frontend\app\globals.css:1:1: Can't resolve 'tw-animate-css' in 'C:\Users\Lenovo\Desktop\线下黑客松\frontend\app'
    [at Input.error (turbopack:///[project]/node_modules/postcss/lib/input.js:135:16)]
    [at Root.error (turbopack:///[project]/node_modules/postcss/lib/node.js:166:32)]
    [at Object.Once (C:\Users\Lenovo\Desktop\线下黑客松\frontend\node_modules\@tailwindcss\postcss\dist\index.js:10:7013)]
    [at process.processTicksAndRejections (node:internal/process/task_queues:104:5)]
    [at async LazyResult.runAsync (turbopack:///[project]/node_modules/postcss/lib/lazy-result.js:299:11)]
    [at async transform (turbopack:///[turbopack-node]/transforms/postcss.ts:70:34)]
    [at async run (turbopack:///[turbopack-node]/child_process/evaluate.ts:89:23)]

Import trace:
  Client Component Browser:
    ./app/globals.css [Client Component Browser]
    ./app/layout.tsx [Server Component] @ http://localhost:3000/_next/static/chunks/node_modules_next_dist_20ud_8w._.js:2099
[ 2826296ms] [ERROR] ./components/ui/toast.tsx:4:1
Module not found: Can't resolve '@radix-ui/react-toast'
  2 |
  3 | import * as React from "react"
> 4 | import * as ToastPrimitives from "@radix-ui/react-toast"
    | ^^^^^^^^^^^^^^^^^^^^^^^^^^^^^^^^^^^^^^^^^^^^^^^^^^^^^^^^
  5 | import { cva, type VariantProps } from "class-variance-authority"
  6 | import { X } from "lucide-react"
  7 |

Import traces:
  Client Component Browser:
    ./components/ui/toast.tsx [Client Component Browser]
    ./components/ui/toaster.tsx [Client Component Browser]
    ./components/ui/toaster.tsx [Server Component]
    ./app/layout.tsx [Server Component]

  Client Component SSR:
    ./components/ui/toast.tsx [Client Component SSR]
    ./components/ui/toaster.tsx [Client Component SSR]
    ./components/ui/toaster.tsx [Server Component]
    ./app/layout.tsx [Server Component]

https://nextjs.org/docs/messages/module-not-found @ http://localhost:3000/_next/static/chunks/node_modules_next_dist_20ud_8w._.js:2099
[ 2826297ms] [ERROR] ./components/ui/toast.tsx:5:1
Module not found: Can't resolve 'class-variance-authority'
  3 | import * as React from "react"
  4 | import * as ToastPrimitives from "@radix-ui/react-toast"
> 5 | import { cva, type VariantProps } from "class-variance-authority"
    | ^^^^^^^^^^^^^^^^^^^^^^^^^^^^^^^^^^^^^^^^^^^^^^^^^^^^^^^^^^^^^^^^^
  6 | import { X } from "lucide-react"
  7 |
  8 | import { cn } from "@/lib/utils"

Import traces:
  Client Component Browser:
    ./components/ui/toast.tsx [Client Component Browser]
    ./components/ui/toaster.tsx [Client Component Browser]
    ./components/ui/toaster.tsx [Server Component]
    ./app/layout.tsx [Server Component]

  Client Component SSR:
    ./components/ui/toast.tsx [Client Component SSR]
    ./components/ui/toaster.tsx [Client Component SSR]
    ./components/ui/toaster.tsx [Server Component]
    ./app/layout.tsx [Server Component]

https://nextjs.org/docs/messages/module-not-found @ http://localhost:3000/_next/static/chunks/node_modules_next_dist_20ud_8w._.js:2099
[ 2826297ms] [ERROR] ./lib/utils.ts:1:1
Module not found: Can't resolve 'clsx'
> 1 | import { type ClassValue, clsx } from "clsx"
    | ^^^^^^^^^^^^^^^^^^^^^^^^^^^^^^^^^^^^^^^^^^^^
  2 | import { twMerge } from "tailwind-merge"
  3 |
  4 | export function cn(...inputs: ClassValue[]) {

Import traces:
  Client Component Browser:
    ./lib/utils.ts [Client Component Browser]
    ./components/ui/toast.tsx [Client Component Browser]
    ./components/ui/toaster.tsx [Client Component Browser]
    ./components/ui/toaster.tsx [Server Component]
    ./app/layout.tsx [Server Component]

  Client Component SSR:
    ./lib/utils.ts [Client Component SSR]
    ./components/ui/toast.tsx [Client Component SSR]
    ./components/ui/toaster.tsx [Client Component SSR]
    ./components/ui/toaster.tsx [Server Component]
    ./app/layout.tsx [Server Component]

https://nextjs.org/docs/messages/module-not-found @ http://localhost:3000/_next/static/chunks/node_modules_next_dist_20ud_8w._.js:2099
[ 2826297ms] [ERROR] ./app/page.tsx:2:1
Module not found: Can't resolve 'lucide-react'
  1 | import Link from "next/link"
> 2 | import { ArrowRight, FileText, GitPullRequest, Share2 } from "lucide-react"
    | ^^^^^^^^^^^^^^^^^^^^^^^^^^^^^^^^^^^^^^^^^^^^^^^^^^^^^^^^^^^^^^^^^^^^^^^^^^^
  3 |
  4 | const chain = [
  5 |   {

https://nextjs.org/docs/messages/module-not-found @ http://localhost:3000/_next/static/chunks/node_modules_next_dist_20ud_8w._.js:2099
[ 2826298ms] [ERROR] ./components/ui/toast.tsx:6:1
Module not found: Can't resolve 'lucide-react'
  4 | import * as ToastPrimitives from "@radix-ui/react-toast"
  5 | import { cva, type VariantProps } from "class-variance-authority"
> 6 | import { X } from "lucide-react"
    | ^^^^^^^^^^^^^^^^^^^^^^^^^^^^^^^^
  7 |
  8 | import { cn } from "@/lib/utils"
  9 |

Import traces:
  Client Component Browser:
    ./components/ui/toast.tsx [Client Component Browser]
    ./components/ui/toaster.tsx [Client Component Browser]
    ./components/ui/toaster.tsx [Server Component]
    ./app/layout.tsx [Server Component]

  Client Component SSR:
    ./components/ui/toast.tsx [Client Component SSR]
    ./components/ui/toaster.tsx [Client Component SSR]
    ./components/ui/toaster.tsx [Server Component]
    ./app/layout.tsx [Server Component]

https://nextjs.org/docs/messages/module-not-found @ http://localhost:3000/_next/static/chunks/node_modules_next_dist_20ud_8w._.js:2099
[ 2826298ms] [ERROR] ./lib/utils.ts:2:1
Module not found: Can't resolve 'tailwind-merge'
  1 | import { type ClassValue, clsx } from "clsx"
> 2 | import { twMerge } from "tailwind-merge"
    | ^^^^^^^^^^^^^^^^^^^^^^^^^^^^^^^^^^^^^^^^
  3 |
  4 | export function cn(...inputs: ClassValue[]) {
  5 |   return twMerge(clsx(inputs))

Import traces:
  Client Component Browser:
    ./lib/utils.ts [Client Component Browser]
    ./components/ui/toast.tsx [Client Component Browser]
    ./components/ui/toaster.tsx [Client Component Browser]
    ./components/ui/toaster.tsx [Server Component]
    ./app/layout.tsx [Server Component]

  Client Component SSR:
    ./lib/utils.ts [Client Component SSR]
    ./components/ui/toast.tsx [Client Component SSR]
    ./components/ui/toaster.tsx [Client Component SSR]
    ./components/ui/toaster.tsx [Server Component]
    ./app/layout.tsx [Server Component]

https://nextjs.org/docs/messages/module-not-found @ http://localhost:3000/_next/static/chunks/node_modules_next_dist_20ud_8w._.js:2099
[ 2826355ms] [LOG] [Fast Refresh] rebuilding @ http://localhost:3000/_next/static/chunks/node_modules_next_dist_20ud_8w._.js:1380
[ 2844800ms] [ERROR] ./app/globals.css
Error evaluating Node.js code
CssSyntaxError: tailwindcss: C:\Users\Lenovo\Desktop\线下黑客松\frontend\app\globals.css:1:1: Can't resolve 'tw-animate-css' in 'C:\Users\Lenovo\Desktop\线下黑客松\frontend\app'
    [at Input.error (turbopack:///[project]/node_modules/postcss/lib/input.js:135:16)]
    [at Root.error (turbopack:///[project]/node_modules/postcss/lib/node.js:166:32)]
    [at Object.Once (C:\Users\Lenovo\Desktop\线下黑客松\frontend\node_modules\@tailwindcss\postcss\dist\index.js:10:7013)]
    [at process.processTicksAndRejections (node:internal/process/task_queues:104:5)]
    [at async LazyResult.runAsync (turbopack:///[project]/node_modules/postcss/lib/lazy-result.js:299:11)]
    [at async transform (turbopack:///[turbopack-node]/transforms/postcss.ts:70:34)]
    [at async run (turbopack:///[turbopack-node]/child_process/evaluate.ts:89:23)]

Import trace:
  Client Component Browser:
    ./app/globals.css [Client Component Browser]
    ./app/layout.tsx [Server Component] @ http://localhost:3000/_next/static/chunks/node_modules_next_dist_20ud_8w._.js:2099
[ 2844800ms] [ERROR] ./components/ui/toast.tsx:4:1
Module not found: Can't resolve '@radix-ui/react-toast'
  2 |
  3 | import * as React from "react"
> 4 | import * as ToastPrimitives from "@radix-ui/react-toast"
    | ^^^^^^^^^^^^^^^^^^^^^^^^^^^^^^^^^^^^^^^^^^^^^^^^^^^^^^^^
  5 | import { cva, type VariantProps } from "class-variance-authority"
  6 | import { X } from "lucide-react"
  7 |

Import traces:
  Client Component Browser:
    ./components/ui/toast.tsx [Client Component Browser]
    ./components/ui/toaster.tsx [Client Component Browser]
    ./components/ui/toaster.tsx [Server Component]
    ./app/layout.tsx [Server Component]

  Client Component SSR:
    ./components/ui/toast.tsx [Client Component SSR]
    ./components/ui/toaster.tsx [Client Component SSR]
    ./components/ui/toaster.tsx [Server Component]
    ./app/layout.tsx [Server Component]

https://nextjs.org/docs/messages/module-not-found @ http://localhost:3000/_next/static/chunks/node_modules_next_dist_20ud_8w._.js:2099
[ 2844800ms] [ERROR] ./components/ui/toast.tsx:5:1
Module not found: Can't resolve 'class-variance-authority'
  3 | import * as React from "react"
  4 | import * as ToastPrimitives from "@radix-ui/react-toast"
> 5 | import { cva, type VariantProps } from "class-variance-authority"
    | ^^^^^^^^^^^^^^^^^^^^^^^^^^^^^^^^^^^^^^^^^^^^^^^^^^^^^^^^^^^^^^^^^
  6 | import { X } from "lucide-react"
  7 |
  8 | import { cn } from "@/lib/utils"

Import traces:
  Client Component Browser:
    ./components/ui/toast.tsx [Client Component Browser]
    ./components/ui/toaster.tsx [Client Component Browser]
    ./components/ui/toaster.tsx [Server Component]
    ./app/layout.tsx [Server Component]

  Client Component SSR:
    ./components/ui/toast.tsx [Client Component SSR]
    ./components/ui/toaster.tsx [Client Component SSR]
    ./components/ui/toaster.tsx [Server Component]
    ./app/layout.tsx [Server Component]

https://nextjs.org/docs/messages/module-not-found @ http://localhost:3000/_next/static/chunks/node_modules_next_dist_20ud_8w._.js:2099
[ 2844801ms] [ERROR] ./lib/utils.ts:1:1
Module not found: Can't resolve 'clsx'
> 1 | import { type ClassValue, clsx } from "clsx"
    | ^^^^^^^^^^^^^^^^^^^^^^^^^^^^^^^^^^^^^^^^^^^^
  2 | import { twMerge } from "tailwind-merge"
  3 |
  4 | export function cn(...inputs: ClassValue[]) {

Import traces:
  Client Component Browser:
    ./lib/utils.ts [Client Component Browser]
    ./components/ui/toast.tsx [Client Component Browser]
    ./components/ui/toaster.tsx [Client Component Browser]
    ./components/ui/toaster.tsx [Server Component]
    ./app/layout.tsx [Server Component]

  Client Component SSR:
    ./lib/utils.ts [Client Component SSR]
    ./components/ui/toast.tsx [Client Component SSR]
    ./components/ui/toaster.tsx [Client Component SSR]
    ./components/ui/toaster.tsx [Server Component]
    ./app/layout.tsx [Server Component]

https://nextjs.org/docs/messages/module-not-found @ http://localhost:3000/_next/static/chunks/node_modules_next_dist_20ud_8w._.js:2099
[ 2844801ms] [ERROR] ./app/page.tsx:2:1
Module not found: Can't resolve 'lucide-react'
  1 | import Link from "next/link"
> 2 | import { ArrowRight, FileText, GitPullRequest, Share2 } from "lucide-react"
    | ^^^^^^^^^^^^^^^^^^^^^^^^^^^^^^^^^^^^^^^^^^^^^^^^^^^^^^^^^^^^^^^^^^^^^^^^^^^
  3 |
  4 | const chain = [
  5 |   {

https://nextjs.org/docs/messages/module-not-found @ http://localhost:3000/_next/static/chunks/node_modules_next_dist_20ud_8w._.js:2099
[ 2844801ms] [ERROR] ./components/ui/toast.tsx:6:1
Module not found: Can't resolve 'lucide-react'
  4 | import * as ToastPrimitives from "@radix-ui/react-toast"
  5 | import { cva, type VariantProps } from "class-variance-authority"
> 6 | import { X } from "lucide-react"
    | ^^^^^^^^^^^^^^^^^^^^^^^^^^^^^^^^
  7 |
  8 | import { cn } from "@/lib/utils"
  9 |

Import traces:
  Client Component Browser:
    ./components/ui/toast.tsx [Client Component Browser]
    ./components/ui/toaster.tsx [Client Component Browser]
    ./components/ui/toaster.tsx [Server Component]
    ./app/layout.tsx [Server Component]

  Client Component SSR:
    ./components/ui/toast.tsx [Client Component SSR]
    ./components/ui/toaster.tsx [Client Component SSR]
    ./components/ui/toaster.tsx [Server Component]
    ./app/layout.tsx [Server Component]

https://nextjs.org/docs/messages/module-not-found @ http://localhost:3000/_next/static/chunks/node_modules_next_dist_20ud_8w._.js:2099
[ 2844801ms] [ERROR] ./lib/utils.ts:2:1
Module not found: Can't resolve 'tailwind-merge'
  1 | import { type ClassValue, clsx } from "clsx"
> 2 | import { twMerge } from "tailwind-merge"
    | ^^^^^^^^^^^^^^^^^^^^^^^^^^^^^^^^^^^^^^^^
  3 |
  4 | export function cn(...inputs: ClassValue[]) {
  5 |   return twMerge(clsx(inputs))

Import traces:
  Client Component Browser:
    ./lib/utils.ts [Client Component Browser]
    ./components/ui/toast.tsx [Client Component Browser]
    ./components/ui/toaster.tsx [Client Component Browser]
    ./components/ui/toaster.tsx [Server Component]
    ./app/layout.tsx [Server Component]

  Client Component SSR:
    ./lib/utils.ts [Client Component SSR]
    ./components/ui/toast.tsx [Client Component SSR]
    ./components/ui/toaster.tsx [Client Component SSR]
    ./components/ui/toaster.tsx [Server Component]
    ./app/layout.tsx [Server Component]

https://nextjs.org/docs/messages/module-not-found @ http://localhost:3000/_next/static/chunks/node_modules_next_dist_20ud_8w._.js:2099
[ 2844864ms] [ERROR] ./app/globals.css
Error evaluating Node.js code
CssSyntaxError: tailwindcss: C:\Users\Lenovo\Desktop\线下黑客松\frontend\app\globals.css:1:1: Can't resolve 'tw-animate-css' in 'C:\Users\Lenovo\Desktop\线下黑客松\frontend\app'
    [at Input.error (turbopack:///[project]/node_modules/postcss/lib/input.js:135:16)]
    [at Root.error (turbopack:///[project]/node_modules/postcss/lib/node.js:166:32)]
    [at Object.Once (C:\Users\Lenovo\Desktop\线下黑客松\frontend\node_modules\@tailwindcss\postcss\dist\index.js:10:7013)]
    [at process.processTicksAndRejections (node:internal/process/task_queues:104:5)]
    [at async LazyResult.runAsync (turbopack:///[project]/node_modules/postcss/lib/lazy-result.js:299:11)]
    [at async transform (turbopack:///[turbopack-node]/transforms/postcss.ts:70:34)]
    [at async run (turbopack:///[turbopack-node]/child_process/evaluate.ts:89:23)]

Import trace:
  Client Component Browser:
    ./app/globals.css [Client Component Browser]
    ./app/layout.tsx [Server Component] @ http://localhost:3000/_next/static/chunks/node_modules_next_dist_20ud_8w._.js:2099
[ 2844865ms] [ERROR] ./components/ui/toast.tsx:4:1
Module not found: Can't resolve '@radix-ui/react-toast'
  2 |
  3 | import * as React from "react"
> 4 | import * as ToastPrimitives from "@radix-ui/react-toast"
    | ^^^^^^^^^^^^^^^^^^^^^^^^^^^^^^^^^^^^^^^^^^^^^^^^^^^^^^^^
  5 | import { cva, type VariantProps } from "class-variance-authority"
  6 | import { X } from "lucide-react"
  7 |

Import traces:
  Client Component Browser:
    ./components/ui/toast.tsx [Client Component Browser]
    ./components/ui/toaster.tsx [Client Component Browser]
    ./components/ui/toaster.tsx [Server Component]
    ./app/layout.tsx [Server Component]

  Client Component SSR:
    ./components/ui/toast.tsx [Client Component SSR]
    ./components/ui/toaster.tsx [Client Component SSR]
    ./components/ui/toaster.tsx [Server Component]
    ./app/layout.tsx [Server Component]

https://nextjs.org/docs/messages/module-not-found @ http://localhost:3000/_next/static/chunks/node_modules_next_dist_20ud_8w._.js:2099
[ 2844865ms] [ERROR] ./components/ui/toast.tsx:5:1
Module not found: Can't resolve 'class-variance-authority'
  3 | import * as React from "react"
  4 | import * as ToastPrimitives from "@radix-ui/react-toast"
> 5 | import { cva, type VariantProps } from "class-variance-authority"
    | ^^^^^^^^^^^^^^^^^^^^^^^^^^^^^^^^^^^^^^^^^^^^^^^^^^^^^^^^^^^^^^^^^
  6 | import { X } from "lucide-react"
  7 |
  8 | import { cn } from "@/lib/utils"

Import traces:
  Client Component Browser:
    ./components/ui/toast.tsx [Client Component Browser]
    ./components/ui/toaster.tsx [Client Component Browser]
    ./components/ui/toaster.tsx [Server Component]
    ./app/layout.tsx [Server Component]

  Client Component SSR:
    ./components/ui/toast.tsx [Client Component SSR]
    ./components/ui/toaster.tsx [Client Component SSR]
    ./components/ui/toaster.tsx [Server Component]
    ./app/layout.tsx [Server Component]

https://nextjs.org/docs/messages/module-not-found @ http://localhost:3000/_next/static/chunks/node_modules_next_dist_20ud_8w._.js:2099
[ 2844865ms] [ERROR] ./lib/utils.ts:1:1
Module not found: Can't resolve 'clsx'
> 1 | import { type ClassValue, clsx } from "clsx"
    | ^^^^^^^^^^^^^^^^^^^^^^^^^^^^^^^^^^^^^^^^^^^^
  2 | import { twMerge } from "tailwind-merge"
  3 |
  4 | export function cn(...inputs: ClassValue[]) {

Import traces:
  Client Component Browser:
    ./lib/utils.ts [Client Component Browser]
    ./components/ui/toast.tsx [Client Component Browser]
    ./components/ui/toaster.tsx [Client Component Browser]
    ./components/ui/toaster.tsx [Server Component]
    ./app/layout.tsx [Server Component]

  Client Component SSR:
    ./lib/utils.ts [Client Component SSR]
    ./components/ui/toast.tsx [Client Component SSR]
    ./components/ui/toaster.tsx [Client Component SSR]
    ./components/ui/toaster.tsx [Server Component]
    ./app/layout.tsx [Server Component]

https://nextjs.org/docs/messages/module-not-found @ http://localhost:3000/_next/static/chunks/node_modules_next_dist_20ud_8w._.js:2099
[ 2844865ms] [ERROR] ./app/page.tsx:2:1
Module not found: Can't resolve 'lucide-react'
  1 | import Link from "next/link"
> 2 | import { ArrowRight, FileText, GitPullRequest, Share2 } from "lucide-react"
    | ^^^^^^^^^^^^^^^^^^^^^^^^^^^^^^^^^^^^^^^^^^^^^^^^^^^^^^^^^^^^^^^^^^^^^^^^^^^
  3 |
  4 | const chain = [
  5 |   {

https://nextjs.org/docs/messages/module-not-found @ http://localhost:3000/_next/static/chunks/node_modules_next_dist_20ud_8w._.js:2099
[ 2844866ms] [ERROR] ./components/ui/toast.tsx:6:1
Module not found: Can't resolve 'lucide-react'
  4 | import * as ToastPrimitives from "@radix-ui/react-toast"
  5 | import { cva, type VariantProps } from "class-variance-authority"
> 6 | import { X } from "lucide-react"
    | ^^^^^^^^^^^^^^^^^^^^^^^^^^^^^^^^
  7 |
  8 | import { cn } from "@/lib/utils"
  9 |

Import traces:
  Client Component Browser:
    ./components/ui/toast.tsx [Client Component Browser]
    ./components/ui/toaster.tsx [Client Component Browser]
    ./components/ui/toaster.tsx [Server Component]
    ./app/layout.tsx [Server Component]

  Client Component SSR:
    ./components/ui/toast.tsx [Client Component SSR]
    ./components/ui/toaster.tsx [Client Component SSR]
    ./components/ui/toaster.tsx [Server Component]
    ./app/layout.tsx [Server Component]

https://nextjs.org/docs/messages/module-not-found @ http://localhost:3000/_next/static/chunks/node_modules_next_dist_20ud_8w._.js:2099
[ 2844866ms] [ERROR] ./lib/utils.ts:2:1
Module not found: Can't resolve 'tailwind-merge'
  1 | import { type ClassValue, clsx } from "clsx"
> 2 | import { twMerge } from "tailwind-merge"
    | ^^^^^^^^^^^^^^^^^^^^^^^^^^^^^^^^^^^^^^^^
  3 |
  4 | export function cn(...inputs: ClassValue[]) {
  5 |   return twMerge(clsx(inputs))

Import traces:
  Client Component Browser:
    ./lib/utils.ts [Client Component Browser]
    ./components/ui/toast.tsx [Client Component Browser]
    ./components/ui/toaster.tsx [Client Component Browser]
    ./components/ui/toaster.tsx [Server Component]
    ./app/layout.tsx [Server Component]

  Client Component SSR:
    ./lib/utils.ts [Client Component SSR]
    ./components/ui/toast.tsx [Client Component SSR]
    ./components/ui/toaster.tsx [Client Component SSR]
    ./components/ui/toaster.tsx [Server Component]
    ./app/layout.tsx [Server Component]

https://nextjs.org/docs/messages/module-not-found @ http://localhost:3000/_next/static/chunks/node_modules_next_dist_20ud_8w._.js:2099
[ 2844923ms] [LOG] [Fast Refresh] rebuilding @ http://localhost:3000/_next/static/chunks/node_modules_next_dist_20ud_8w._.js:1380
[ 2845054ms] [ERROR] ./app/globals.css
Error evaluating Node.js code
CssSyntaxError: tailwindcss: C:\Users\Lenovo\Desktop\线下黑客松\frontend\app\globals.css:1:1: Can't resolve 'tw-animate-css' in 'C:\Users\Lenovo\Desktop\线下黑客松\frontend\app'
    [at Input.error (turbopack:///[project]/node_modules/postcss/lib/input.js:135:16)]
    [at Root.error (turbopack:///[project]/node_modules/postcss/lib/node.js:166:32)]
    [at Object.Once (C:\Users\Lenovo\Desktop\线下黑客松\frontend\node_modules\@tailwindcss\postcss\dist\index.js:10:7013)]
    [at process.processTicksAndRejections (node:internal/process/task_queues:104:5)]
    [at async LazyResult.runAsync (turbopack:///[project]/node_modules/postcss/lib/lazy-result.js:299:11)]
    [at async transform (turbopack:///[turbopack-node]/transforms/postcss.ts:70:34)]
    [at async run (turbopack:///[turbopack-node]/child_process/evaluate.ts:89:23)]

Import trace:
  Client Component Browser:
    ./app/globals.css [Client Component Browser]
    ./app/layout.tsx [Server Component] @ http://localhost:3000/_next/static/chunks/node_modules_next_dist_20ud_8w._.js:2099
[ 2845054ms] [ERROR] ./components/ui/toast.tsx:4:1
Module not found: Can't resolve '@radix-ui/react-toast'
  2 |
  3 | import * as React from "react"
> 4 | import * as ToastPrimitives from "@radix-ui/react-toast"
    | ^^^^^^^^^^^^^^^^^^^^^^^^^^^^^^^^^^^^^^^^^^^^^^^^^^^^^^^^
  5 | import { cva, type VariantProps } from "class-variance-authority"
  6 | import { X } from "lucide-react"
  7 |

Import traces:
  Client Component Browser:
    ./components/ui/toast.tsx [Client Component Browser]
    ./components/ui/toaster.tsx [Client Component Browser]
    ./components/ui/toaster.tsx [Server Component]
    ./app/layout.tsx [Server Component]

  Client Component SSR:
    ./components/ui/toast.tsx [Client Component SSR]
    ./components/ui/toaster.tsx [Client Component SSR]
    ./components/ui/toaster.tsx [Server Component]
    ./app/layout.tsx [Server Component]

https://nextjs.org/docs/messages/module-not-found @ http://localhost:3000/_next/static/chunks/node_modules_next_dist_20ud_8w._.js:2099
[ 2845055ms] [ERROR] ./components/ui/toast.tsx:5:1
Module not found: Can't resolve 'class-variance-authority'
  3 | import * as React from "react"
  4 | import * as ToastPrimitives from "@radix-ui/react-toast"
> 5 | import { cva, type VariantProps } from "class-variance-authority"
    | ^^^^^^^^^^^^^^^^^^^^^^^^^^^^^^^^^^^^^^^^^^^^^^^^^^^^^^^^^^^^^^^^^
  6 | import { X } from "lucide-react"
  7 |
  8 | import { cn } from "@/lib/utils"

Import traces:
  Client Component Browser:
    ./components/ui/toast.tsx [Client Component Browser]
    ./components/ui/toaster.tsx [Client Component Browser]
    ./components/ui/toaster.tsx [Server Component]
    ./app/layout.tsx [Server Component]

  Client Component SSR:
    ./components/ui/toast.tsx [Client Component SSR]
    ./components/ui/toaster.tsx [Client Component SSR]
    ./components/ui/toaster.tsx [Server Component]
    ./app/layout.tsx [Server Component]

https://nextjs.org/docs/messages/module-not-found @ http://localhost:3000/_next/static/chunks/node_modules_next_dist_20ud_8w._.js:2099
[ 2845055ms] [ERROR] ./lib/utils.ts:1:1
Module not found: Can't resolve 'clsx'
> 1 | import { type ClassValue, clsx } from "clsx"
    | ^^^^^^^^^^^^^^^^^^^^^^^^^^^^^^^^^^^^^^^^^^^^
  2 | import { twMerge } from "tailwind-merge"
  3 |
  4 | export function cn(...inputs: ClassValue[]) {

Import traces:
  Client Component Browser:
    ./lib/utils.ts [Client Component Browser]
    ./components/ui/toast.tsx [Client Component Browser]
    ./components/ui/toaster.tsx [Client Component Browser]
    ./components/ui/toaster.tsx [Server Component]
    ./app/layout.tsx [Server Component]

  Client Component SSR:
    ./lib/utils.ts [Client Component SSR]
    ./components/ui/toast.tsx [Client Component SSR]
    ./components/ui/toaster.tsx [Client Component SSR]
    ./components/ui/toaster.tsx [Server Component]
    ./app/layout.tsx [Server Component]

https://nextjs.org/docs/messages/module-not-found @ http://localhost:3000/_next/static/chunks/node_modules_next_dist_20ud_8w._.js:2099
[ 2845055ms] [ERROR] ./app/page.tsx:2:1
Module not found: Can't resolve 'lucide-react'
  1 | import Link from "next/link"
> 2 | import { ArrowRight, FileText, GitPullRequest, Share2 } from "lucide-react"
    | ^^^^^^^^^^^^^^^^^^^^^^^^^^^^^^^^^^^^^^^^^^^^^^^^^^^^^^^^^^^^^^^^^^^^^^^^^^^
  3 |
  4 | const chain = [
  5 |   {

https://nextjs.org/docs/messages/module-not-found @ http://localhost:3000/_next/static/chunks/node_modules_next_dist_20ud_8w._.js:2099
[ 2845055ms] [ERROR] ./components/ui/toast.tsx:6:1
Module not found: Can't resolve 'lucide-react'
  4 | import * as ToastPrimitives from "@radix-ui/react-toast"
  5 | import { cva, type VariantProps } from "class-variance-authority"
> 6 | import { X } from "lucide-react"
    | ^^^^^^^^^^^^^^^^^^^^^^^^^^^^^^^^
  7 |
  8 | import { cn } from "@/lib/utils"
  9 |

Import traces:
  Client Component Browser:
    ./components/ui/toast.tsx [Client Component Browser]
    ./components/ui/toaster.tsx [Client Component Browser]
    ./components/ui/toaster.tsx [Server Component]
    ./app/layout.tsx [Server Component]

  Client Component SSR:
    ./components/ui/toast.tsx [Client Component SSR]
    ./components/ui/toaster.tsx [Client Component SSR]
    ./components/ui/toaster.tsx [Server Component]
    ./app/layout.tsx [Server Component]

https://nextjs.org/docs/messages/module-not-found @ http://localhost:3000/_next/static/chunks/node_modules_next_dist_20ud_8w._.js:2099
[ 2845055ms] [ERROR] ./lib/utils.ts:2:1
Module not found: Can't resolve 'tailwind-merge'
  1 | import { type ClassValue, clsx } from "clsx"
> 2 | import { twMerge } from "tailwind-merge"
    | ^^^^^^^^^^^^^^^^^^^^^^^^^^^^^^^^^^^^^^^^
  3 |
  4 | export function cn(...inputs: ClassValue[]) {
  5 |   return twMerge(clsx(inputs))

Import traces:
  Client Component Browser:
    ./lib/utils.ts [Client Component Browser]
    ./components/ui/toast.tsx [Client Component Browser]
    ./components/ui/toaster.tsx [Client Component Browser]
    ./components/ui/toaster.tsx [Server Component]
    ./app/layout.tsx [Server Component]

  Client Component SSR:
    ./lib/utils.ts [Client Component SSR]
    ./components/ui/toast.tsx [Client Component SSR]
    ./components/ui/toaster.tsx [Client Component SSR]
    ./components/ui/toaster.tsx [Server Component]
    ./app/layout.tsx [Server Component]

https://nextjs.org/docs/messages/module-not-found @ http://localhost:3000/_next/static/chunks/node_modules_next_dist_20ud_8w._.js:2099
[ 2845113ms] [LOG] [Fast Refresh] rebuilding @ http://localhost:3000/_next/static/chunks/node_modules_next_dist_20ud_8w._.js:1380
[ 2845292ms] [ERROR] ./app/globals.css
Error evaluating Node.js code
CssSyntaxError: tailwindcss: C:\Users\Lenovo\Desktop\线下黑客松\frontend\app\globals.css:1:1: Can't resolve 'tw-animate-css' in 'C:\Users\Lenovo\Desktop\线下黑客松\frontend\app'
    [at Input.error (turbopack:///[project]/node_modules/postcss/lib/input.js:135:16)]
    [at Root.error (turbopack:///[project]/node_modules/postcss/lib/node.js:166:32)]
    [at Object.Once (C:\Users\Lenovo\Desktop\线下黑客松\frontend\node_modules\@tailwindcss\postcss\dist\index.js:10:7013)]
    [at process.processTicksAndRejections (node:internal/process/task_queues:104:5)]
    [at async LazyResult.runAsync (turbopack:///[project]/node_modules/postcss/lib/lazy-result.js:299:11)]
    [at async transform (turbopack:///[turbopack-node]/transforms/postcss.ts:70:34)]
    [at async run (turbopack:///[turbopack-node]/child_process/evaluate.ts:89:23)]

Import trace:
  Client Component Browser:
    ./app/globals.css [Client Component Browser]
    ./app/layout.tsx [Server Component] @ http://localhost:3000/_next/static/chunks/node_modules_next_dist_20ud_8w._.js:2099
[ 2845292ms] [ERROR] ./components/ui/toast.tsx:4:1
Module not found: Can't resolve '@radix-ui/react-toast'
  2 |
  3 | import * as React from "react"
> 4 | import * as ToastPrimitives from "@radix-ui/react-toast"
    | ^^^^^^^^^^^^^^^^^^^^^^^^^^^^^^^^^^^^^^^^^^^^^^^^^^^^^^^^
  5 | import { cva, type VariantProps } from "class-variance-authority"
  6 | import { X } from "lucide-react"
  7 |

Import traces:
  Client Component Browser:
    ./components/ui/toast.tsx [Client Component Browser]
    ./components/ui/toaster.tsx [Client Component Browser]
    ./components/ui/toaster.tsx [Server Component]
    ./app/layout.tsx [Server Component]

  Client Component SSR:
    ./components/ui/toast.tsx [Client Component SSR]
    ./components/ui/toaster.tsx [Client Component SSR]
    ./components/ui/toaster.tsx [Server Component]
    ./app/layout.tsx [Server Component]

https://nextjs.org/docs/messages/module-not-found @ http://localhost:3000/_next/static/chunks/node_modules_next_dist_20ud_8w._.js:2099
[ 2845292ms] [ERROR] ./components/ui/toast.tsx:5:1
Module not found: Can't resolve 'class-variance-authority'
  3 | import * as React from "react"
  4 | import * as ToastPrimitives from "@radix-ui/react-toast"
> 5 | import { cva, type VariantProps } from "class-variance-authority"
    | ^^^^^^^^^^^^^^^^^^^^^^^^^^^^^^^^^^^^^^^^^^^^^^^^^^^^^^^^^^^^^^^^^
  6 | import { X } from "lucide-react"
  7 |
  8 | import { cn } from "@/lib/utils"

Import traces:
  Client Component Browser:
    ./components/ui/toast.tsx [Client Component Browser]
    ./components/ui/toaster.tsx [Client Component Browser]
    ./components/ui/toaster.tsx [Server Component]
    ./app/layout.tsx [Server Component]

  Client Component SSR:
    ./components/ui/toast.tsx [Client Component SSR]
    ./components/ui/toaster.tsx [Client Component SSR]
    ./components/ui/toaster.tsx [Server Component]
    ./app/layout.tsx [Server Component]

https://nextjs.org/docs/messages/module-not-found @ http://localhost:3000/_next/static/chunks/node_modules_next_dist_20ud_8w._.js:2099
[ 2845292ms] [ERROR] ./lib/utils.ts:1:1
Module not found: Can't resolve 'clsx'
> 1 | import { type ClassValue, clsx } from "clsx"
    | ^^^^^^^^^^^^^^^^^^^^^^^^^^^^^^^^^^^^^^^^^^^^
  2 | import { twMerge } from "tailwind-merge"
  3 |
  4 | export function cn(...inputs: ClassValue[]) {

Import traces:
  Client Component Browser:
    ./lib/utils.ts [Client Component Browser]
    ./components/ui/toast.tsx [Client Component Browser]
    ./components/ui/toaster.tsx [Client Component Browser]
    ./components/ui/toaster.tsx [Server Component]
    ./app/layout.tsx [Server Component]

  Client Component SSR:
    ./lib/utils.ts [Client Component SSR]
    ./components/ui/toast.tsx [Client Component SSR]
    ./components/ui/toaster.tsx [Client Component SSR]
    ./components/ui/toaster.tsx [Server Component]
    ./app/layout.tsx [Server Component]

https://nextjs.org/docs/messages/module-not-found @ http://localhost:3000/_next/static/chunks/node_modules_next_dist_20ud_8w._.js:2099
[ 2845293ms] [ERROR] ./app/page.tsx:2:1
Module not found: Can't resolve 'lucide-react'
  1 | import Link from "next/link"
> 2 | import { ArrowRight, FileText, GitPullRequest, Share2 } from "lucide-react"
    | ^^^^^^^^^^^^^^^^^^^^^^^^^^^^^^^^^^^^^^^^^^^^^^^^^^^^^^^^^^^^^^^^^^^^^^^^^^^
  3 |
  4 | const chain = [
  5 |   {

https://nextjs.org/docs/messages/module-not-found @ http://localhost:3000/_next/static/chunks/node_modules_next_dist_20ud_8w._.js:2099
[ 2845293ms] [ERROR] ./components/ui/toast.tsx:6:1
Module not found: Can't resolve 'lucide-react'
  4 | import * as ToastPrimitives from "@radix-ui/react-toast"
  5 | import { cva, type VariantProps } from "class-variance-authority"
> 6 | import { X } from "lucide-react"
    | ^^^^^^^^^^^^^^^^^^^^^^^^^^^^^^^^
  7 |
  8 | import { cn } from "@/lib/utils"
  9 |

Import traces:
  Client Component Browser:
    ./components/ui/toast.tsx [Client Component Browser]
    ./components/ui/toaster.tsx [Client Component Browser]
    ./components/ui/toaster.tsx [Server Component]
    ./app/layout.tsx [Server Component]

  Client Component SSR:
    ./components/ui/toast.tsx [Client Component SSR]
    ./components/ui/toaster.tsx [Client Component SSR]
    ./components/ui/toaster.tsx [Server Component]
    ./app/layout.tsx [Server Component]

https://nextjs.org/docs/messages/module-not-found @ http://localhost:3000/_next/static/chunks/node_modules_next_dist_20ud_8w._.js:2099
[ 2845293ms] [ERROR] ./lib/utils.ts:2:1
Module not found: Can't resolve 'tailwind-merge'
  1 | import { type ClassValue, clsx } from "clsx"
> 2 | import { twMerge } from "tailwind-merge"
    | ^^^^^^^^^^^^^^^^^^^^^^^^^^^^^^^^^^^^^^^^
  3 |
  4 | export function cn(...inputs: ClassValue[]) {
  5 |   return twMerge(clsx(inputs))

Import traces:
  Client Component Browser:
    ./lib/utils.ts [Client Component Browser]
    ./components/ui/toast.tsx [Client Component Browser]
    ./components/ui/toaster.tsx [Client Component Browser]
    ./components/ui/toaster.tsx [Server Component]
    ./app/layout.tsx [Server Component]

  Client Component SSR:
    ./lib/utils.ts [Client Component SSR]
    ./components/ui/toast.tsx [Client Component SSR]
    ./components/ui/toaster.tsx [Client Component SSR]
    ./components/ui/toaster.tsx [Server Component]
    ./app/layout.tsx [Server Component]

https://nextjs.org/docs/messages/module-not-found @ http://localhost:3000/_next/static/chunks/node_modules_next_dist_20ud_8w._.js:2099
[ 2845352ms] [LOG] [Fast Refresh] rebuilding @ http://localhost:3000/_next/static/chunks/node_modules_next_dist_20ud_8w._.js:1380
[ 2846643ms] [ERROR] ./app/globals.css
Error evaluating Node.js code
CssSyntaxError: tailwindcss: C:\Users\Lenovo\Desktop\线下黑客松\frontend\app\globals.css:1:1: Can't resolve 'tw-animate-css' in 'C:\Users\Lenovo\Desktop\线下黑客松\frontend\app'
    [at Input.error (turbopack:///[project]/node_modules/postcss/lib/input.js:135:16)]
    [at Root.error (turbopack:///[project]/node_modules/postcss/lib/node.js:166:32)]
    [at Object.Once (C:\Users\Lenovo\Desktop\线下黑客松\frontend\node_modules\@tailwindcss\postcss\dist\index.js:10:7013)]
    [at process.processTicksAndRejections (node:internal/process/task_queues:104:5)]
    [at async LazyResult.runAsync (turbopack:///[project]/node_modules/postcss/lib/lazy-result.js:299:11)]
    [at async transform (turbopack:///[turbopack-node]/transforms/postcss.ts:70:34)]
    [at async run (turbopack:///[turbopack-node]/child_process/evaluate.ts:89:23)]

Import trace:
  Client Component Browser:
    ./app/globals.css [Client Component Browser]
    ./app/layout.tsx [Server Component] @ http://localhost:3000/_next/static/chunks/node_modules_next_dist_20ud_8w._.js:2099
[ 2846643ms] [ERROR] ./components/ui/toast.tsx:4:1
Module not found: Can't resolve '@radix-ui/react-toast'
  2 |
  3 | import * as React from "react"
> 4 | import * as ToastPrimitives from "@radix-ui/react-toast"
    | ^^^^^^^^^^^^^^^^^^^^^^^^^^^^^^^^^^^^^^^^^^^^^^^^^^^^^^^^
  5 | import { cva, type VariantProps } from "class-variance-authority"
  6 | import { X } from "lucide-react"
  7 |

Import traces:
  Client Component Browser:
    ./components/ui/toast.tsx [Client Component Browser]
    ./components/ui/toaster.tsx [Client Component Browser]
    ./components/ui/toaster.tsx [Server Component]
    ./app/layout.tsx [Server Component]

  Client Component SSR:
    ./components/ui/toast.tsx [Client Component SSR]
    ./components/ui/toaster.tsx [Client Component SSR]
    ./components/ui/toaster.tsx [Server Component]
    ./app/layout.tsx [Server Component]

https://nextjs.org/docs/messages/module-not-found @ http://localhost:3000/_next/static/chunks/node_modules_next_dist_20ud_8w._.js:2099
[ 2846643ms] [ERROR] ./components/ui/toast.tsx:5:1
Module not found: Can't resolve 'class-variance-authority'
  3 | import * as React from "react"
  4 | import * as ToastPrimitives from "@radix-ui/react-toast"
> 5 | import { cva, type VariantProps } from "class-variance-authority"
    | ^^^^^^^^^^^^^^^^^^^^^^^^^^^^^^^^^^^^^^^^^^^^^^^^^^^^^^^^^^^^^^^^^
  6 | import { X } from "lucide-react"
  7 |
  8 | import { cn } from "@/lib/utils"

Import traces:
  Client Component Browser:
    ./components/ui/toast.tsx [Client Component Browser]
    ./components/ui/toaster.tsx [Client Component Browser]
    ./components/ui/toaster.tsx [Server Component]
    ./app/layout.tsx [Server Component]

  Client Component SSR:
    ./components/ui/toast.tsx [Client Component SSR]
    ./components/ui/toaster.tsx [Client Component SSR]
    ./components/ui/toaster.tsx [Server Component]
    ./app/layout.tsx [Server Component]

https://nextjs.org/docs/messages/module-not-found @ http://localhost:3000/_next/static/chunks/node_modules_next_dist_20ud_8w._.js:2099
[ 2846644ms] [ERROR] ./lib/utils.ts:1:1
Module not found: Can't resolve 'clsx'
> 1 | import { type ClassValue, clsx } from "clsx"
    | ^^^^^^^^^^^^^^^^^^^^^^^^^^^^^^^^^^^^^^^^^^^^
  2 | import { twMerge } from "tailwind-merge"
  3 |
  4 | export function cn(...inputs: ClassValue[]) {

Import traces:
  Client Component Browser:
    ./lib/utils.ts [Client Component Browser]
    ./components/ui/toast.tsx [Client Component Browser]
    ./components/ui/toaster.tsx [Client Component Browser]
    ./components/ui/toaster.tsx [Server Component]
    ./app/layout.tsx [Server Component]

  Client Component SSR:
    ./lib/utils.ts [Client Component SSR]
    ./components/ui/toast.tsx [Client Component SSR]
    ./components/ui/toaster.tsx [Client Component SSR]
    ./components/ui/toaster.tsx [Server Component]
    ./app/layout.tsx [Server Component]

https://nextjs.org/docs/messages/module-not-found @ http://localhost:3000/_next/static/chunks/node_modules_next_dist_20ud_8w._.js:2099
[ 2846644ms] [ERROR] ./app/page.tsx:2:1
Module not found: Can't resolve 'lucide-react'
  1 | import Link from "next/link"
> 2 | import { ArrowRight, FileText, GitPullRequest, Share2 } from "lucide-react"
    | ^^^^^^^^^^^^^^^^^^^^^^^^^^^^^^^^^^^^^^^^^^^^^^^^^^^^^^^^^^^^^^^^^^^^^^^^^^^
  3 |
  4 | const chain = [
  5 |   {

https://nextjs.org/docs/messages/module-not-found @ http://localhost:3000/_next/static/chunks/node_modules_next_dist_20ud_8w._.js:2099
[ 2846644ms] [ERROR] ./components/ui/toast.tsx:6:1
Module not found: Can't resolve 'lucide-react'
  4 | import * as ToastPrimitives from "@radix-ui/react-toast"
  5 | import { cva, type VariantProps } from "class-variance-authority"
> 6 | import { X } from "lucide-react"
    | ^^^^^^^^^^^^^^^^^^^^^^^^^^^^^^^^
  7 |
  8 | import { cn } from "@/lib/utils"
  9 |

Import traces:
  Client Component Browser:
    ./components/ui/toast.tsx [Client Component Browser]
    ./components/ui/toaster.tsx [Client Component Browser]
    ./components/ui/toaster.tsx [Server Component]
    ./app/layout.tsx [Server Component]

  Client Component SSR:
    ./components/ui/toast.tsx [Client Component SSR]
    ./components/ui/toaster.tsx [Client Component SSR]
    ./components/ui/toaster.tsx [Server Component]
    ./app/layout.tsx [Server Component]

https://nextjs.org/docs/messages/module-not-found @ http://localhost:3000/_next/static/chunks/node_modules_next_dist_20ud_8w._.js:2099
[ 2846644ms] [ERROR] ./lib/utils.ts:2:1
Module not found: Can't resolve 'tailwind-merge'
  1 | import { type ClassValue, clsx } from "clsx"
> 2 | import { twMerge } from "tailwind-merge"
    | ^^^^^^^^^^^^^^^^^^^^^^^^^^^^^^^^^^^^^^^^
  3 |
  4 | export function cn(...inputs: ClassValue[]) {
  5 |   return twMerge(clsx(inputs))

Import traces:
  Client Component Browser:
    ./lib/utils.ts [Client Component Browser]
    ./components/ui/toast.tsx [Client Component Browser]
    ./components/ui/toaster.tsx [Client Component Browser]
    ./components/ui/toaster.tsx [Server Component]
    ./app/layout.tsx [Server Component]

  Client Component SSR:
    ./lib/utils.ts [Client Component SSR]
    ./components/ui/toast.tsx [Client Component SSR]
    ./components/ui/toaster.tsx [Client Component SSR]
    ./components/ui/toaster.tsx [Server Component]
    ./app/layout.tsx [Server Component]

https://nextjs.org/docs/messages/module-not-found @ http://localhost:3000/_next/static/chunks/node_modules_next_dist_20ud_8w._.js:2099
[ 2846703ms] [LOG] [Fast Refresh] rebuilding @ http://localhost:3000/_next/static/chunks/node_modules_next_dist_20ud_8w._.js:1380
[ 2847107ms] [ERROR] ./app/globals.css
Error evaluating Node.js code
CssSyntaxError: tailwindcss: C:\Users\Lenovo\Desktop\线下黑客松\frontend\app\globals.css:1:1: Can't resolve 'tw-animate-css' in 'C:\Users\Lenovo\Desktop\线下黑客松\frontend\app'
    [at Input.error (turbopack:///[project]/node_modules/postcss/lib/input.js:135:16)]
    [at Root.error (turbopack:///[project]/node_modules/postcss/lib/node.js:166:32)]
    [at Object.Once (C:\Users\Lenovo\Desktop\线下黑客松\frontend\node_modules\@tailwindcss\postcss\dist\index.js:10:7013)]
    [at process.processTicksAndRejections (node:internal/process/task_queues:104:5)]
    [at async LazyResult.runAsync (turbopack:///[project]/node_modules/postcss/lib/lazy-result.js:299:11)]
    [at async transform (turbopack:///[turbopack-node]/transforms/postcss.ts:70:34)]
    [at async run (turbopack:///[turbopack-node]/child_process/evaluate.ts:89:23)]

Import trace:
  Client Component Browser:
    ./app/globals.css [Client Component Browser]
    ./app/layout.tsx [Server Component] @ http://localhost:3000/_next/static/chunks/node_modules_next_dist_20ud_8w._.js:2099
[ 2847107ms] [ERROR] ./components/ui/toast.tsx:4:1
Module not found: Can't resolve '@radix-ui/react-toast'
  2 |
  3 | import * as React from "react"
> 4 | import * as ToastPrimitives from "@radix-ui/react-toast"
    | ^^^^^^^^^^^^^^^^^^^^^^^^^^^^^^^^^^^^^^^^^^^^^^^^^^^^^^^^
  5 | import { cva, type VariantProps } from "class-variance-authority"
  6 | import { X } from "lucide-react"
  7 |

Import traces:
  Client Component Browser:
    ./components/ui/toast.tsx [Client Component Browser]
    ./components/ui/toaster.tsx [Client Component Browser]
    ./components/ui/toaster.tsx [Server Component]
    ./app/layout.tsx [Server Component]

  Client Component SSR:
    ./components/ui/toast.tsx [Client Component SSR]
    ./components/ui/toaster.tsx [Client Component SSR]
    ./components/ui/toaster.tsx [Server Component]
    ./app/layout.tsx [Server Component]

https://nextjs.org/docs/messages/module-not-found @ http://localhost:3000/_next/static/chunks/node_modules_next_dist_20ud_8w._.js:2099
[ 2847107ms] [ERROR] ./components/ui/toast.tsx:5:1
Module not found: Can't resolve 'class-variance-authority'
  3 | import * as React from "react"
  4 | import * as ToastPrimitives from "@radix-ui/react-toast"
> 5 | import { cva, type VariantProps } from "class-variance-authority"
    | ^^^^^^^^^^^^^^^^^^^^^^^^^^^^^^^^^^^^^^^^^^^^^^^^^^^^^^^^^^^^^^^^^
  6 | import { X } from "lucide-react"
  7 |
  8 | import { cn } from "@/lib/utils"

Import traces:
  Client Component Browser:
    ./components/ui/toast.tsx [Client Component Browser]
    ./components/ui/toaster.tsx [Client Component Browser]
    ./components/ui/toaster.tsx [Server Component]
    ./app/layout.tsx [Server Component]

  Client Component SSR:
    ./components/ui/toast.tsx [Client Component SSR]
    ./components/ui/toaster.tsx [Client Component SSR]
    ./components/ui/toaster.tsx [Server Component]
    ./app/layout.tsx [Server Component]

https://nextjs.org/docs/messages/module-not-found @ http://localhost:3000/_next/static/chunks/node_modules_next_dist_20ud_8w._.js:2099
[ 2847107ms] [ERROR] ./lib/utils.ts:1:1
Module not found: Can't resolve 'clsx'
> 1 | import { type ClassValue, clsx } from "clsx"
    | ^^^^^^^^^^^^^^^^^^^^^^^^^^^^^^^^^^^^^^^^^^^^
  2 | import { twMerge } from "tailwind-merge"
  3 |
  4 | export function cn(...inputs: ClassValue[]) {

Import traces:
  Client Component Browser:
    ./lib/utils.ts [Client Component Browser]
    ./components/ui/toast.tsx [Client Component Browser]
    ./components/ui/toaster.tsx [Client Component Browser]
    ./components/ui/toaster.tsx [Server Component]
    ./app/layout.tsx [Server Component]

  Client Component SSR:
    ./lib/utils.ts [Client Component SSR]
    ./components/ui/toast.tsx [Client Component SSR]
    ./components/ui/toaster.tsx [Client Component SSR]
    ./components/ui/toaster.tsx [Server Component]
    ./app/layout.tsx [Server Component]

https://nextjs.org/docs/messages/module-not-found @ http://localhost:3000/_next/static/chunks/node_modules_next_dist_20ud_8w._.js:2099
[ 2847108ms] [ERROR] ./app/page.tsx:2:1
Module not found: Can't resolve 'lucide-react'
  1 | import Link from "next/link"
> 2 | import { ArrowRight, FileText, GitPullRequest, Share2 } from "lucide-react"
    | ^^^^^^^^^^^^^^^^^^^^^^^^^^^^^^^^^^^^^^^^^^^^^^^^^^^^^^^^^^^^^^^^^^^^^^^^^^^
  3 |
  4 | const chain = [
  5 |   {

https://nextjs.org/docs/messages/module-not-found @ http://localhost:3000/_next/static/chunks/node_modules_next_dist_20ud_8w._.js:2099
[ 2847108ms] [ERROR] ./components/ui/toast.tsx:6:1
Module not found: Can't resolve 'lucide-react'
  4 | import * as ToastPrimitives from "@radix-ui/react-toast"
  5 | import { cva, type VariantProps } from "class-variance-authority"
> 6 | import { X } from "lucide-react"
    | ^^^^^^^^^^^^^^^^^^^^^^^^^^^^^^^^
  7 |
  8 | import { cn } from "@/lib/utils"
  9 |

Import traces:
  Client Component Browser:
    ./components/ui/toast.tsx [Client Component Browser]
    ./components/ui/toaster.tsx [Client Component Browser]
    ./components/ui/toaster.tsx [Server Component]
    ./app/layout.tsx [Server Component]

  Client Component SSR:
    ./components/ui/toast.tsx [Client Component SSR]
    ./components/ui/toaster.tsx [Client Component SSR]
    ./components/ui/toaster.tsx [Server Component]
    ./app/layout.tsx [Server Component]

https://nextjs.org/docs/messages/module-not-found @ http://localhost:3000/_next/static/chunks/node_modules_next_dist_20ud_8w._.js:2099
[ 2847108ms] [ERROR] ./lib/utils.ts:2:1
Module not found: Can't resolve 'tailwind-merge'
  1 | import { type ClassValue, clsx } from "clsx"
> 2 | import { twMerge } from "tailwind-merge"
    | ^^^^^^^^^^^^^^^^^^^^^^^^^^^^^^^^^^^^^^^^
  3 |
  4 | export function cn(...inputs: ClassValue[]) {
  5 |   return twMerge(clsx(inputs))

Import traces:
  Client Component Browser:
    ./lib/utils.ts [Client Component Browser]
    ./components/ui/toast.tsx [Client Component Browser]
    ./components/ui/toaster.tsx [Client Component Browser]
    ./components/ui/toaster.tsx [Server Component]
    ./app/layout.tsx [Server Component]

  Client Component SSR:
    ./lib/utils.ts [Client Component SSR]
    ./components/ui/toast.tsx [Client Component SSR]
    ./components/ui/toaster.tsx [Client Component SSR]
    ./components/ui/toaster.tsx [Server Component]
    ./app/layout.tsx [Server Component]

https://nextjs.org/docs/messages/module-not-found @ http://localhost:3000/_next/static/chunks/node_modules_next_dist_20ud_8w._.js:2099
[ 2847167ms] [LOG] [Fast Refresh] rebuilding @ http://localhost:3000/_next/static/chunks/node_modules_next_dist_20ud_8w._.js:1380
[ 2847267ms] [ERROR] ./app/globals.css
Error evaluating Node.js code
CssSyntaxError: tailwindcss: C:\Users\Lenovo\Desktop\线下黑客松\frontend\app\globals.css:1:1: Can't resolve 'tw-animate-css' in 'C:\Users\Lenovo\Desktop\线下黑客松\frontend\app'
    [at Input.error (turbopack:///[project]/node_modules/postcss/lib/input.js:135:16)]
    [at Root.error (turbopack:///[project]/node_modules/postcss/lib/node.js:166:32)]
    [at Object.Once (C:\Users\Lenovo\Desktop\线下黑客松\frontend\node_modules\@tailwindcss\postcss\dist\index.js:10:7013)]
    [at process.processTicksAndRejections (node:internal/process/task_queues:104:5)]
    [at async LazyResult.runAsync (turbopack:///[project]/node_modules/postcss/lib/lazy-result.js:299:11)]
    [at async transform (turbopack:///[turbopack-node]/transforms/postcss.ts:70:34)]
    [at async run (turbopack:///[turbopack-node]/child_process/evaluate.ts:89:23)]

Import trace:
  Client Component Browser:
    ./app/globals.css [Client Component Browser]
    ./app/layout.tsx [Server Component] @ http://localhost:3000/_next/static/chunks/node_modules_next_dist_20ud_8w._.js:2099
[ 2847268ms] [ERROR] ./components/ui/toast.tsx:4:1
Module not found: Can't resolve '@radix-ui/react-toast'
  2 |
  3 | import * as React from "react"
> 4 | import * as ToastPrimitives from "@radix-ui/react-toast"
    | ^^^^^^^^^^^^^^^^^^^^^^^^^^^^^^^^^^^^^^^^^^^^^^^^^^^^^^^^
  5 | import { cva, type VariantProps } from "class-variance-authority"
  6 | import { X } from "lucide-react"
  7 |

Import traces:
  Client Component Browser:
    ./components/ui/toast.tsx [Client Component Browser]
    ./components/ui/toaster.tsx [Client Component Browser]
    ./components/ui/toaster.tsx [Server Component]
    ./app/layout.tsx [Server Component]

  Client Component SSR:
    ./components/ui/toast.tsx [Client Component SSR]
    ./components/ui/toaster.tsx [Client Component SSR]
    ./components/ui/toaster.tsx [Server Component]
    ./app/layout.tsx [Server Component]

https://nextjs.org/docs/messages/module-not-found @ http://localhost:3000/_next/static/chunks/node_modules_next_dist_20ud_8w._.js:2099
[ 2847268ms] [ERROR] ./components/ui/toast.tsx:5:1
Module not found: Can't resolve 'class-variance-authority'
  3 | import * as React from "react"
  4 | import * as ToastPrimitives from "@radix-ui/react-toast"
> 5 | import { cva, type VariantProps } from "class-variance-authority"
    | ^^^^^^^^^^^^^^^^^^^^^^^^^^^^^^^^^^^^^^^^^^^^^^^^^^^^^^^^^^^^^^^^^
  6 | import { X } from "lucide-react"
  7 |
  8 | import { cn } from "@/lib/utils"

Import traces:
  Client Component Browser:
    ./components/ui/toast.tsx [Client Component Browser]
    ./components/ui/toaster.tsx [Client Component Browser]
    ./components/ui/toaster.tsx [Server Component]
    ./app/layout.tsx [Server Component]

  Client Component SSR:
    ./components/ui/toast.tsx [Client Component SSR]
    ./components/ui/toaster.tsx [Client Component SSR]
    ./components/ui/toaster.tsx [Server Component]
    ./app/layout.tsx [Server Component]

https://nextjs.org/docs/messages/module-not-found @ http://localhost:3000/_next/static/chunks/node_modules_next_dist_20ud_8w._.js:2099
[ 2847268ms] [ERROR] ./lib/utils.ts:1:1
Module not found: Can't resolve 'clsx'
> 1 | import { type ClassValue, clsx } from "clsx"
    | ^^^^^^^^^^^^^^^^^^^^^^^^^^^^^^^^^^^^^^^^^^^^
  2 | import { twMerge } from "tailwind-merge"
  3 |
  4 | export function cn(...inputs: ClassValue[]) {

Import traces:
  Client Component Browser:
    ./lib/utils.ts [Client Component Browser]
    ./components/ui/toast.tsx [Client Component Browser]
    ./components/ui/toaster.tsx [Client Component Browser]
    ./components/ui/toaster.tsx [Server Component]
    ./app/layout.tsx [Server Component]

  Client Component SSR:
    ./lib/utils.ts [Client Component SSR]
    ./components/ui/toast.tsx [Client Component SSR]
    ./components/ui/toaster.tsx [Client Component SSR]
    ./components/ui/toaster.tsx [Server Component]
    ./app/layout.tsx [Server Component]

https://nextjs.org/docs/messages/module-not-found @ http://localhost:3000/_next/static/chunks/node_modules_next_dist_20ud_8w._.js:2099
[ 2847269ms] [ERROR] ./app/page.tsx:2:1
Module not found: Can't resolve 'lucide-react'
  1 | import Link from "next/link"
> 2 | import { ArrowRight, FileText, GitPullRequest, Share2 } from "lucide-react"
    | ^^^^^^^^^^^^^^^^^^^^^^^^^^^^^^^^^^^^^^^^^^^^^^^^^^^^^^^^^^^^^^^^^^^^^^^^^^^
  3 |
  4 | const chain = [
  5 |   {

https://nextjs.org/docs/messages/module-not-found @ http://localhost:3000/_next/static/chunks/node_modules_next_dist_20ud_8w._.js:2099
[ 2847269ms] [ERROR] ./components/ui/toast.tsx:6:1
Module not found: Can't resolve 'lucide-react'
  4 | import * as ToastPrimitives from "@radix-ui/react-toast"
  5 | import { cva, type VariantProps } from "class-variance-authority"
> 6 | import { X } from "lucide-react"
    | ^^^^^^^^^^^^^^^^^^^^^^^^^^^^^^^^
  7 |
  8 | import { cn } from "@/lib/utils"
  9 |

Import traces:
  Client Component Browser:
    ./components/ui/toast.tsx [Client Component Browser]
    ./components/ui/toaster.tsx [Client Component Browser]
    ./components/ui/toaster.tsx [Server Component]
    ./app/layout.tsx [Server Component]

  Client Component SSR:
    ./components/ui/toast.tsx [Client Component SSR]
    ./components/ui/toaster.tsx [Client Component SSR]
    ./components/ui/toaster.tsx [Server Component]
    ./app/layout.tsx [Server Component]

https://nextjs.org/docs/messages/module-not-found @ http://localhost:3000/_next/static/chunks/node_modules_next_dist_20ud_8w._.js:2099
[ 2847269ms] [ERROR] ./lib/utils.ts:2:1
Module not found: Can't resolve 'tailwind-merge'
  1 | import { type ClassValue, clsx } from "clsx"
> 2 | import { twMerge } from "tailwind-merge"
    | ^^^^^^^^^^^^^^^^^^^^^^^^^^^^^^^^^^^^^^^^
  3 |
  4 | export function cn(...inputs: ClassValue[]) {
  5 |   return twMerge(clsx(inputs))

Import traces:
  Client Component Browser:
    ./lib/utils.ts [Client Component Browser]
    ./components/ui/toast.tsx [Client Component Browser]
    ./components/ui/toaster.tsx [Client Component Browser]
    ./components/ui/toaster.tsx [Server Component]
    ./app/layout.tsx [Server Component]

  Client Component SSR:
    ./lib/utils.ts [Client Component SSR]
    ./components/ui/toast.tsx [Client Component SSR]
    ./components/ui/toaster.tsx [Client Component SSR]
    ./components/ui/toaster.tsx [Server Component]
    ./app/layout.tsx [Server Component]

https://nextjs.org/docs/messages/module-not-found @ http://localhost:3000/_next/static/chunks/node_modules_next_dist_20ud_8w._.js:2099
[ 2847327ms] [LOG] [Fast Refresh] rebuilding @ http://localhost:3000/_next/static/chunks/node_modules_next_dist_20ud_8w._.js:1380
[ 2847522ms] [ERROR] ./app/globals.css
Error evaluating Node.js code
CssSyntaxError: tailwindcss: C:\Users\Lenovo\Desktop\线下黑客松\frontend\app\globals.css:1:1: Can't resolve 'tw-animate-css' in 'C:\Users\Lenovo\Desktop\线下黑客松\frontend\app'
    [at Input.error (turbopack:///[project]/node_modules/postcss/lib/input.js:135:16)]
    [at Root.error (turbopack:///[project]/node_modules/postcss/lib/node.js:166:32)]
    [at Object.Once (C:\Users\Lenovo\Desktop\线下黑客松\frontend\node_modules\@tailwindcss\postcss\dist\index.js:10:7013)]
    [at process.processTicksAndRejections (node:internal/process/task_queues:104:5)]
    [at async LazyResult.runAsync (turbopack:///[project]/node_modules/postcss/lib/lazy-result.js:299:11)]
    [at async transform (turbopack:///[turbopack-node]/transforms/postcss.ts:70:34)]
    [at async run (turbopack:///[turbopack-node]/child_process/evaluate.ts:89:23)]

Import trace:
  Client Component Browser:
    ./app/globals.css [Client Component Browser]
    ./app/layout.tsx [Server Component] @ http://localhost:3000/_next/static/chunks/node_modules_next_dist_20ud_8w._.js:2099
[ 2847522ms] [ERROR] ./components/ui/toast.tsx:4:1
Module not found: Can't resolve '@radix-ui/react-toast'
  2 |
  3 | import * as React from "react"
> 4 | import * as ToastPrimitives from "@radix-ui/react-toast"
    | ^^^^^^^^^^^^^^^^^^^^^^^^^^^^^^^^^^^^^^^^^^^^^^^^^^^^^^^^
  5 | import { cva, type VariantProps } from "class-variance-authority"
  6 | import { X } from "lucide-react"
  7 |

Import traces:
  Client Component Browser:
    ./components/ui/toast.tsx [Client Component Browser]
    ./components/ui/toaster.tsx [Client Component Browser]
    ./components/ui/toaster.tsx [Server Component]
    ./app/layout.tsx [Server Component]

  Client Component SSR:
    ./components/ui/toast.tsx [Client Component SSR]
    ./components/ui/toaster.tsx [Client Component SSR]
    ./components/ui/toaster.tsx [Server Component]
    ./app/layout.tsx [Server Component]

https://nextjs.org/docs/messages/module-not-found @ http://localhost:3000/_next/static/chunks/node_modules_next_dist_20ud_8w._.js:2099
[ 2847522ms] [ERROR] ./components/ui/toast.tsx:5:1
Module not found: Can't resolve 'class-variance-authority'
  3 | import * as React from "react"
  4 | import * as ToastPrimitives from "@radix-ui/react-toast"
> 5 | import { cva, type VariantProps } from "class-variance-authority"
    | ^^^^^^^^^^^^^^^^^^^^^^^^^^^^^^^^^^^^^^^^^^^^^^^^^^^^^^^^^^^^^^^^^
  6 | import { X } from "lucide-react"
  7 |
  8 | import { cn } from "@/lib/utils"

Import traces:
  Client Component Browser:
    ./components/ui/toast.tsx [Client Component Browser]
    ./components/ui/toaster.tsx [Client Component Browser]
    ./components/ui/toaster.tsx [Server Component]
    ./app/layout.tsx [Server Component]

  Client Component SSR:
    ./components/ui/toast.tsx [Client Component SSR]
    ./components/ui/toaster.tsx [Client Component SSR]
    ./components/ui/toaster.tsx [Server Component]
    ./app/layout.tsx [Server Component]

https://nextjs.org/docs/messages/module-not-found @ http://localhost:3000/_next/static/chunks/node_modules_next_dist_20ud_8w._.js:2099
[ 2847522ms] [ERROR] ./lib/utils.ts:1:1
Module not found: Can't resolve 'clsx'
> 1 | import { type ClassValue, clsx } from "clsx"
    | ^^^^^^^^^^^^^^^^^^^^^^^^^^^^^^^^^^^^^^^^^^^^
  2 | import { twMerge } from "tailwind-merge"
  3 |
  4 | export function cn(...inputs: ClassValue[]) {

Import traces:
  Client Component Browser:
    ./lib/utils.ts [Client Component Browser]
    ./components/ui/toast.tsx [Client Component Browser]
    ./components/ui/toaster.tsx [Client Component Browser]
    ./components/ui/toaster.tsx [Server Component]
    ./app/layout.tsx [Server Component]

  Client Component SSR:
    ./lib/utils.ts [Client Component SSR]
    ./components/ui/toast.tsx [Client Component SSR]
    ./components/ui/toaster.tsx [Client Component SSR]
    ./components/ui/toaster.tsx [Server Component]
    ./app/layout.tsx [Server Component]

https://nextjs.org/docs/messages/module-not-found @ http://localhost:3000/_next/static/chunks/node_modules_next_dist_20ud_8w._.js:2099
[ 2847523ms] [ERROR] ./app/page.tsx:2:1
Module not found: Can't resolve 'lucide-react'
  1 | import Link from "next/link"
> 2 | import { ArrowRight, FileText, GitPullRequest, Share2 } from "lucide-react"
    | ^^^^^^^^^^^^^^^^^^^^^^^^^^^^^^^^^^^^^^^^^^^^^^^^^^^^^^^^^^^^^^^^^^^^^^^^^^^
  3 |
  4 | const chain = [
  5 |   {

https://nextjs.org/docs/messages/module-not-found @ http://localhost:3000/_next/static/chunks/node_modules_next_dist_20ud_8w._.js:2099
[ 2847523ms] [ERROR] ./components/ui/toast.tsx:6:1
Module not found: Can't resolve 'lucide-react'
  4 | import * as ToastPrimitives from "@radix-ui/react-toast"
  5 | import { cva, type VariantProps } from "class-variance-authority"
> 6 | import { X } from "lucide-react"
    | ^^^^^^^^^^^^^^^^^^^^^^^^^^^^^^^^
  7 |
  8 | import { cn } from "@/lib/utils"
  9 |

Import traces:
  Client Component Browser:
    ./components/ui/toast.tsx [Client Component Browser]
    ./components/ui/toaster.tsx [Client Component Browser]
    ./components/ui/toaster.tsx [Server Component]
    ./app/layout.tsx [Server Component]

  Client Component SSR:
    ./components/ui/toast.tsx [Client Component SSR]
    ./components/ui/toaster.tsx [Client Component SSR]
    ./components/ui/toaster.tsx [Server Component]
    ./app/layout.tsx [Server Component]

https://nextjs.org/docs/messages/module-not-found @ http://localhost:3000/_next/static/chunks/node_modules_next_dist_20ud_8w._.js:2099
[ 2847523ms] [ERROR] ./lib/utils.ts:2:1
Module not found: Can't resolve 'tailwind-merge'
  1 | import { type ClassValue, clsx } from "clsx"
> 2 | import { twMerge } from "tailwind-merge"
    | ^^^^^^^^^^^^^^^^^^^^^^^^^^^^^^^^^^^^^^^^
  3 |
  4 | export function cn(...inputs: ClassValue[]) {
  5 |   return twMerge(clsx(inputs))

Import traces:
  Client Component Browser:
    ./lib/utils.ts [Client Component Browser]
    ./components/ui/toast.tsx [Client Component Browser]
    ./components/ui/toaster.tsx [Client Component Browser]
    ./components/ui/toaster.tsx [Server Component]
    ./app/layout.tsx [Server Component]

  Client Component SSR:
    ./lib/utils.ts [Client Component SSR]
    ./components/ui/toast.tsx [Client Component SSR]
    ./components/ui/toaster.tsx [Client Component SSR]
    ./components/ui/toaster.tsx [Server Component]
    ./app/layout.tsx [Server Component]

https://nextjs.org/docs/messages/module-not-found @ http://localhost:3000/_next/static/chunks/node_modules_next_dist_20ud_8w._.js:2099
[ 2847581ms] [LOG] [Fast Refresh] rebuilding @ http://localhost:3000/_next/static/chunks/node_modules_next_dist_20ud_8w._.js:1380
[ 2848270ms] [ERROR] ./app/globals.css
Error evaluating Node.js code
CssSyntaxError: tailwindcss: C:\Users\Lenovo\Desktop\线下黑客松\frontend\app\globals.css:1:1: Can't resolve 'tw-animate-css' in 'C:\Users\Lenovo\Desktop\线下黑客松\frontend\app'
    [at Input.error (turbopack:///[project]/node_modules/postcss/lib/input.js:135:16)]
    [at Root.error (turbopack:///[project]/node_modules/postcss/lib/node.js:166:32)]
    [at Object.Once (C:\Users\Lenovo\Desktop\线下黑客松\frontend\node_modules\@tailwindcss\postcss\dist\index.js:10:7013)]
    [at process.processTicksAndRejections (node:internal/process/task_queues:104:5)]
    [at async LazyResult.runAsync (turbopack:///[project]/node_modules/postcss/lib/lazy-result.js:299:11)]
    [at async transform (turbopack:///[turbopack-node]/transforms/postcss.ts:70:34)]
    [at async run (turbopack:///[turbopack-node]/child_process/evaluate.ts:89:23)]

Import trace:
  Client Component Browser:
    ./app/globals.css [Client Component Browser]
    ./app/layout.tsx [Server Component] @ http://localhost:3000/_next/static/chunks/node_modules_next_dist_20ud_8w._.js:2099
[ 2848270ms] [ERROR] ./components/ui/toast.tsx:4:1
Module not found: Can't resolve '@radix-ui/react-toast'
  2 |
  3 | import * as React from "react"
> 4 | import * as ToastPrimitives from "@radix-ui/react-toast"
    | ^^^^^^^^^^^^^^^^^^^^^^^^^^^^^^^^^^^^^^^^^^^^^^^^^^^^^^^^
  5 | import { cva, type VariantProps } from "class-variance-authority"
  6 | import { X } from "lucide-react"
  7 |

Import traces:
  Client Component Browser:
    ./components/ui/toast.tsx [Client Component Browser]
    ./components/ui/toaster.tsx [Client Component Browser]
    ./components/ui/toaster.tsx [Server Component]
    ./app/layout.tsx [Server Component]

  Client Component SSR:
    ./components/ui/toast.tsx [Client Component SSR]
    ./components/ui/toaster.tsx [Client Component SSR]
    ./components/ui/toaster.tsx [Server Component]
    ./app/layout.tsx [Server Component]

https://nextjs.org/docs/messages/module-not-found @ http://localhost:3000/_next/static/chunks/node_modules_next_dist_20ud_8w._.js:2099
[ 2848271ms] [ERROR] ./components/ui/toast.tsx:5:1
Module not found: Can't resolve 'class-variance-authority'
  3 | import * as React from "react"
  4 | import * as ToastPrimitives from "@radix-ui/react-toast"
> 5 | import { cva, type VariantProps } from "class-variance-authority"
    | ^^^^^^^^^^^^^^^^^^^^^^^^^^^^^^^^^^^^^^^^^^^^^^^^^^^^^^^^^^^^^^^^^
  6 | import { X } from "lucide-react"
  7 |
  8 | import { cn } from "@/lib/utils"

Import traces:
  Client Component Browser:
    ./components/ui/toast.tsx [Client Component Browser]
    ./components/ui/toaster.tsx [Client Component Browser]
    ./components/ui/toaster.tsx [Server Component]
    ./app/layout.tsx [Server Component]

  Client Component SSR:
    ./components/ui/toast.tsx [Client Component SSR]
    ./components/ui/toaster.tsx [Client Component SSR]
    ./components/ui/toaster.tsx [Server Component]
    ./app/layout.tsx [Server Component]

https://nextjs.org/docs/messages/module-not-found @ http://localhost:3000/_next/static/chunks/node_modules_next_dist_20ud_8w._.js:2099
[ 2848271ms] [ERROR] ./lib/utils.ts:1:1
Module not found: Can't resolve 'clsx'
> 1 | import { type ClassValue, clsx } from "clsx"
    | ^^^^^^^^^^^^^^^^^^^^^^^^^^^^^^^^^^^^^^^^^^^^
  2 | import { twMerge } from "tailwind-merge"
  3 |
  4 | export function cn(...inputs: ClassValue[]) {

Import traces:
  Client Component Browser:
    ./lib/utils.ts [Client Component Browser]
    ./components/ui/toast.tsx [Client Component Browser]
    ./components/ui/toaster.tsx [Client Component Browser]
    ./components/ui/toaster.tsx [Server Component]
    ./app/layout.tsx [Server Component]

  Client Component SSR:
    ./lib/utils.ts [Client Component SSR]
    ./components/ui/toast.tsx [Client Component SSR]
    ./components/ui/toaster.tsx [Client Component SSR]
    ./components/ui/toaster.tsx [Server Component]
    ./app/layout.tsx [Server Component]

https://nextjs.org/docs/messages/module-not-found @ http://localhost:3000/_next/static/chunks/node_modules_next_dist_20ud_8w._.js:2099
[ 2848271ms] [ERROR] ./app/page.tsx:2:1
Module not found: Can't resolve 'lucide-react'
  1 | import Link from "next/link"
> 2 | import { ArrowRight, FileText, GitPullRequest, Share2 } from "lucide-react"
    | ^^^^^^^^^^^^^^^^^^^^^^^^^^^^^^^^^^^^^^^^^^^^^^^^^^^^^^^^^^^^^^^^^^^^^^^^^^^
  3 |
  4 | const chain = [
  5 |   {

https://nextjs.org/docs/messages/module-not-found @ http://localhost:3000/_next/static/chunks/node_modules_next_dist_20ud_8w._.js:2099
[ 2848271ms] [ERROR] ./components/ui/toast.tsx:6:1
Module not found: Can't resolve 'lucide-react'
  4 | import * as ToastPrimitives from "@radix-ui/react-toast"
  5 | import { cva, type VariantProps } from "class-variance-authority"
> 6 | import { X } from "lucide-react"
    | ^^^^^^^^^^^^^^^^^^^^^^^^^^^^^^^^
  7 |
  8 | import { cn } from "@/lib/utils"
  9 |

Import traces:
  Client Component Browser:
    ./components/ui/toast.tsx [Client Component Browser]
    ./components/ui/toaster.tsx [Client Component Browser]
    ./components/ui/toaster.tsx [Server Component]
    ./app/layout.tsx [Server Component]

  Client Component SSR:
    ./components/ui/toast.tsx [Client Component SSR]
    ./components/ui/toaster.tsx [Client Component SSR]
    ./components/ui/toaster.tsx [Server Component]
    ./app/layout.tsx [Server Component]

https://nextjs.org/docs/messages/module-not-found @ http://localhost:3000/_next/static/chunks/node_modules_next_dist_20ud_8w._.js:2099
[ 2848272ms] [ERROR] ./lib/utils.ts:2:1
Module not found: Can't resolve 'tailwind-merge'
  1 | import { type ClassValue, clsx } from "clsx"
> 2 | import { twMerge } from "tailwind-merge"
    | ^^^^^^^^^^^^^^^^^^^^^^^^^^^^^^^^^^^^^^^^
  3 |
  4 | export function cn(...inputs: ClassValue[]) {
  5 |   return twMerge(clsx(inputs))

Import traces:
  Client Component Browser:
    ./lib/utils.ts [Client Component Browser]
    ./components/ui/toast.tsx [Client Component Browser]
    ./components/ui/toaster.tsx [Client Component Browser]
    ./components/ui/toaster.tsx [Server Component]
    ./app/layout.tsx [Server Component]

  Client Component SSR:
    ./lib/utils.ts [Client Component SSR]
    ./components/ui/toast.tsx [Client Component SSR]
    ./components/ui/toaster.tsx [Client Component SSR]
    ./components/ui/toaster.tsx [Server Component]
    ./app/layout.tsx [Server Component]

https://nextjs.org/docs/messages/module-not-found @ http://localhost:3000/_next/static/chunks/node_modules_next_dist_20ud_8w._.js:2099
[ 2848331ms] [LOG] [Fast Refresh] rebuilding @ http://localhost:3000/_next/static/chunks/node_modules_next_dist_20ud_8w._.js:1380
[ 2848605ms] [ERROR] ./app/globals.css
Error evaluating Node.js code
CssSyntaxError: tailwindcss: C:\Users\Lenovo\Desktop\线下黑客松\frontend\app\globals.css:1:1: Can't resolve 'tw-animate-css' in 'C:\Users\Lenovo\Desktop\线下黑客松\frontend\app'
    [at Input.error (turbopack:///[project]/node_modules/postcss/lib/input.js:135:16)]
    [at Root.error (turbopack:///[project]/node_modules/postcss/lib/node.js:166:32)]
    [at Object.Once (C:\Users\Lenovo\Desktop\线下黑客松\frontend\node_modules\@tailwindcss\postcss\dist\index.js:10:7013)]
    [at process.processTicksAndRejections (node:internal/process/task_queues:104:5)]
    [at async LazyResult.runAsync (turbopack:///[project]/node_modules/postcss/lib/lazy-result.js:299:11)]
    [at async transform (turbopack:///[turbopack-node]/transforms/postcss.ts:70:34)]
    [at async run (turbopack:///[turbopack-node]/child_process/evaluate.ts:89:23)]

Import trace:
  Client Component Browser:
    ./app/globals.css [Client Component Browser]
    ./app/layout.tsx [Server Component] @ http://localhost:3000/_next/static/chunks/node_modules_next_dist_20ud_8w._.js:2099
[ 2848606ms] [ERROR] ./components/ui/toast.tsx:4:1
Module not found: Can't resolve '@radix-ui/react-toast'
  2 |
  3 | import * as React from "react"
> 4 | import * as ToastPrimitives from "@radix-ui/react-toast"
    | ^^^^^^^^^^^^^^^^^^^^^^^^^^^^^^^^^^^^^^^^^^^^^^^^^^^^^^^^
  5 | import { cva, type VariantProps } from "class-variance-authority"
  6 | import { X } from "lucide-react"
  7 |

Import traces:
  Client Component Browser:
    ./components/ui/toast.tsx [Client Component Browser]
    ./components/ui/toaster.tsx [Client Component Browser]
    ./components/ui/toaster.tsx [Server Component]
    ./app/layout.tsx [Server Component]

  Client Component SSR:
    ./components/ui/toast.tsx [Client Component SSR]
    ./components/ui/toaster.tsx [Client Component SSR]
    ./components/ui/toaster.tsx [Server Component]
    ./app/layout.tsx [Server Component]

https://nextjs.org/docs/messages/module-not-found @ http://localhost:3000/_next/static/chunks/node_modules_next_dist_20ud_8w._.js:2099
[ 2848606ms] [ERROR] ./components/ui/toast.tsx:5:1
Module not found: Can't resolve 'class-variance-authority'
  3 | import * as React from "react"
  4 | import * as ToastPrimitives from "@radix-ui/react-toast"
> 5 | import { cva, type VariantProps } from "class-variance-authority"
    | ^^^^^^^^^^^^^^^^^^^^^^^^^^^^^^^^^^^^^^^^^^^^^^^^^^^^^^^^^^^^^^^^^
  6 | import { X } from "lucide-react"
  7 |
  8 | import { cn } from "@/lib/utils"

Import traces:
  Client Component Browser:
    ./components/ui/toast.tsx [Client Component Browser]
    ./components/ui/toaster.tsx [Client Component Browser]
    ./components/ui/toaster.tsx [Server Component]
    ./app/layout.tsx [Server Component]

  Client Component SSR:
    ./components/ui/toast.tsx [Client Component SSR]
    ./components/ui/toaster.tsx [Client Component SSR]
    ./components/ui/toaster.tsx [Server Component]
    ./app/layout.tsx [Server Component]

https://nextjs.org/docs/messages/module-not-found @ http://localhost:3000/_next/static/chunks/node_modules_next_dist_20ud_8w._.js:2099
[ 2848606ms] [ERROR] ./lib/utils.ts:1:1
Module not found: Can't resolve 'clsx'
> 1 | import { type ClassValue, clsx } from "clsx"
    | ^^^^^^^^^^^^^^^^^^^^^^^^^^^^^^^^^^^^^^^^^^^^
  2 | import { twMerge } from "tailwind-merge"
  3 |
  4 | export function cn(...inputs: ClassValue[]) {

Import traces:
  Client Component Browser:
    ./lib/utils.ts [Client Component Browser]
    ./components/ui/toast.tsx [Client Component Browser]
    ./components/ui/toaster.tsx [Client Component Browser]
    ./components/ui/toaster.tsx [Server Component]
    ./app/layout.tsx [Server Component]

  Client Component SSR:
    ./lib/utils.ts [Client Component SSR]
    ./components/ui/toast.tsx [Client Component SSR]
    ./components/ui/toaster.tsx [Client Component SSR]
    ./components/ui/toaster.tsx [Server Component]
    ./app/layout.tsx [Server Component]

https://nextjs.org/docs/messages/module-not-found @ http://localhost:3000/_next/static/chunks/node_modules_next_dist_20ud_8w._.js:2099
[ 2848606ms] [ERROR] ./app/page.tsx:2:1
Module not found: Can't resolve 'lucide-react'
  1 | import Link from "next/link"
> 2 | import { ArrowRight, FileText, GitPullRequest, Share2 } from "lucide-react"
    | ^^^^^^^^^^^^^^^^^^^^^^^^^^^^^^^^^^^^^^^^^^^^^^^^^^^^^^^^^^^^^^^^^^^^^^^^^^^
  3 |
  4 | const chain = [
  5 |   {

https://nextjs.org/docs/messages/module-not-found @ http://localhost:3000/_next/static/chunks/node_modules_next_dist_20ud_8w._.js:2099
[ 2848606ms] [ERROR] ./components/ui/toast.tsx:6:1
Module not found: Can't resolve 'lucide-react'
  4 | import * as ToastPrimitives from "@radix-ui/react-toast"
  5 | import { cva, type VariantProps } from "class-variance-authority"
> 6 | import { X } from "lucide-react"
    | ^^^^^^^^^^^^^^^^^^^^^^^^^^^^^^^^
  7 |
  8 | import { cn } from "@/lib/utils"
  9 |

Import traces:
  Client Component Browser:
    ./components/ui/toast.tsx [Client Component Browser]
    ./components/ui/toaster.tsx [Client Component Browser]
    ./components/ui/toaster.tsx [Server Component]
    ./app/layout.tsx [Server Component]

  Client Component SSR:
    ./components/ui/toast.tsx [Client Component SSR]
    ./components/ui/toaster.tsx [Client Component SSR]
    ./components/ui/toaster.tsx [Server Component]
    ./app/layout.tsx [Server Component]

https://nextjs.org/docs/messages/module-not-found @ http://localhost:3000/_next/static/chunks/node_modules_next_dist_20ud_8w._.js:2099
[ 2848606ms] [ERROR] ./lib/utils.ts:2:1
Module not found: Can't resolve 'tailwind-merge'
  1 | import { type ClassValue, clsx } from "clsx"
> 2 | import { twMerge } from "tailwind-merge"
    | ^^^^^^^^^^^^^^^^^^^^^^^^^^^^^^^^^^^^^^^^
  3 |
  4 | export function cn(...inputs: ClassValue[]) {
  5 |   return twMerge(clsx(inputs))

Import traces:
  Client Component Browser:
    ./lib/utils.ts [Client Component Browser]
    ./components/ui/toast.tsx [Client Component Browser]
    ./components/ui/toaster.tsx [Client Component Browser]
    ./components/ui/toaster.tsx [Server Component]
    ./app/layout.tsx [Server Component]

  Client Component SSR:
    ./lib/utils.ts [Client Component SSR]
    ./components/ui/toast.tsx [Client Component SSR]
    ./components/ui/toaster.tsx [Client Component SSR]
    ./components/ui/toaster.tsx [Server Component]
    ./app/layout.tsx [Server Component]

https://nextjs.org/docs/messages/module-not-found @ http://localhost:3000/_next/static/chunks/node_modules_next_dist_20ud_8w._.js:2099
[ 2848666ms] [LOG] [Fast Refresh] rebuilding @ http://localhost:3000/_next/static/chunks/node_modules_next_dist_20ud_8w._.js:1380
[ 2848972ms] [ERROR] ./app/globals.css
Error evaluating Node.js code
CssSyntaxError: tailwindcss: C:\Users\Lenovo\Desktop\线下黑客松\frontend\app\globals.css:1:1: Can't resolve 'tw-animate-css' in 'C:\Users\Lenovo\Desktop\线下黑客松\frontend\app'
    [at Input.error (turbopack:///[project]/node_modules/postcss/lib/input.js:135:16)]
    [at Root.error (turbopack:///[project]/node_modules/postcss/lib/node.js:166:32)]
    [at Object.Once (C:\Users\Lenovo\Desktop\线下黑客松\frontend\node_modules\@tailwindcss\postcss\dist\index.js:10:7013)]
    [at process.processTicksAndRejections (node:internal/process/task_queues:104:5)]
    [at async LazyResult.runAsync (turbopack:///[project]/node_modules/postcss/lib/lazy-result.js:299:11)]
    [at async transform (turbopack:///[turbopack-node]/transforms/postcss.ts:70:34)]
    [at async run (turbopack:///[turbopack-node]/child_process/evaluate.ts:89:23)]

Import trace:
  Client Component Browser:
    ./app/globals.css [Client Component Browser]
    ./app/layout.tsx [Server Component] @ http://localhost:3000/_next/static/chunks/node_modules_next_dist_20ud_8w._.js:2099
[ 2848972ms] [ERROR] ./components/ui/toast.tsx:4:1
Module not found: Can't resolve '@radix-ui/react-toast'
  2 |
  3 | import * as React from "react"
> 4 | import * as ToastPrimitives from "@radix-ui/react-toast"
    | ^^^^^^^^^^^^^^^^^^^^^^^^^^^^^^^^^^^^^^^^^^^^^^^^^^^^^^^^
  5 | import { cva, type VariantProps } from "class-variance-authority"
  6 | import { X } from "lucide-react"
  7 |

Import traces:
  Client Component Browser:
    ./components/ui/toast.tsx [Client Component Browser]
    ./components/ui/toaster.tsx [Client Component Browser]
    ./components/ui/toaster.tsx [Server Component]
    ./app/layout.tsx [Server Component]

  Client Component SSR:
    ./components/ui/toast.tsx [Client Component SSR]
    ./components/ui/toaster.tsx [Client Component SSR]
    ./components/ui/toaster.tsx [Server Component]
    ./app/layout.tsx [Server Component]

https://nextjs.org/docs/messages/module-not-found @ http://localhost:3000/_next/static/chunks/node_modules_next_dist_20ud_8w._.js:2099
[ 2848973ms] [ERROR] ./components/ui/toast.tsx:5:1
Module not found: Can't resolve 'class-variance-authority'
  3 | import * as React from "react"
  4 | import * as ToastPrimitives from "@radix-ui/react-toast"
> 5 | import { cva, type VariantProps } from "class-variance-authority"
    | ^^^^^^^^^^^^^^^^^^^^^^^^^^^^^^^^^^^^^^^^^^^^^^^^^^^^^^^^^^^^^^^^^
  6 | import { X } from "lucide-react"
  7 |
  8 | import { cn } from "@/lib/utils"

Import traces:
  Client Component Browser:
    ./components/ui/toast.tsx [Client Component Browser]
    ./components/ui/toaster.tsx [Client Component Browser]
    ./components/ui/toaster.tsx [Server Component]
    ./app/layout.tsx [Server Component]

  Client Component SSR:
    ./components/ui/toast.tsx [Client Component SSR]
    ./components/ui/toaster.tsx [Client Component SSR]
    ./components/ui/toaster.tsx [Server Component]
    ./app/layout.tsx [Server Component]

https://nextjs.org/docs/messages/module-not-found @ http://localhost:3000/_next/static/chunks/node_modules_next_dist_20ud_8w._.js:2099
[ 2848973ms] [ERROR] ./lib/utils.ts:1:1
Module not found: Can't resolve 'clsx'
> 1 | import { type ClassValue, clsx } from "clsx"
    | ^^^^^^^^^^^^^^^^^^^^^^^^^^^^^^^^^^^^^^^^^^^^
  2 | import { twMerge } from "tailwind-merge"
  3 |
  4 | export function cn(...inputs: ClassValue[]) {

Import traces:
  Client Component Browser:
    ./lib/utils.ts [Client Component Browser]
    ./components/ui/toast.tsx [Client Component Browser]
    ./components/ui/toaster.tsx [Client Component Browser]
    ./components/ui/toaster.tsx [Server Component]
    ./app/layout.tsx [Server Component]

  Client Component SSR:
    ./lib/utils.ts [Client Component SSR]
    ./components/ui/toast.tsx [Client Component SSR]
    ./components/ui/toaster.tsx [Client Component SSR]
    ./components/ui/toaster.tsx [Server Component]
    ./app/layout.tsx [Server Component]

https://nextjs.org/docs/messages/module-not-found @ http://localhost:3000/_next/static/chunks/node_modules_next_dist_20ud_8w._.js:2099
[ 2848973ms] [ERROR] ./app/page.tsx:2:1
Module not found: Can't resolve 'lucide-react'
  1 | import Link from "next/link"
> 2 | import { ArrowRight, FileText, GitPullRequest, Share2 } from "lucide-react"
    | ^^^^^^^^^^^^^^^^^^^^^^^^^^^^^^^^^^^^^^^^^^^^^^^^^^^^^^^^^^^^^^^^^^^^^^^^^^^
  3 |
  4 | const chain = [
  5 |   {

https://nextjs.org/docs/messages/module-not-found @ http://localhost:3000/_next/static/chunks/node_modules_next_dist_20ud_8w._.js:2099
[ 2848973ms] [ERROR] ./components/ui/toast.tsx:6:1
Module not found: Can't resolve 'lucide-react'
  4 | import * as ToastPrimitives from "@radix-ui/react-toast"
  5 | import { cva, type VariantProps } from "class-variance-authority"
> 6 | import { X } from "lucide-react"
    | ^^^^^^^^^^^^^^^^^^^^^^^^^^^^^^^^
  7 |
  8 | import { cn } from "@/lib/utils"
  9 |

Import traces:
  Client Component Browser:
    ./components/ui/toast.tsx [Client Component Browser]
    ./components/ui/toaster.tsx [Client Component Browser]
    ./components/ui/toaster.tsx [Server Component]
    ./app/layout.tsx [Server Component]

  Client Component SSR:
    ./components/ui/toast.tsx [Client Component SSR]
    ./components/ui/toaster.tsx [Client Component SSR]
    ./components/ui/toaster.tsx [Server Component]
    ./app/layout.tsx [Server Component]

https://nextjs.org/docs/messages/module-not-found @ http://localhost:3000/_next/static/chunks/node_modules_next_dist_20ud_8w._.js:2099
[ 2848974ms] [ERROR] ./lib/utils.ts:2:1
Module not found: Can't resolve 'tailwind-merge'
  1 | import { type ClassValue, clsx } from "clsx"
> 2 | import { twMerge } from "tailwind-merge"
    | ^^^^^^^^^^^^^^^^^^^^^^^^^^^^^^^^^^^^^^^^
  3 |
  4 | export function cn(...inputs: ClassValue[]) {
  5 |   return twMerge(clsx(inputs))

Import traces:
  Client Component Browser:
    ./lib/utils.ts [Client Component Browser]
    ./components/ui/toast.tsx [Client Component Browser]
    ./components/ui/toaster.tsx [Client Component Browser]
    ./components/ui/toaster.tsx [Server Component]
    ./app/layout.tsx [Server Component]

  Client Component SSR:
    ./lib/utils.ts [Client Component SSR]
    ./components/ui/toast.tsx [Client Component SSR]
    ./components/ui/toaster.tsx [Client Component SSR]
    ./components/ui/toaster.tsx [Server Component]
    ./app/layout.tsx [Server Component]

https://nextjs.org/docs/messages/module-not-found @ http://localhost:3000/_next/static/chunks/node_modules_next_dist_20ud_8w._.js:2099
[ 2849029ms] [LOG] [Fast Refresh] rebuilding @ http://localhost:3000/_next/static/chunks/node_modules_next_dist_20ud_8w._.js:1380
[ 2849128ms] [ERROR] ./app/globals.css
Error evaluating Node.js code
CssSyntaxError: tailwindcss: C:\Users\Lenovo\Desktop\线下黑客松\frontend\app\globals.css:1:1: Can't resolve 'tw-animate-css' in 'C:\Users\Lenovo\Desktop\线下黑客松\frontend\app'
    [at Input.error (turbopack:///[project]/node_modules/postcss/lib/input.js:135:16)]
    [at Root.error (turbopack:///[project]/node_modules/postcss/lib/node.js:166:32)]
    [at Object.Once (C:\Users\Lenovo\Desktop\线下黑客松\frontend\node_modules\@tailwindcss\postcss\dist\index.js:10:7013)]
    [at process.processTicksAndRejections (node:internal/process/task_queues:104:5)]
    [at async LazyResult.runAsync (turbopack:///[project]/node_modules/postcss/lib/lazy-result.js:299:11)]
    [at async transform (turbopack:///[turbopack-node]/transforms/postcss.ts:70:34)]
    [at async run (turbopack:///[turbopack-node]/child_process/evaluate.ts:89:23)]

Import trace:
  Client Component Browser:
    ./app/globals.css [Client Component Browser]
    ./app/layout.tsx [Server Component] @ http://localhost:3000/_next/static/chunks/node_modules_next_dist_20ud_8w._.js:2099
[ 2849128ms] [ERROR] ./components/ui/toast.tsx:4:1
Module not found: Can't resolve '@radix-ui/react-toast'
  2 |
  3 | import * as React from "react"
> 4 | import * as ToastPrimitives from "@radix-ui/react-toast"
    | ^^^^^^^^^^^^^^^^^^^^^^^^^^^^^^^^^^^^^^^^^^^^^^^^^^^^^^^^
  5 | import { cva, type VariantProps } from "class-variance-authority"
  6 | import { X } from "lucide-react"
  7 |

Import traces:
  Client Component Browser:
    ./components/ui/toast.tsx [Client Component Browser]
    ./components/ui/toaster.tsx [Client Component Browser]
    ./components/ui/toaster.tsx [Server Component]
    ./app/layout.tsx [Server Component]

  Client Component SSR:
    ./components/ui/toast.tsx [Client Component SSR]
    ./components/ui/toaster.tsx [Client Component SSR]
    ./components/ui/toaster.tsx [Server Component]
    ./app/layout.tsx [Server Component]

https://nextjs.org/docs/messages/module-not-found @ http://localhost:3000/_next/static/chunks/node_modules_next_dist_20ud_8w._.js:2099
[ 2849129ms] [ERROR] ./components/ui/toast.tsx:5:1
Module not found: Can't resolve 'class-variance-authority'
  3 | import * as React from "react"
  4 | import * as ToastPrimitives from "@radix-ui/react-toast"
> 5 | import { cva, type VariantProps } from "class-variance-authority"
    | ^^^^^^^^^^^^^^^^^^^^^^^^^^^^^^^^^^^^^^^^^^^^^^^^^^^^^^^^^^^^^^^^^
  6 | import { X } from "lucide-react"
  7 |
  8 | import { cn } from "@/lib/utils"

Import traces:
  Client Component Browser:
    ./components/ui/toast.tsx [Client Component Browser]
    ./components/ui/toaster.tsx [Client Component Browser]
    ./components/ui/toaster.tsx [Server Component]
    ./app/layout.tsx [Server Component]

  Client Component SSR:
    ./components/ui/toast.tsx [Client Component SSR]
    ./components/ui/toaster.tsx [Client Component SSR]
    ./components/ui/toaster.tsx [Server Component]
    ./app/layout.tsx [Server Component]

https://nextjs.org/docs/messages/module-not-found @ http://localhost:3000/_next/static/chunks/node_modules_next_dist_20ud_8w._.js:2099
[ 2849129ms] [ERROR] ./lib/utils.ts:1:1
Module not found: Can't resolve 'clsx'
> 1 | import { type ClassValue, clsx } from "clsx"
    | ^^^^^^^^^^^^^^^^^^^^^^^^^^^^^^^^^^^^^^^^^^^^
  2 | import { twMerge } from "tailwind-merge"
  3 |
  4 | export function cn(...inputs: ClassValue[]) {

Import traces:
  Client Component Browser:
    ./lib/utils.ts [Client Component Browser]
    ./components/ui/toast.tsx [Client Component Browser]
    ./components/ui/toaster.tsx [Client Component Browser]
    ./components/ui/toaster.tsx [Server Component]
    ./app/layout.tsx [Server Component]

  Client Component SSR:
    ./lib/utils.ts [Client Component SSR]
    ./components/ui/toast.tsx [Client Component SSR]
    ./components/ui/toaster.tsx [Client Component SSR]
    ./components/ui/toaster.tsx [Server Component]
    ./app/layout.tsx [Server Component]

https://nextjs.org/docs/messages/module-not-found @ http://localhost:3000/_next/static/chunks/node_modules_next_dist_20ud_8w._.js:2099
[ 2849129ms] [ERROR] ./app/page.tsx:2:1
Module not found: Can't resolve 'lucide-react'
  1 | import Link from "next/link"
> 2 | import { ArrowRight, FileText, GitPullRequest, Share2 } from "lucide-react"
    | ^^^^^^^^^^^^^^^^^^^^^^^^^^^^^^^^^^^^^^^^^^^^^^^^^^^^^^^^^^^^^^^^^^^^^^^^^^^
  3 |
  4 | const chain = [
  5 |   {

https://nextjs.org/docs/messages/module-not-found @ http://localhost:3000/_next/static/chunks/node_modules_next_dist_20ud_8w._.js:2099
[ 2849129ms] [ERROR] ./components/ui/toast.tsx:6:1
Module not found: Can't resolve 'lucide-react'
  4 | import * as ToastPrimitives from "@radix-ui/react-toast"
  5 | import { cva, type VariantProps } from "class-variance-authority"
> 6 | import { X } from "lucide-react"
    | ^^^^^^^^^^^^^^^^^^^^^^^^^^^^^^^^
  7 |
  8 | import { cn } from "@/lib/utils"
  9 |

Import traces:
  Client Component Browser:
    ./components/ui/toast.tsx [Client Component Browser]
    ./components/ui/toaster.tsx [Client Component Browser]
    ./components/ui/toaster.tsx [Server Component]
    ./app/layout.tsx [Server Component]

  Client Component SSR:
    ./components/ui/toast.tsx [Client Component SSR]
    ./components/ui/toaster.tsx [Client Component SSR]
    ./components/ui/toaster.tsx [Server Component]
    ./app/layout.tsx [Server Component]

https://nextjs.org/docs/messages/module-not-found @ http://localhost:3000/_next/static/chunks/node_modules_next_dist_20ud_8w._.js:2099
[ 2849129ms] [ERROR] ./lib/utils.ts:2:1
Module not found: Can't resolve 'tailwind-merge'
  1 | import { type ClassValue, clsx } from "clsx"
> 2 | import { twMerge } from "tailwind-merge"
    | ^^^^^^^^^^^^^^^^^^^^^^^^^^^^^^^^^^^^^^^^
  3 |
  4 | export function cn(...inputs: ClassValue[]) {
  5 |   return twMerge(clsx(inputs))

Import traces:
  Client Component Browser:
    ./lib/utils.ts [Client Component Browser]
    ./components/ui/toast.tsx [Client Component Browser]
    ./components/ui/toaster.tsx [Client Component Browser]
    ./components/ui/toaster.tsx [Server Component]
    ./app/layout.tsx [Server Component]

  Client Component SSR:
    ./lib/utils.ts [Client Component SSR]
    ./components/ui/toast.tsx [Client Component SSR]
    ./components/ui/toaster.tsx [Client Component SSR]
    ./components/ui/toaster.tsx [Server Component]
    ./app/layout.tsx [Server Component]

https://nextjs.org/docs/messages/module-not-found @ http://localhost:3000/_next/static/chunks/node_modules_next_dist_20ud_8w._.js:2099
[ 2849188ms] [LOG] [Fast Refresh] rebuilding @ http://localhost:3000/_next/static/chunks/node_modules_next_dist_20ud_8w._.js:1380
[ 2849556ms] [ERROR] ./app/globals.css
Error evaluating Node.js code
CssSyntaxError: tailwindcss: C:\Users\Lenovo\Desktop\线下黑客松\frontend\app\globals.css:1:1: Can't resolve 'tw-animate-css' in 'C:\Users\Lenovo\Desktop\线下黑客松\frontend\app'
    [at Input.error (turbopack:///[project]/node_modules/postcss/lib/input.js:135:16)]
    [at Root.error (turbopack:///[project]/node_modules/postcss/lib/node.js:166:32)]
    [at Object.Once (C:\Users\Lenovo\Desktop\线下黑客松\frontend\node_modules\@tailwindcss\postcss\dist\index.js:10:7013)]
    [at process.processTicksAndRejections (node:internal/process/task_queues:104:5)]
    [at async LazyResult.runAsync (turbopack:///[project]/node_modules/postcss/lib/lazy-result.js:299:11)]
    [at async transform (turbopack:///[turbopack-node]/transforms/postcss.ts:70:34)]
    [at async run (turbopack:///[turbopack-node]/child_process/evaluate.ts:89:23)]

Import trace:
  Client Component Browser:
    ./app/globals.css [Client Component Browser]
    ./app/layout.tsx [Server Component] @ http://localhost:3000/_next/static/chunks/node_modules_next_dist_20ud_8w._.js:2099
[ 2849557ms] [ERROR] ./components/ui/toast.tsx:4:1
Module not found: Can't resolve '@radix-ui/react-toast'
  2 |
  3 | import * as React from "react"
> 4 | import * as ToastPrimitives from "@radix-ui/react-toast"
    | ^^^^^^^^^^^^^^^^^^^^^^^^^^^^^^^^^^^^^^^^^^^^^^^^^^^^^^^^
  5 | import { cva, type VariantProps } from "class-variance-authority"
  6 | import { X } from "lucide-react"
  7 |

Import traces:
  Client Component Browser:
    ./components/ui/toast.tsx [Client Component Browser]
    ./components/ui/toaster.tsx [Client Component Browser]
    ./components/ui/toaster.tsx [Server Component]
    ./app/layout.tsx [Server Component]

  Client Component SSR:
    ./components/ui/toast.tsx [Client Component SSR]
    ./components/ui/toaster.tsx [Client Component SSR]
    ./components/ui/toaster.tsx [Server Component]
    ./app/layout.tsx [Server Component]

https://nextjs.org/docs/messages/module-not-found @ http://localhost:3000/_next/static/chunks/node_modules_next_dist_20ud_8w._.js:2099
[ 2849557ms] [ERROR] ./components/ui/toast.tsx:5:1
Module not found: Can't resolve 'class-variance-authority'
  3 | import * as React from "react"
  4 | import * as ToastPrimitives from "@radix-ui/react-toast"
> 5 | import { cva, type VariantProps } from "class-variance-authority"
    | ^^^^^^^^^^^^^^^^^^^^^^^^^^^^^^^^^^^^^^^^^^^^^^^^^^^^^^^^^^^^^^^^^
  6 | import { X } from "lucide-react"
  7 |
  8 | import { cn } from "@/lib/utils"

Import traces:
  Client Component Browser:
    ./components/ui/toast.tsx [Client Component Browser]
    ./components/ui/toaster.tsx [Client Component Browser]
    ./components/ui/toaster.tsx [Server Component]
    ./app/layout.tsx [Server Component]

  Client Component SSR:
    ./components/ui/toast.tsx [Client Component SSR]
    ./components/ui/toaster.tsx [Client Component SSR]
    ./components/ui/toaster.tsx [Server Component]
    ./app/layout.tsx [Server Component]

https://nextjs.org/docs/messages/module-not-found @ http://localhost:3000/_next/static/chunks/node_modules_next_dist_20ud_8w._.js:2099
[ 2849557ms] [ERROR] ./lib/utils.ts:1:1
Module not found: Can't resolve 'clsx'
> 1 | import { type ClassValue, clsx } from "clsx"
    | ^^^^^^^^^^^^^^^^^^^^^^^^^^^^^^^^^^^^^^^^^^^^
  2 | import { twMerge } from "tailwind-merge"
  3 |
  4 | export function cn(...inputs: ClassValue[]) {

Import traces:
  Client Component Browser:
    ./lib/utils.ts [Client Component Browser]
    ./components/ui/toast.tsx [Client Component Browser]
    ./components/ui/toaster.tsx [Client Component Browser]
    ./components/ui/toaster.tsx [Server Component]
    ./app/layout.tsx [Server Component]

  Client Component SSR:
    ./lib/utils.ts [Client Component SSR]
    ./components/ui/toast.tsx [Client Component SSR]
    ./components/ui/toaster.tsx [Client Component SSR]
    ./components/ui/toaster.tsx [Server Component]
    ./app/layout.tsx [Server Component]

https://nextjs.org/docs/messages/module-not-found @ http://localhost:3000/_next/static/chunks/node_modules_next_dist_20ud_8w._.js:2099
[ 2849557ms] [ERROR] ./app/page.tsx:2:1
Module not found: Can't resolve 'lucide-react'
  1 | import Link from "next/link"
> 2 | import { ArrowRight, FileText, GitPullRequest, Share2 } from "lucide-react"
    | ^^^^^^^^^^^^^^^^^^^^^^^^^^^^^^^^^^^^^^^^^^^^^^^^^^^^^^^^^^^^^^^^^^^^^^^^^^^
  3 |
  4 | const chain = [
  5 |   {

https://nextjs.org/docs/messages/module-not-found @ http://localhost:3000/_next/static/chunks/node_modules_next_dist_20ud_8w._.js:2099
[ 2849557ms] [ERROR] ./components/ui/toast.tsx:6:1
Module not found: Can't resolve 'lucide-react'
  4 | import * as ToastPrimitives from "@radix-ui/react-toast"
  5 | import { cva, type VariantProps } from "class-variance-authority"
> 6 | import { X } from "lucide-react"
    | ^^^^^^^^^^^^^^^^^^^^^^^^^^^^^^^^
  7 |
  8 | import { cn } from "@/lib/utils"
  9 |

Import traces:
  Client Component Browser:
    ./components/ui/toast.tsx [Client Component Browser]
    ./components/ui/toaster.tsx [Client Component Browser]
    ./components/ui/toaster.tsx [Server Component]
    ./app/layout.tsx [Server Component]

  Client Component SSR:
    ./components/ui/toast.tsx [Client Component SSR]
    ./components/ui/toaster.tsx [Client Component SSR]
    ./components/ui/toaster.tsx [Server Component]
    ./app/layout.tsx [Server Component]

https://nextjs.org/docs/messages/module-not-found @ http://localhost:3000/_next/static/chunks/node_modules_next_dist_20ud_8w._.js:2099
[ 2849558ms] [ERROR] ./lib/utils.ts:2:1
Module not found: Can't resolve 'tailwind-merge'
  1 | import { type ClassValue, clsx } from "clsx"
> 2 | import { twMerge } from "tailwind-merge"
    | ^^^^^^^^^^^^^^^^^^^^^^^^^^^^^^^^^^^^^^^^
  3 |
  4 | export function cn(...inputs: ClassValue[]) {
  5 |   return twMerge(clsx(inputs))

Import traces:
  Client Component Browser:
    ./lib/utils.ts [Client Component Browser]
    ./components/ui/toast.tsx [Client Component Browser]
    ./components/ui/toaster.tsx [Client Component Browser]
    ./components/ui/toaster.tsx [Server Component]
    ./app/layout.tsx [Server Component]

  Client Component SSR:
    ./lib/utils.ts [Client Component SSR]
    ./components/ui/toast.tsx [Client Component SSR]
    ./components/ui/toaster.tsx [Client Component SSR]
    ./components/ui/toaster.tsx [Server Component]
    ./app/layout.tsx [Server Component]

https://nextjs.org/docs/messages/module-not-found @ http://localhost:3000/_next/static/chunks/node_modules_next_dist_20ud_8w._.js:2099
[ 2849617ms] [LOG] [Fast Refresh] rebuilding @ http://localhost:3000/_next/static/chunks/node_modules_next_dist_20ud_8w._.js:1380
[ 2849715ms] [ERROR] ./app/globals.css
Error evaluating Node.js code
CssSyntaxError: tailwindcss: C:\Users\Lenovo\Desktop\线下黑客松\frontend\app\globals.css:1:1: Can't resolve 'tw-animate-css' in 'C:\Users\Lenovo\Desktop\线下黑客松\frontend\app'
    [at Input.error (turbopack:///[project]/node_modules/postcss/lib/input.js:135:16)]
    [at Root.error (turbopack:///[project]/node_modules/postcss/lib/node.js:166:32)]
    [at Object.Once (C:\Users\Lenovo\Desktop\线下黑客松\frontend\node_modules\@tailwindcss\postcss\dist\index.js:10:7013)]
    [at process.processTicksAndRejections (node:internal/process/task_queues:104:5)]
    [at async LazyResult.runAsync (turbopack:///[project]/node_modules/postcss/lib/lazy-result.js:299:11)]
    [at async transform (turbopack:///[turbopack-node]/transforms/postcss.ts:70:34)]
    [at async run (turbopack:///[turbopack-node]/child_process/evaluate.ts:89:23)]

Import trace:
  Client Component Browser:
    ./app/globals.css [Client Component Browser]
    ./app/layout.tsx [Server Component] @ http://localhost:3000/_next/static/chunks/node_modules_next_dist_20ud_8w._.js:2099
[ 2849715ms] [ERROR] ./components/ui/toast.tsx:4:1
Module not found: Can't resolve '@radix-ui/react-toast'
  2 |
  3 | import * as React from "react"
> 4 | import * as ToastPrimitives from "@radix-ui/react-toast"
    | ^^^^^^^^^^^^^^^^^^^^^^^^^^^^^^^^^^^^^^^^^^^^^^^^^^^^^^^^
  5 | import { cva, type VariantProps } from "class-variance-authority"
  6 | import { X } from "lucide-react"
  7 |

Import traces:
  Client Component Browser:
    ./components/ui/toast.tsx [Client Component Browser]
    ./components/ui/toaster.tsx [Client Component Browser]
    ./components/ui/toaster.tsx [Server Component]
    ./app/layout.tsx [Server Component]

  Client Component SSR:
    ./components/ui/toast.tsx [Client Component SSR]
    ./components/ui/toaster.tsx [Client Component SSR]
    ./components/ui/toaster.tsx [Server Component]
    ./app/layout.tsx [Server Component]

https://nextjs.org/docs/messages/module-not-found @ http://localhost:3000/_next/static/chunks/node_modules_next_dist_20ud_8w._.js:2099
[ 2849716ms] [ERROR] ./components/ui/toast.tsx:5:1
Module not found: Can't resolve 'class-variance-authority'
  3 | import * as React from "react"
  4 | import * as ToastPrimitives from "@radix-ui/react-toast"
> 5 | import { cva, type VariantProps } from "class-variance-authority"
    | ^^^^^^^^^^^^^^^^^^^^^^^^^^^^^^^^^^^^^^^^^^^^^^^^^^^^^^^^^^^^^^^^^
  6 | import { X } from "lucide-react"
  7 |
  8 | import { cn } from "@/lib/utils"

Import traces:
  Client Component Browser:
    ./components/ui/toast.tsx [Client Component Browser]
    ./components/ui/toaster.tsx [Client Component Browser]
    ./components/ui/toaster.tsx [Server Component]
    ./app/layout.tsx [Server Component]

  Client Component SSR:
    ./components/ui/toast.tsx [Client Component SSR]
    ./components/ui/toaster.tsx [Client Component SSR]
    ./components/ui/toaster.tsx [Server Component]
    ./app/layout.tsx [Server Component]

https://nextjs.org/docs/messages/module-not-found @ http://localhost:3000/_next/static/chunks/node_modules_next_dist_20ud_8w._.js:2099
[ 2849716ms] [ERROR] ./lib/utils.ts:1:1
Module not found: Can't resolve 'clsx'
> 1 | import { type ClassValue, clsx } from "clsx"
    | ^^^^^^^^^^^^^^^^^^^^^^^^^^^^^^^^^^^^^^^^^^^^
  2 | import { twMerge } from "tailwind-merge"
  3 |
  4 | export function cn(...inputs: ClassValue[]) {

Import traces:
  Client Component Browser:
    ./lib/utils.ts [Client Component Browser]
    ./components/ui/toast.tsx [Client Component Browser]
    ./components/ui/toaster.tsx [Client Component Browser]
    ./components/ui/toaster.tsx [Server Component]
    ./app/layout.tsx [Server Component]

  Client Component SSR:
    ./lib/utils.ts [Client Component SSR]
    ./components/ui/toast.tsx [Client Component SSR]
    ./components/ui/toaster.tsx [Client Component SSR]
    ./components/ui/toaster.tsx [Server Component]
    ./app/layout.tsx [Server Component]

https://nextjs.org/docs/messages/module-not-found @ http://localhost:3000/_next/static/chunks/node_modules_next_dist_20ud_8w._.js:2099
[ 2849716ms] [ERROR] ./app/page.tsx:2:1
Module not found: Can't resolve 'lucide-react'
  1 | import Link from "next/link"
> 2 | import { ArrowRight, FileText, GitPullRequest, Share2 } from "lucide-react"
    | ^^^^^^^^^^^^^^^^^^^^^^^^^^^^^^^^^^^^^^^^^^^^^^^^^^^^^^^^^^^^^^^^^^^^^^^^^^^
  3 |
  4 | const chain = [
  5 |   {

https://nextjs.org/docs/messages/module-not-found @ http://localhost:3000/_next/static/chunks/node_modules_next_dist_20ud_8w._.js:2099
[ 2849717ms] [ERROR] ./components/ui/toast.tsx:6:1
Module not found: Can't resolve 'lucide-react'
  4 | import * as ToastPrimitives from "@radix-ui/react-toast"
  5 | import { cva, type VariantProps } from "class-variance-authority"
> 6 | import { X } from "lucide-react"
    | ^^^^^^^^^^^^^^^^^^^^^^^^^^^^^^^^
  7 |
  8 | import { cn } from "@/lib/utils"
  9 |

Import traces:
  Client Component Browser:
    ./components/ui/toast.tsx [Client Component Browser]
    ./components/ui/toaster.tsx [Client Component Browser]
    ./components/ui/toaster.tsx [Server Component]
    ./app/layout.tsx [Server Component]

  Client Component SSR:
    ./components/ui/toast.tsx [Client Component SSR]
    ./components/ui/toaster.tsx [Client Component SSR]
    ./components/ui/toaster.tsx [Server Component]
    ./app/layout.tsx [Server Component]

https://nextjs.org/docs/messages/module-not-found @ http://localhost:3000/_next/static/chunks/node_modules_next_dist_20ud_8w._.js:2099
[ 2849717ms] [ERROR] ./lib/utils.ts:2:1
Module not found: Can't resolve 'tailwind-merge'
  1 | import { type ClassValue, clsx } from "clsx"
> 2 | import { twMerge } from "tailwind-merge"
    | ^^^^^^^^^^^^^^^^^^^^^^^^^^^^^^^^^^^^^^^^
  3 |
  4 | export function cn(...inputs: ClassValue[]) {
  5 |   return twMerge(clsx(inputs))

Import traces:
  Client Component Browser:
    ./lib/utils.ts [Client Component Browser]
    ./components/ui/toast.tsx [Client Component Browser]
    ./components/ui/toaster.tsx [Client Component Browser]
    ./components/ui/toaster.tsx [Server Component]
    ./app/layout.tsx [Server Component]

  Client Component SSR:
    ./lib/utils.ts [Client Component SSR]
    ./components/ui/toast.tsx [Client Component SSR]
    ./components/ui/toaster.tsx [Client Component SSR]
    ./components/ui/toaster.tsx [Server Component]
    ./app/layout.tsx [Server Component]

https://nextjs.org/docs/messages/module-not-found @ http://localhost:3000/_next/static/chunks/node_modules_next_dist_20ud_8w._.js:2099
[ 2849776ms] [LOG] [Fast Refresh] rebuilding @ http://localhost:3000/_next/static/chunks/node_modules_next_dist_20ud_8w._.js:1380
[ 2849920ms] [ERROR] ./app/globals.css
Error evaluating Node.js code
CssSyntaxError: tailwindcss: C:\Users\Lenovo\Desktop\线下黑客松\frontend\app\globals.css:1:1: Can't resolve 'tw-animate-css' in 'C:\Users\Lenovo\Desktop\线下黑客松\frontend\app'
    [at Input.error (turbopack:///[project]/node_modules/postcss/lib/input.js:135:16)]
    [at Root.error (turbopack:///[project]/node_modules/postcss/lib/node.js:166:32)]
    [at Object.Once (C:\Users\Lenovo\Desktop\线下黑客松\frontend\node_modules\@tailwindcss\postcss\dist\index.js:10:7013)]
    [at process.processTicksAndRejections (node:internal/process/task_queues:104:5)]
    [at async LazyResult.runAsync (turbopack:///[project]/node_modules/postcss/lib/lazy-result.js:299:11)]
    [at async transform (turbopack:///[turbopack-node]/transforms/postcss.ts:70:34)]
    [at async run (turbopack:///[turbopack-node]/child_process/evaluate.ts:89:23)]

Import trace:
  Client Component Browser:
    ./app/globals.css [Client Component Browser]
    ./app/layout.tsx [Server Component] @ http://localhost:3000/_next/static/chunks/node_modules_next_dist_20ud_8w._.js:2099
[ 2849920ms] [ERROR] ./components/ui/toast.tsx:4:1
Module not found: Can't resolve '@radix-ui/react-toast'
  2 |
  3 | import * as React from "react"
> 4 | import * as ToastPrimitives from "@radix-ui/react-toast"
    | ^^^^^^^^^^^^^^^^^^^^^^^^^^^^^^^^^^^^^^^^^^^^^^^^^^^^^^^^
  5 | import { cva, type VariantProps } from "class-variance-authority"
  6 | import { X } from "lucide-react"
  7 |

Import traces:
  Client Component Browser:
    ./components/ui/toast.tsx [Client Component Browser]
    ./components/ui/toaster.tsx [Client Component Browser]
    ./components/ui/toaster.tsx [Server Component]
    ./app/layout.tsx [Server Component]

  Client Component SSR:
    ./components/ui/toast.tsx [Client Component SSR]
    ./components/ui/toaster.tsx [Client Component SSR]
    ./components/ui/toaster.tsx [Server Component]
    ./app/layout.tsx [Server Component]

https://nextjs.org/docs/messages/module-not-found @ http://localhost:3000/_next/static/chunks/node_modules_next_dist_20ud_8w._.js:2099
[ 2849921ms] [ERROR] ./components/ui/toast.tsx:5:1
Module not found: Can't resolve 'class-variance-authority'
  3 | import * as React from "react"
  4 | import * as ToastPrimitives from "@radix-ui/react-toast"
> 5 | import { cva, type VariantProps } from "class-variance-authority"
    | ^^^^^^^^^^^^^^^^^^^^^^^^^^^^^^^^^^^^^^^^^^^^^^^^^^^^^^^^^^^^^^^^^
  6 | import { X } from "lucide-react"
  7 |
  8 | import { cn } from "@/lib/utils"

Import traces:
  Client Component Browser:
    ./components/ui/toast.tsx [Client Component Browser]
    ./components/ui/toaster.tsx [Client Component Browser]
    ./components/ui/toaster.tsx [Server Component]
    ./app/layout.tsx [Server Component]

  Client Component SSR:
    ./components/ui/toast.tsx [Client Component SSR]
    ./components/ui/toaster.tsx [Client Component SSR]
    ./components/ui/toaster.tsx [Server Component]
    ./app/layout.tsx [Server Component]

https://nextjs.org/docs/messages/module-not-found @ http://localhost:3000/_next/static/chunks/node_modules_next_dist_20ud_8w._.js:2099
[ 2849921ms] [ERROR] ./lib/utils.ts:1:1
Module not found: Can't resolve 'clsx'
> 1 | import { type ClassValue, clsx } from "clsx"
    | ^^^^^^^^^^^^^^^^^^^^^^^^^^^^^^^^^^^^^^^^^^^^
  2 | import { twMerge } from "tailwind-merge"
  3 |
  4 | export function cn(...inputs: ClassValue[]) {

Import traces:
  Client Component Browser:
    ./lib/utils.ts [Client Component Browser]
    ./components/ui/toast.tsx [Client Component Browser]
    ./components/ui/toaster.tsx [Client Component Browser]
    ./components/ui/toaster.tsx [Server Component]
    ./app/layout.tsx [Server Component]

  Client Component SSR:
    ./lib/utils.ts [Client Component SSR]
    ./components/ui/toast.tsx [Client Component SSR]
    ./components/ui/toaster.tsx [Client Component SSR]
    ./components/ui/toaster.tsx [Server Component]
    ./app/layout.tsx [Server Component]

https://nextjs.org/docs/messages/module-not-found @ http://localhost:3000/_next/static/chunks/node_modules_next_dist_20ud_8w._.js:2099
[ 2849921ms] [ERROR] ./app/page.tsx:2:1
Module not found: Can't resolve 'lucide-react'
  1 | import Link from "next/link"
> 2 | import { ArrowRight, FileText, GitPullRequest, Share2 } from "lucide-react"
    | ^^^^^^^^^^^^^^^^^^^^^^^^^^^^^^^^^^^^^^^^^^^^^^^^^^^^^^^^^^^^^^^^^^^^^^^^^^^
  3 |
  4 | const chain = [
  5 |   {

https://nextjs.org/docs/messages/module-not-found @ http://localhost:3000/_next/static/chunks/node_modules_next_dist_20ud_8w._.js:2099
[ 2849921ms] [ERROR] ./components/ui/toast.tsx:6:1
Module not found: Can't resolve 'lucide-react'
  4 | import * as ToastPrimitives from "@radix-ui/react-toast"
  5 | import { cva, type VariantProps } from "class-variance-authority"
> 6 | import { X } from "lucide-react"
    | ^^^^^^^^^^^^^^^^^^^^^^^^^^^^^^^^
  7 |
  8 | import { cn } from "@/lib/utils"
  9 |

Import traces:
  Client Component Browser:
    ./components/ui/toast.tsx [Client Component Browser]
    ./components/ui/toaster.tsx [Client Component Browser]
    ./components/ui/toaster.tsx [Server Component]
    ./app/layout.tsx [Server Component]

  Client Component SSR:
    ./components/ui/toast.tsx [Client Component SSR]
    ./components/ui/toaster.tsx [Client Component SSR]
    ./components/ui/toaster.tsx [Server Component]
    ./app/layout.tsx [Server Component]

https://nextjs.org/docs/messages/module-not-found @ http://localhost:3000/_next/static/chunks/node_modules_next_dist_20ud_8w._.js:2099
[ 2849922ms] [ERROR] ./lib/utils.ts:2:1
Module not found: Can't resolve 'tailwind-merge'
  1 | import { type ClassValue, clsx } from "clsx"
> 2 | import { twMerge } from "tailwind-merge"
    | ^^^^^^^^^^^^^^^^^^^^^^^^^^^^^^^^^^^^^^^^
  3 |
  4 | export function cn(...inputs: ClassValue[]) {
  5 |   return twMerge(clsx(inputs))

Import traces:
  Client Component Browser:
    ./lib/utils.ts [Client Component Browser]
    ./components/ui/toast.tsx [Client Component Browser]
    ./components/ui/toaster.tsx [Client Component Browser]
    ./components/ui/toaster.tsx [Server Component]
    ./app/layout.tsx [Server Component]

  Client Component SSR:
    ./lib/utils.ts [Client Component SSR]
    ./components/ui/toast.tsx [Client Component SSR]
    ./components/ui/toaster.tsx [Client Component SSR]
    ./components/ui/toaster.tsx [Server Component]
    ./app/layout.tsx [Server Component]

https://nextjs.org/docs/messages/module-not-found @ http://localhost:3000/_next/static/chunks/node_modules_next_dist_20ud_8w._.js:2099
[ 2849998ms] [ERROR] ./app/globals.css
Error evaluating Node.js code
CssSyntaxError: tailwindcss: C:\Users\Lenovo\Desktop\线下黑客松\frontend\app\globals.css:1:1: Can't resolve 'tw-animate-css' in 'C:\Users\Lenovo\Desktop\线下黑客松\frontend\app'
    [at Input.error (turbopack:///[project]/node_modules/postcss/lib/input.js:135:16)]
    [at Root.error (turbopack:///[project]/node_modules/postcss/lib/node.js:166:32)]
    [at Object.Once (C:\Users\Lenovo\Desktop\线下黑客松\frontend\node_modules\@tailwindcss\postcss\dist\index.js:10:7013)]
    [at process.processTicksAndRejections (node:internal/process/task_queues:104:5)]
    [at async LazyResult.runAsync (turbopack:///[project]/node_modules/postcss/lib/lazy-result.js:299:11)]
    [at async transform (turbopack:///[turbopack-node]/transforms/postcss.ts:70:34)]
    [at async run (turbopack:///[turbopack-node]/child_process/evaluate.ts:89:23)]

Import trace:
  Client Component Browser:
    ./app/globals.css [Client Component Browser]
    ./app/layout.tsx [Server Component] @ http://localhost:3000/_next/static/chunks/node_modules_next_dist_20ud_8w._.js:2099
[ 2849998ms] [ERROR] ./components/ui/toast.tsx:4:1
Module not found: Can't resolve '@radix-ui/react-toast'
  2 |
  3 | import * as React from "react"
> 4 | import * as ToastPrimitives from "@radix-ui/react-toast"
    | ^^^^^^^^^^^^^^^^^^^^^^^^^^^^^^^^^^^^^^^^^^^^^^^^^^^^^^^^
  5 | import { cva, type VariantProps } from "class-variance-authority"
  6 | import { X } from "lucide-react"
  7 |

Import traces:
  Client Component Browser:
    ./components/ui/toast.tsx [Client Component Browser]
    ./components/ui/toaster.tsx [Client Component Browser]
    ./components/ui/toaster.tsx [Server Component]
    ./app/layout.tsx [Server Component]

  Client Component SSR:
    ./components/ui/toast.tsx [Client Component SSR]
    ./components/ui/toaster.tsx [Client Component SSR]
    ./components/ui/toaster.tsx [Server Component]
    ./app/layout.tsx [Server Component]

https://nextjs.org/docs/messages/module-not-found @ http://localhost:3000/_next/static/chunks/node_modules_next_dist_20ud_8w._.js:2099
[ 2849998ms] [ERROR] ./components/ui/toast.tsx:5:1
Module not found: Can't resolve 'class-variance-authority'
  3 | import * as React from "react"
  4 | import * as ToastPrimitives from "@radix-ui/react-toast"
> 5 | import { cva, type VariantProps } from "class-variance-authority"
    | ^^^^^^^^^^^^^^^^^^^^^^^^^^^^^^^^^^^^^^^^^^^^^^^^^^^^^^^^^^^^^^^^^
  6 | import { X } from "lucide-react"
  7 |
  8 | import { cn } from "@/lib/utils"

Import traces:
  Client Component Browser:
    ./components/ui/toast.tsx [Client Component Browser]
    ./components/ui/toaster.tsx [Client Component Browser]
    ./components/ui/toaster.tsx [Server Component]
    ./app/layout.tsx [Server Component]

  Client Component SSR:
    ./components/ui/toast.tsx [Client Component SSR]
    ./components/ui/toaster.tsx [Client Component SSR]
    ./components/ui/toaster.tsx [Server Component]
    ./app/layout.tsx [Server Component]

https://nextjs.org/docs/messages/module-not-found @ http://localhost:3000/_next/static/chunks/node_modules_next_dist_20ud_8w._.js:2099
[ 2849999ms] [ERROR] ./lib/utils.ts:1:1
Module not found: Can't resolve 'clsx'
> 1 | import { type ClassValue, clsx } from "clsx"
    | ^^^^^^^^^^^^^^^^^^^^^^^^^^^^^^^^^^^^^^^^^^^^
  2 | import { twMerge } from "tailwind-merge"
  3 |
  4 | export function cn(...inputs: ClassValue[]) {

Import traces:
  Client Component Browser:
    ./lib/utils.ts [Client Component Browser]
    ./components/ui/toast.tsx [Client Component Browser]
    ./components/ui/toaster.tsx [Client Component Browser]
    ./components/ui/toaster.tsx [Server Component]
    ./app/layout.tsx [Server Component]

  Client Component SSR:
    ./lib/utils.ts [Client Component SSR]
    ./components/ui/toast.tsx [Client Component SSR]
    ./components/ui/toaster.tsx [Client Component SSR]
    ./components/ui/toaster.tsx [Server Component]
    ./app/layout.tsx [Server Component]

https://nextjs.org/docs/messages/module-not-found @ http://localhost:3000/_next/static/chunks/node_modules_next_dist_20ud_8w._.js:2099
[ 2849999ms] [ERROR] ./app/page.tsx:2:1
Module not found: Can't resolve 'lucide-react'
  1 | import Link from "next/link"
> 2 | import { ArrowRight, FileText, GitPullRequest, Share2 } from "lucide-react"
    | ^^^^^^^^^^^^^^^^^^^^^^^^^^^^^^^^^^^^^^^^^^^^^^^^^^^^^^^^^^^^^^^^^^^^^^^^^^^
  3 |
  4 | const chain = [
  5 |   {

https://nextjs.org/docs/messages/module-not-found @ http://localhost:3000/_next/static/chunks/node_modules_next_dist_20ud_8w._.js:2099
[ 2849999ms] [ERROR] ./components/ui/toast.tsx:6:1
Module not found: Can't resolve 'lucide-react'
  4 | import * as ToastPrimitives from "@radix-ui/react-toast"
  5 | import { cva, type VariantProps } from "class-variance-authority"
> 6 | import { X } from "lucide-react"
    | ^^^^^^^^^^^^^^^^^^^^^^^^^^^^^^^^
  7 |
  8 | import { cn } from "@/lib/utils"
  9 |

Import traces:
  Client Component Browser:
    ./components/ui/toast.tsx [Client Component Browser]
    ./components/ui/toaster.tsx [Client Component Browser]
    ./components/ui/toaster.tsx [Server Component]
    ./app/layout.tsx [Server Component]

  Client Component SSR:
    ./components/ui/toast.tsx [Client Component SSR]
    ./components/ui/toaster.tsx [Client Component SSR]
    ./components/ui/toaster.tsx [Server Component]
    ./app/layout.tsx [Server Component]

https://nextjs.org/docs/messages/module-not-found @ http://localhost:3000/_next/static/chunks/node_modules_next_dist_20ud_8w._.js:2099
[ 2849999ms] [ERROR] ./lib/utils.ts:2:1
Module not found: Can't resolve 'tailwind-merge'
  1 | import { type ClassValue, clsx } from "clsx"
> 2 | import { twMerge } from "tailwind-merge"
    | ^^^^^^^^^^^^^^^^^^^^^^^^^^^^^^^^^^^^^^^^
  3 |
  4 | export function cn(...inputs: ClassValue[]) {
  5 |   return twMerge(clsx(inputs))

Import traces:
  Client Component Browser:
    ./lib/utils.ts [Client Component Browser]
    ./components/ui/toast.tsx [Client Component Browser]
    ./components/ui/toaster.tsx [Client Component Browser]
    ./components/ui/toaster.tsx [Server Component]
    ./app/layout.tsx [Server Component]

  Client Component SSR:
    ./lib/utils.ts [Client Component SSR]
    ./components/ui/toast.tsx [Client Component SSR]
    ./components/ui/toaster.tsx [Client Component SSR]
    ./components/ui/toaster.tsx [Server Component]
    ./app/layout.tsx [Server Component]

https://nextjs.org/docs/messages/module-not-found @ http://localhost:3000/_next/static/chunks/node_modules_next_dist_20ud_8w._.js:2099
[ 2850048ms] [ERROR] ./app/globals.css
Error evaluating Node.js code
CssSyntaxError: tailwindcss: C:\Users\Lenovo\Desktop\线下黑客松\frontend\app\globals.css:1:1: Can't resolve 'tw-animate-css' in 'C:\Users\Lenovo\Desktop\线下黑客松\frontend\app'
    [at Input.error (turbopack:///[project]/node_modules/postcss/lib/input.js:135:16)]
    [at Root.error (turbopack:///[project]/node_modules/postcss/lib/node.js:166:32)]
    [at Object.Once (C:\Users\Lenovo\Desktop\线下黑客松\frontend\node_modules\@tailwindcss\postcss\dist\index.js:10:7013)]
    [at process.processTicksAndRejections (node:internal/process/task_queues:104:5)]
    [at async LazyResult.runAsync (turbopack:///[project]/node_modules/postcss/lib/lazy-result.js:299:11)]
    [at async transform (turbopack:///[turbopack-node]/transforms/postcss.ts:70:34)]
    [at async run (turbopack:///[turbopack-node]/child_process/evaluate.ts:89:23)]

Import trace:
  Client Component Browser:
    ./app/globals.css [Client Component Browser]
    ./app/layout.tsx [Server Component] @ http://localhost:3000/_next/static/chunks/node_modules_next_dist_20ud_8w._.js:2099
[ 2850049ms] [ERROR] ./components/ui/toast.tsx:4:1
Module not found: Can't resolve '@radix-ui/react-toast'
  2 |
  3 | import * as React from "react"
> 4 | import * as ToastPrimitives from "@radix-ui/react-toast"
    | ^^^^^^^^^^^^^^^^^^^^^^^^^^^^^^^^^^^^^^^^^^^^^^^^^^^^^^^^
  5 | import { cva, type VariantProps } from "class-variance-authority"
  6 | import { X } from "lucide-react"
  7 |

Import traces:
  Client Component Browser:
    ./components/ui/toast.tsx [Client Component Browser]
    ./components/ui/toaster.tsx [Client Component Browser]
    ./components/ui/toaster.tsx [Server Component]
    ./app/layout.tsx [Server Component]

  Client Component SSR:
    ./components/ui/toast.tsx [Client Component SSR]
    ./components/ui/toaster.tsx [Client Component SSR]
    ./components/ui/toaster.tsx [Server Component]
    ./app/layout.tsx [Server Component]

https://nextjs.org/docs/messages/module-not-found @ http://localhost:3000/_next/static/chunks/node_modules_next_dist_20ud_8w._.js:2099
[ 2850049ms] [ERROR] ./components/ui/toast.tsx:5:1
Module not found: Can't resolve 'class-variance-authority'
  3 | import * as React from "react"
  4 | import * as ToastPrimitives from "@radix-ui/react-toast"
> 5 | import { cva, type VariantProps } from "class-variance-authority"
    | ^^^^^^^^^^^^^^^^^^^^^^^^^^^^^^^^^^^^^^^^^^^^^^^^^^^^^^^^^^^^^^^^^
  6 | import { X } from "lucide-react"
  7 |
  8 | import { cn } from "@/lib/utils"

Import traces:
  Client Component Browser:
    ./components/ui/toast.tsx [Client Component Browser]
    ./components/ui/toaster.tsx [Client Component Browser]
    ./components/ui/toaster.tsx [Server Component]
    ./app/layout.tsx [Server Component]

  Client Component SSR:
    ./components/ui/toast.tsx [Client Component SSR]
    ./components/ui/toaster.tsx [Client Component SSR]
    ./components/ui/toaster.tsx [Server Component]
    ./app/layout.tsx [Server Component]

https://nextjs.org/docs/messages/module-not-found @ http://localhost:3000/_next/static/chunks/node_modules_next_dist_20ud_8w._.js:2099
[ 2850049ms] [ERROR] ./lib/utils.ts:1:1
Module not found: Can't resolve 'clsx'
> 1 | import { type ClassValue, clsx } from "clsx"
    | ^^^^^^^^^^^^^^^^^^^^^^^^^^^^^^^^^^^^^^^^^^^^
  2 | import { twMerge } from "tailwind-merge"
  3 |
  4 | export function cn(...inputs: ClassValue[]) {

Import traces:
  Client Component Browser:
    ./lib/utils.ts [Client Component Browser]
    ./components/ui/toast.tsx [Client Component Browser]
    ./components/ui/toaster.tsx [Client Component Browser]
    ./components/ui/toaster.tsx [Server Component]
    ./app/layout.tsx [Server Component]

  Client Component SSR:
    ./lib/utils.ts [Client Component SSR]
    ./components/ui/toast.tsx [Client Component SSR]
    ./components/ui/toaster.tsx [Client Component SSR]
    ./components/ui/toaster.tsx [Server Component]
    ./app/layout.tsx [Server Component]

https://nextjs.org/docs/messages/module-not-found @ http://localhost:3000/_next/static/chunks/node_modules_next_dist_20ud_8w._.js:2099
[ 2850050ms] [ERROR] ./app/page.tsx:2:1
Module not found: Can't resolve 'lucide-react'
  1 | import Link from "next/link"
> 2 | import { ArrowRight, FileText, GitPullRequest, Share2 } from "lucide-react"
    | ^^^^^^^^^^^^^^^^^^^^^^^^^^^^^^^^^^^^^^^^^^^^^^^^^^^^^^^^^^^^^^^^^^^^^^^^^^^
  3 |
  4 | const chain = [
  5 |   {

https://nextjs.org/docs/messages/module-not-found @ http://localhost:3000/_next/static/chunks/node_modules_next_dist_20ud_8w._.js:2099
[ 2850050ms] [ERROR] ./components/ui/toast.tsx:6:1
Module not found: Can't resolve 'lucide-react'
  4 | import * as ToastPrimitives from "@radix-ui/react-toast"
  5 | import { cva, type VariantProps } from "class-variance-authority"
> 6 | import { X } from "lucide-react"
    | ^^^^^^^^^^^^^^^^^^^^^^^^^^^^^^^^
  7 |
  8 | import { cn } from "@/lib/utils"
  9 |

Import traces:
  Client Component Browser:
    ./components/ui/toast.tsx [Client Component Browser]
    ./components/ui/toaster.tsx [Client Component Browser]
    ./components/ui/toaster.tsx [Server Component]
    ./app/layout.tsx [Server Component]

  Client Component SSR:
    ./components/ui/toast.tsx [Client Component SSR]
    ./components/ui/toaster.tsx [Client Component SSR]
    ./components/ui/toaster.tsx [Server Component]
    ./app/layout.tsx [Server Component]

https://nextjs.org/docs/messages/module-not-found @ http://localhost:3000/_next/static/chunks/node_modules_next_dist_20ud_8w._.js:2099
[ 2850050ms] [ERROR] ./lib/utils.ts:2:1
Module not found: Can't resolve 'tailwind-merge'
  1 | import { type ClassValue, clsx } from "clsx"
> 2 | import { twMerge } from "tailwind-merge"
    | ^^^^^^^^^^^^^^^^^^^^^^^^^^^^^^^^^^^^^^^^
  3 |
  4 | export function cn(...inputs: ClassValue[]) {
  5 |   return twMerge(clsx(inputs))

Import traces:
  Client Component Browser:
    ./lib/utils.ts [Client Component Browser]
    ./components/ui/toast.tsx [Client Component Browser]
    ./components/ui/toaster.tsx [Client Component Browser]
    ./components/ui/toaster.tsx [Server Component]
    ./app/layout.tsx [Server Component]

  Client Component SSR:
    ./lib/utils.ts [Client Component SSR]
    ./components/ui/toast.tsx [Client Component SSR]
    ./components/ui/toaster.tsx [Client Component SSR]
    ./components/ui/toaster.tsx [Server Component]
    ./app/layout.tsx [Server Component]

https://nextjs.org/docs/messages/module-not-found @ http://localhost:3000/_next/static/chunks/node_modules_next_dist_20ud_8w._.js:2099
[ 2850154ms] [LOG] [Fast Refresh] rebuilding @ http://localhost:3000/_next/static/chunks/node_modules_next_dist_20ud_8w._.js:1380
[ 2850158ms] [ERROR] ./app/globals.css
Error evaluating Node.js code
CssSyntaxError: tailwindcss: C:\Users\Lenovo\Desktop\线下黑客松\frontend\app\globals.css:1:1: Can't resolve 'tw-animate-css' in 'C:\Users\Lenovo\Desktop\线下黑客松\frontend\app'
    [at Input.error (turbopack:///[project]/node_modules/postcss/lib/input.js:135:16)]
    [at Root.error (turbopack:///[project]/node_modules/postcss/lib/node.js:166:32)]
    [at Object.Once (C:\Users\Lenovo\Desktop\线下黑客松\frontend\node_modules\@tailwindcss\postcss\dist\index.js:10:7013)]
    [at process.processTicksAndRejections (node:internal/process/task_queues:104:5)]
    [at async LazyResult.runAsync (turbopack:///[project]/node_modules/postcss/lib/lazy-result.js:299:11)]
    [at async transform (turbopack:///[turbopack-node]/transforms/postcss.ts:70:34)]
    [at async run (turbopack:///[turbopack-node]/child_process/evaluate.ts:89:23)]

Import trace:
  Client Component Browser:
    ./app/globals.css [Client Component Browser]
    ./app/layout.tsx [Server Component] @ http://localhost:3000/_next/static/chunks/node_modules_next_dist_20ud_8w._.js:2099
[ 2850159ms] [ERROR] ./components/ui/toast.tsx:4:1
Module not found: Can't resolve '@radix-ui/react-toast'
  2 |
  3 | import * as React from "react"
> 4 | import * as ToastPrimitives from "@radix-ui/react-toast"
    | ^^^^^^^^^^^^^^^^^^^^^^^^^^^^^^^^^^^^^^^^^^^^^^^^^^^^^^^^
  5 | import { cva, type VariantProps } from "class-variance-authority"
  6 | import { X } from "lucide-react"
  7 |

Import traces:
  Client Component Browser:
    ./components/ui/toast.tsx [Client Component Browser]
    ./components/ui/toaster.tsx [Client Component Browser]
    ./components/ui/toaster.tsx [Server Component]
    ./app/layout.tsx [Server Component]

  Client Component SSR:
    ./components/ui/toast.tsx [Client Component SSR]
    ./components/ui/toaster.tsx [Client Component SSR]
    ./components/ui/toaster.tsx [Server Component]
    ./app/layout.tsx [Server Component]

https://nextjs.org/docs/messages/module-not-found @ http://localhost:3000/_next/static/chunks/node_modules_next_dist_20ud_8w._.js:2099
[ 2850159ms] [ERROR] ./components/ui/toast.tsx:5:1
Module not found: Can't resolve 'class-variance-authority'
  3 | import * as React from "react"
  4 | import * as ToastPrimitives from "@radix-ui/react-toast"
> 5 | import { cva, type VariantProps } from "class-variance-authority"
    | ^^^^^^^^^^^^^^^^^^^^^^^^^^^^^^^^^^^^^^^^^^^^^^^^^^^^^^^^^^^^^^^^^
  6 | import { X } from "lucide-react"
  7 |
  8 | import { cn } from "@/lib/utils"

Import traces:
  Client Component Browser:
    ./components/ui/toast.tsx [Client Component Browser]
    ./components/ui/toaster.tsx [Client Component Browser]
    ./components/ui/toaster.tsx [Server Component]
    ./app/layout.tsx [Server Component]

  Client Component SSR:
    ./components/ui/toast.tsx [Client Component SSR]
    ./components/ui/toaster.tsx [Client Component SSR]
    ./components/ui/toaster.tsx [Server Component]
    ./app/layout.tsx [Server Component]

https://nextjs.org/docs/messages/module-not-found @ http://localhost:3000/_next/static/chunks/node_modules_next_dist_20ud_8w._.js:2099
[ 2850159ms] [ERROR] ./lib/utils.ts:1:1
Module not found: Can't resolve 'clsx'
> 1 | import { type ClassValue, clsx } from "clsx"
    | ^^^^^^^^^^^^^^^^^^^^^^^^^^^^^^^^^^^^^^^^^^^^
  2 | import { twMerge } from "tailwind-merge"
  3 |
  4 | export function cn(...inputs: ClassValue[]) {

Import traces:
  Client Component Browser:
    ./lib/utils.ts [Client Component Browser]
    ./components/ui/toast.tsx [Client Component Browser]
    ./components/ui/toaster.tsx [Client Component Browser]
    ./components/ui/toaster.tsx [Server Component]
    ./app/layout.tsx [Server Component]

  Client Component SSR:
    ./lib/utils.ts [Client Component SSR]
    ./components/ui/toast.tsx [Client Component SSR]
    ./components/ui/toaster.tsx [Client Component SSR]
    ./components/ui/toaster.tsx [Server Component]
    ./app/layout.tsx [Server Component]

https://nextjs.org/docs/messages/module-not-found @ http://localhost:3000/_next/static/chunks/node_modules_next_dist_20ud_8w._.js:2099
[ 2850159ms] [ERROR] ./app/page.tsx:2:1
Module not found: Can't resolve 'lucide-react'
  1 | import Link from "next/link"
> 2 | import { ArrowRight, FileText, GitPullRequest, Share2 } from "lucide-react"
    | ^^^^^^^^^^^^^^^^^^^^^^^^^^^^^^^^^^^^^^^^^^^^^^^^^^^^^^^^^^^^^^^^^^^^^^^^^^^
  3 |
  4 | const chain = [
  5 |   {

https://nextjs.org/docs/messages/module-not-found @ http://localhost:3000/_next/static/chunks/node_modules_next_dist_20ud_8w._.js:2099
[ 2850160ms] [ERROR] ./components/ui/toast.tsx:6:1
Module not found: Can't resolve 'lucide-react'
  4 | import * as ToastPrimitives from "@radix-ui/react-toast"
  5 | import { cva, type VariantProps } from "class-variance-authority"
> 6 | import { X } from "lucide-react"
    | ^^^^^^^^^^^^^^^^^^^^^^^^^^^^^^^^
  7 |
  8 | import { cn } from "@/lib/utils"
  9 |

Import traces:
  Client Component Browser:
    ./components/ui/toast.tsx [Client Component Browser]
    ./components/ui/toaster.tsx [Client Component Browser]
    ./components/ui/toaster.tsx [Server Component]
    ./app/layout.tsx [Server Component]

  Client Component SSR:
    ./components/ui/toast.tsx [Client Component SSR]
    ./components/ui/toaster.tsx [Client Component SSR]
    ./components/ui/toaster.tsx [Server Component]
    ./app/layout.tsx [Server Component]

https://nextjs.org/docs/messages/module-not-found @ http://localhost:3000/_next/static/chunks/node_modules_next_dist_20ud_8w._.js:2099
[ 2850160ms] [ERROR] ./lib/utils.ts:2:1
Module not found: Can't resolve 'tailwind-merge'
  1 | import { type ClassValue, clsx } from "clsx"
> 2 | import { twMerge } from "tailwind-merge"
    | ^^^^^^^^^^^^^^^^^^^^^^^^^^^^^^^^^^^^^^^^
  3 |
  4 | export function cn(...inputs: ClassValue[]) {
  5 |   return twMerge(clsx(inputs))

Import traces:
  Client Component Browser:
    ./lib/utils.ts [Client Component Browser]
    ./components/ui/toast.tsx [Client Component Browser]
    ./components/ui/toaster.tsx [Client Component Browser]
    ./components/ui/toaster.tsx [Server Component]
    ./app/layout.tsx [Server Component]

  Client Component SSR:
    ./lib/utils.ts [Client Component SSR]
    ./components/ui/toast.tsx [Client Component SSR]
    ./components/ui/toaster.tsx [Client Component SSR]
    ./components/ui/toaster.tsx [Server Component]
    ./app/layout.tsx [Server Component]

https://nextjs.org/docs/messages/module-not-found @ http://localhost:3000/_next/static/chunks/node_modules_next_dist_20ud_8w._.js:2099
[ 2850236ms] [ERROR] ./app/globals.css
Error evaluating Node.js code
CssSyntaxError: tailwindcss: C:\Users\Lenovo\Desktop\线下黑客松\frontend\app\globals.css:1:1: Can't resolve 'tw-animate-css' in 'C:\Users\Lenovo\Desktop\线下黑客松\frontend\app'
    [at Input.error (turbopack:///[project]/node_modules/postcss/lib/input.js:135:16)]
    [at Root.error (turbopack:///[project]/node_modules/postcss/lib/node.js:166:32)]
    [at Object.Once (C:\Users\Lenovo\Desktop\线下黑客松\frontend\node_modules\@tailwindcss\postcss\dist\index.js:10:7013)]
    [at process.processTicksAndRejections (node:internal/process/task_queues:104:5)]
    [at async LazyResult.runAsync (turbopack:///[project]/node_modules/postcss/lib/lazy-result.js:299:11)]
    [at async transform (turbopack:///[turbopack-node]/transforms/postcss.ts:70:34)]
    [at async run (turbopack:///[turbopack-node]/child_process/evaluate.ts:89:23)]

Import trace:
  Client Component Browser:
    ./app/globals.css [Client Component Browser]
    ./app/layout.tsx [Server Component] @ http://localhost:3000/_next/static/chunks/node_modules_next_dist_20ud_8w._.js:2099
[ 2850236ms] [ERROR] ./components/ui/toast.tsx:4:1
Module not found: Can't resolve '@radix-ui/react-toast'
  2 |
  3 | import * as React from "react"
> 4 | import * as ToastPrimitives from "@radix-ui/react-toast"
    | ^^^^^^^^^^^^^^^^^^^^^^^^^^^^^^^^^^^^^^^^^^^^^^^^^^^^^^^^
  5 | import { cva, type VariantProps } from "class-variance-authority"
  6 | import { X } from "lucide-react"
  7 |

Import traces:
  Client Component Browser:
    ./components/ui/toast.tsx [Client Component Browser]
    ./components/ui/toaster.tsx [Client Component Browser]
    ./components/ui/toaster.tsx [Server Component]
    ./app/layout.tsx [Server Component]

  Client Component SSR:
    ./components/ui/toast.tsx [Client Component SSR]
    ./components/ui/toaster.tsx [Client Component SSR]
    ./components/ui/toaster.tsx [Server Component]
    ./app/layout.tsx [Server Component]

https://nextjs.org/docs/messages/module-not-found @ http://localhost:3000/_next/static/chunks/node_modules_next_dist_20ud_8w._.js:2099
[ 2850237ms] [ERROR] ./components/ui/toast.tsx:5:1
Module not found: Can't resolve 'class-variance-authority'
  3 | import * as React from "react"
  4 | import * as ToastPrimitives from "@radix-ui/react-toast"
> 5 | import { cva, type VariantProps } from "class-variance-authority"
    | ^^^^^^^^^^^^^^^^^^^^^^^^^^^^^^^^^^^^^^^^^^^^^^^^^^^^^^^^^^^^^^^^^
  6 | import { X } from "lucide-react"
  7 |
  8 | import { cn } from "@/lib/utils"

Import traces:
  Client Component Browser:
    ./components/ui/toast.tsx [Client Component Browser]
    ./components/ui/toaster.tsx [Client Component Browser]
    ./components/ui/toaster.tsx [Server Component]
    ./app/layout.tsx [Server Component]

  Client Component SSR:
    ./components/ui/toast.tsx [Client Component SSR]
    ./components/ui/toaster.tsx [Client Component SSR]
    ./components/ui/toaster.tsx [Server Component]
    ./app/layout.tsx [Server Component]

https://nextjs.org/docs/messages/module-not-found @ http://localhost:3000/_next/static/chunks/node_modules_next_dist_20ud_8w._.js:2099
[ 2850237ms] [ERROR] ./lib/utils.ts:1:1
Module not found: Can't resolve 'clsx'
> 1 | import { type ClassValue, clsx } from "clsx"
    | ^^^^^^^^^^^^^^^^^^^^^^^^^^^^^^^^^^^^^^^^^^^^
  2 | import { twMerge } from "tailwind-merge"
  3 |
  4 | export function cn(...inputs: ClassValue[]) {

Import traces:
  Client Component Browser:
    ./lib/utils.ts [Client Component Browser]
    ./components/ui/toast.tsx [Client Component Browser]
    ./components/ui/toaster.tsx [Client Component Browser]
    ./components/ui/toaster.tsx [Server Component]
    ./app/layout.tsx [Server Component]

  Client Component SSR:
    ./lib/utils.ts [Client Component SSR]
    ./components/ui/toast.tsx [Client Component SSR]
    ./components/ui/toaster.tsx [Client Component SSR]
    ./components/ui/toaster.tsx [Server Component]
    ./app/layout.tsx [Server Component]

https://nextjs.org/docs/messages/module-not-found @ http://localhost:3000/_next/static/chunks/node_modules_next_dist_20ud_8w._.js:2099
[ 2850237ms] [ERROR] ./app/page.tsx:2:1
Module not found: Can't resolve 'lucide-react'
  1 | import Link from "next/link"
> 2 | import { ArrowRight, FileText, GitPullRequest, Share2 } from "lucide-react"
    | ^^^^^^^^^^^^^^^^^^^^^^^^^^^^^^^^^^^^^^^^^^^^^^^^^^^^^^^^^^^^^^^^^^^^^^^^^^^
  3 |
  4 | const chain = [
  5 |   {

https://nextjs.org/docs/messages/module-not-found @ http://localhost:3000/_next/static/chunks/node_modules_next_dist_20ud_8w._.js:2099
[ 2850237ms] [ERROR] ./components/ui/toast.tsx:6:1
Module not found: Can't resolve 'lucide-react'
  4 | import * as ToastPrimitives from "@radix-ui/react-toast"
  5 | import { cva, type VariantProps } from "class-variance-authority"
> 6 | import { X } from "lucide-react"
    | ^^^^^^^^^^^^^^^^^^^^^^^^^^^^^^^^
  7 |
  8 | import { cn } from "@/lib/utils"
  9 |

Import traces:
  Client Component Browser:
    ./components/ui/toast.tsx [Client Component Browser]
    ./components/ui/toaster.tsx [Client Component Browser]
    ./components/ui/toaster.tsx [Server Component]
    ./app/layout.tsx [Server Component]

  Client Component SSR:
    ./components/ui/toast.tsx [Client Component SSR]
    ./components/ui/toaster.tsx [Client Component SSR]
    ./components/ui/toaster.tsx [Server Component]
    ./app/layout.tsx [Server Component]

https://nextjs.org/docs/messages/module-not-found @ http://localhost:3000/_next/static/chunks/node_modules_next_dist_20ud_8w._.js:2099
[ 2850238ms] [ERROR] ./lib/utils.ts:2:1
Module not found: Can't resolve 'tailwind-merge'
  1 | import { type ClassValue, clsx } from "clsx"
> 2 | import { twMerge } from "tailwind-merge"
    | ^^^^^^^^^^^^^^^^^^^^^^^^^^^^^^^^^^^^^^^^
  3 |
  4 | export function cn(...inputs: ClassValue[]) {
  5 |   return twMerge(clsx(inputs))

Import traces:
  Client Component Browser:
    ./lib/utils.ts [Client Component Browser]
    ./components/ui/toast.tsx [Client Component Browser]
    ./components/ui/toaster.tsx [Client Component Browser]
    ./components/ui/toaster.tsx [Server Component]
    ./app/layout.tsx [Server Component]

  Client Component SSR:
    ./lib/utils.ts [Client Component SSR]
    ./components/ui/toast.tsx [Client Component SSR]
    ./components/ui/toaster.tsx [Client Component SSR]
    ./components/ui/toaster.tsx [Server Component]
    ./app/layout.tsx [Server Component]

https://nextjs.org/docs/messages/module-not-found @ http://localhost:3000/_next/static/chunks/node_modules_next_dist_20ud_8w._.js:2099
[ 2850265ms] [LOG] [Fast Refresh] rebuilding @ http://localhost:3000/_next/static/chunks/node_modules_next_dist_20ud_8w._.js:1380
[ 2850630ms] [ERROR] ./app/globals.css
Error evaluating Node.js code
CssSyntaxError: tailwindcss: C:\Users\Lenovo\Desktop\线下黑客松\frontend\app\globals.css:1:1: Can't resolve 'tw-animate-css' in 'C:\Users\Lenovo\Desktop\线下黑客松\frontend\app'
    [at Input.error (turbopack:///[project]/node_modules/postcss/lib/input.js:135:16)]
    [at Root.error (turbopack:///[project]/node_modules/postcss/lib/node.js:166:32)]
    [at Object.Once (C:\Users\Lenovo\Desktop\线下黑客松\frontend\node_modules\@tailwindcss\postcss\dist\index.js:10:7013)]
    [at process.processTicksAndRejections (node:internal/process/task_queues:104:5)]
    [at async LazyResult.runAsync (turbopack:///[project]/node_modules/postcss/lib/lazy-result.js:299:11)]
    [at async transform (turbopack:///[turbopack-node]/transforms/postcss.ts:70:34)]
    [at async run (turbopack:///[turbopack-node]/child_process/evaluate.ts:89:23)]

Import trace:
  Client Component Browser:
    ./app/globals.css [Client Component Browser]
    ./app/layout.tsx [Server Component] @ http://localhost:3000/_next/static/chunks/node_modules_next_dist_20ud_8w._.js:2099
[ 2850631ms] [ERROR] ./components/ui/toast.tsx:4:1
Module not found: Can't resolve '@radix-ui/react-toast'
  2 |
  3 | import * as React from "react"
> 4 | import * as ToastPrimitives from "@radix-ui/react-toast"
    | ^^^^^^^^^^^^^^^^^^^^^^^^^^^^^^^^^^^^^^^^^^^^^^^^^^^^^^^^
  5 | import { cva, type VariantProps } from "class-variance-authority"
  6 | import { X } from "lucide-react"
  7 |

Import traces:
  Client Component Browser:
    ./components/ui/toast.tsx [Client Component Browser]
    ./components/ui/toaster.tsx [Client Component Browser]
    ./components/ui/toaster.tsx [Server Component]
    ./app/layout.tsx [Server Component]

  Client Component SSR:
    ./components/ui/toast.tsx [Client Component SSR]
    ./components/ui/toaster.tsx [Client Component SSR]
    ./components/ui/toaster.tsx [Server Component]
    ./app/layout.tsx [Server Component]

https://nextjs.org/docs/messages/module-not-found @ http://localhost:3000/_next/static/chunks/node_modules_next_dist_20ud_8w._.js:2099
[ 2850631ms] [ERROR] ./components/ui/toast.tsx:5:1
Module not found: Can't resolve 'class-variance-authority'
  3 | import * as React from "react"
  4 | import * as ToastPrimitives from "@radix-ui/react-toast"
> 5 | import { cva, type VariantProps } from "class-variance-authority"
    | ^^^^^^^^^^^^^^^^^^^^^^^^^^^^^^^^^^^^^^^^^^^^^^^^^^^^^^^^^^^^^^^^^
  6 | import { X } from "lucide-react"
  7 |
  8 | import { cn } from "@/lib/utils"

Import traces:
  Client Component Browser:
    ./components/ui/toast.tsx [Client Component Browser]
    ./components/ui/toaster.tsx [Client Component Browser]
    ./components/ui/toaster.tsx [Server Component]
    ./app/layout.tsx [Server Component]

  Client Component SSR:
    ./components/ui/toast.tsx [Client Component SSR]
    ./components/ui/toaster.tsx [Client Component SSR]
    ./components/ui/toaster.tsx [Server Component]
    ./app/layout.tsx [Server Component]

https://nextjs.org/docs/messages/module-not-found @ http://localhost:3000/_next/static/chunks/node_modules_next_dist_20ud_8w._.js:2099
[ 2850631ms] [ERROR] ./lib/utils.ts:1:1
Module not found: Can't resolve 'clsx'
> 1 | import { type ClassValue, clsx } from "clsx"
    | ^^^^^^^^^^^^^^^^^^^^^^^^^^^^^^^^^^^^^^^^^^^^
  2 | import { twMerge } from "tailwind-merge"
  3 |
  4 | export function cn(...inputs: ClassValue[]) {

Import traces:
  Client Component Browser:
    ./lib/utils.ts [Client Component Browser]
    ./components/ui/toast.tsx [Client Component Browser]
    ./components/ui/toaster.tsx [Client Component Browser]
    ./components/ui/toaster.tsx [Server Component]
    ./app/layout.tsx [Server Component]

  Client Component SSR:
    ./lib/utils.ts [Client Component SSR]
    ./components/ui/toast.tsx [Client Component SSR]
    ./components/ui/toaster.tsx [Client Component SSR]
    ./components/ui/toaster.tsx [Server Component]
    ./app/layout.tsx [Server Component]

https://nextjs.org/docs/messages/module-not-found @ http://localhost:3000/_next/static/chunks/node_modules_next_dist_20ud_8w._.js:2099
[ 2850631ms] [ERROR] ./app/page.tsx:2:1
Module not found: Can't resolve 'lucide-react'
  1 | import Link from "next/link"
> 2 | import { ArrowRight, FileText, GitPullRequest, Share2 } from "lucide-react"
    | ^^^^^^^^^^^^^^^^^^^^^^^^^^^^^^^^^^^^^^^^^^^^^^^^^^^^^^^^^^^^^^^^^^^^^^^^^^^
  3 |
  4 | const chain = [
  5 |   {

https://nextjs.org/docs/messages/module-not-found @ http://localhost:3000/_next/static/chunks/node_modules_next_dist_20ud_8w._.js:2099
[ 2850631ms] [ERROR] ./components/ui/toast.tsx:6:1
Module not found: Can't resolve 'lucide-react'
  4 | import * as ToastPrimitives from "@radix-ui/react-toast"
  5 | import { cva, type VariantProps } from "class-variance-authority"
> 6 | import { X } from "lucide-react"
    | ^^^^^^^^^^^^^^^^^^^^^^^^^^^^^^^^
  7 |
  8 | import { cn } from "@/lib/utils"
  9 |

Import traces:
  Client Component Browser:
    ./components/ui/toast.tsx [Client Component Browser]
    ./components/ui/toaster.tsx [Client Component Browser]
    ./components/ui/toaster.tsx [Server Component]
    ./app/layout.tsx [Server Component]

  Client Component SSR:
    ./components/ui/toast.tsx [Client Component SSR]
    ./components/ui/toaster.tsx [Client Component SSR]
    ./components/ui/toaster.tsx [Server Component]
    ./app/layout.tsx [Server Component]

https://nextjs.org/docs/messages/module-not-found @ http://localhost:3000/_next/static/chunks/node_modules_next_dist_20ud_8w._.js:2099
[ 2850631ms] [ERROR] ./lib/utils.ts:2:1
Module not found: Can't resolve 'tailwind-merge'
  1 | import { type ClassValue, clsx } from "clsx"
> 2 | import { twMerge } from "tailwind-merge"
    | ^^^^^^^^^^^^^^^^^^^^^^^^^^^^^^^^^^^^^^^^
  3 |
  4 | export function cn(...inputs: ClassValue[]) {
  5 |   return twMerge(clsx(inputs))

Import traces:
  Client Component Browser:
    ./lib/utils.ts [Client Component Browser]
    ./components/ui/toast.tsx [Client Component Browser]
    ./components/ui/toaster.tsx [Client Component Browser]
    ./components/ui/toaster.tsx [Server Component]
    ./app/layout.tsx [Server Component]

  Client Component SSR:
    ./lib/utils.ts [Client Component SSR]
    ./components/ui/toast.tsx [Client Component SSR]
    ./components/ui/toaster.tsx [Client Component SSR]
    ./components/ui/toaster.tsx [Server Component]
    ./app/layout.tsx [Server Component]

https://nextjs.org/docs/messages/module-not-found @ http://localhost:3000/_next/static/chunks/node_modules_next_dist_20ud_8w._.js:2099
[ 2850663ms] [ERROR] ./app/globals.css
Error evaluating Node.js code
CssSyntaxError: tailwindcss: C:\Users\Lenovo\Desktop\线下黑客松\frontend\app\globals.css:1:1: Can't resolve 'tw-animate-css' in 'C:\Users\Lenovo\Desktop\线下黑客松\frontend\app'
    [at Input.error (turbopack:///[project]/node_modules/postcss/lib/input.js:135:16)]
    [at Root.error (turbopack:///[project]/node_modules/postcss/lib/node.js:166:32)]
    [at Object.Once (C:\Users\Lenovo\Desktop\线下黑客松\frontend\node_modules\@tailwindcss\postcss\dist\index.js:10:7013)]
    [at process.processTicksAndRejections (node:internal/process/task_queues:104:5)]
    [at async LazyResult.runAsync (turbopack:///[project]/node_modules/postcss/lib/lazy-result.js:299:11)]
    [at async transform (turbopack:///[turbopack-node]/transforms/postcss.ts:70:34)]
    [at async run (turbopack:///[turbopack-node]/child_process/evaluate.ts:89:23)]

Import trace:
  Client Component Browser:
    ./app/globals.css [Client Component Browser]
    ./app/layout.tsx [Server Component] @ http://localhost:3000/_next/static/chunks/node_modules_next_dist_20ud_8w._.js:2099
[ 2850663ms] [ERROR] ./components/ui/toast.tsx:4:1
Module not found: Can't resolve '@radix-ui/react-toast'
  2 |
  3 | import * as React from "react"
> 4 | import * as ToastPrimitives from "@radix-ui/react-toast"
    | ^^^^^^^^^^^^^^^^^^^^^^^^^^^^^^^^^^^^^^^^^^^^^^^^^^^^^^^^
  5 | import { cva, type VariantProps } from "class-variance-authority"
  6 | import { X } from "lucide-react"
  7 |

Import traces:
  Client Component Browser:
    ./components/ui/toast.tsx [Client Component Browser]
    ./components/ui/toaster.tsx [Client Component Browser]
    ./components/ui/toaster.tsx [Server Component]
    ./app/layout.tsx [Server Component]

  Client Component SSR:
    ./components/ui/toast.tsx [Client Component SSR]
    ./components/ui/toaster.tsx [Client Component SSR]
    ./components/ui/toaster.tsx [Server Component]
    ./app/layout.tsx [Server Component]

https://nextjs.org/docs/messages/module-not-found @ http://localhost:3000/_next/static/chunks/node_modules_next_dist_20ud_8w._.js:2099
[ 2850663ms] [ERROR] ./components/ui/toast.tsx:5:1
Module not found: Can't resolve 'class-variance-authority'
  3 | import * as React from "react"
  4 | import * as ToastPrimitives from "@radix-ui/react-toast"
> 5 | import { cva, type VariantProps } from "class-variance-authority"
    | ^^^^^^^^^^^^^^^^^^^^^^^^^^^^^^^^^^^^^^^^^^^^^^^^^^^^^^^^^^^^^^^^^
  6 | import { X } from "lucide-react"
  7 |
  8 | import { cn } from "@/lib/utils"

Import traces:
  Client Component Browser:
    ./components/ui/toast.tsx [Client Component Browser]
    ./components/ui/toaster.tsx [Client Component Browser]
    ./components/ui/toaster.tsx [Server Component]
    ./app/layout.tsx [Server Component]

  Client Component SSR:
    ./components/ui/toast.tsx [Client Component SSR]
    ./components/ui/toaster.tsx [Client Component SSR]
    ./components/ui/toaster.tsx [Server Component]
    ./app/layout.tsx [Server Component]

https://nextjs.org/docs/messages/module-not-found @ http://localhost:3000/_next/static/chunks/node_modules_next_dist_20ud_8w._.js:2099
[ 2850664ms] [ERROR] ./lib/utils.ts:1:1
Module not found: Can't resolve 'clsx'
> 1 | import { type ClassValue, clsx } from "clsx"
    | ^^^^^^^^^^^^^^^^^^^^^^^^^^^^^^^^^^^^^^^^^^^^
  2 | import { twMerge } from "tailwind-merge"
  3 |
  4 | export function cn(...inputs: ClassValue[]) {

Import traces:
  Client Component Browser:
    ./lib/utils.ts [Client Component Browser]
    ./components/ui/toast.tsx [Client Component Browser]
    ./components/ui/toaster.tsx [Client Component Browser]
    ./components/ui/toaster.tsx [Server Component]
    ./app/layout.tsx [Server Component]

  Client Component SSR:
    ./lib/utils.ts [Client Component SSR]
    ./components/ui/toast.tsx [Client Component SSR]
    ./components/ui/toaster.tsx [Client Component SSR]
    ./components/ui/toaster.tsx [Server Component]
    ./app/layout.tsx [Server Component]

https://nextjs.org/docs/messages/module-not-found @ http://localhost:3000/_next/static/chunks/node_modules_next_dist_20ud_8w._.js:2099
[ 2850664ms] [ERROR] ./app/page.tsx:2:1
Module not found: Can't resolve 'lucide-react'
  1 | import Link from "next/link"
> 2 | import { ArrowRight, FileText, GitPullRequest, Share2 } from "lucide-react"
    | ^^^^^^^^^^^^^^^^^^^^^^^^^^^^^^^^^^^^^^^^^^^^^^^^^^^^^^^^^^^^^^^^^^^^^^^^^^^
  3 |
  4 | const chain = [
  5 |   {

https://nextjs.org/docs/messages/module-not-found @ http://localhost:3000/_next/static/chunks/node_modules_next_dist_20ud_8w._.js:2099
[ 2850664ms] [ERROR] ./components/ui/toast.tsx:6:1
Module not found: Can't resolve 'lucide-react'
  4 | import * as ToastPrimitives from "@radix-ui/react-toast"
  5 | import { cva, type VariantProps } from "class-variance-authority"
> 6 | import { X } from "lucide-react"
    | ^^^^^^^^^^^^^^^^^^^^^^^^^^^^^^^^
  7 |
  8 | import { cn } from "@/lib/utils"
  9 |

Import traces:
  Client Component Browser:
    ./components/ui/toast.tsx [Client Component Browser]
    ./components/ui/toaster.tsx [Client Component Browser]
    ./components/ui/toaster.tsx [Server Component]
    ./app/layout.tsx [Server Component]

  Client Component SSR:
    ./components/ui/toast.tsx [Client Component SSR]
    ./components/ui/toaster.tsx [Client Component SSR]
    ./components/ui/toaster.tsx [Server Component]
    ./app/layout.tsx [Server Component]

https://nextjs.org/docs/messages/module-not-found @ http://localhost:3000/_next/static/chunks/node_modules_next_dist_20ud_8w._.js:2099
[ 2850665ms] [ERROR] ./lib/utils.ts:2:1
Module not found: Can't resolve 'tailwind-merge'
  1 | import { type ClassValue, clsx } from "clsx"
> 2 | import { twMerge } from "tailwind-merge"
    | ^^^^^^^^^^^^^^^^^^^^^^^^^^^^^^^^^^^^^^^^
  3 |
  4 | export function cn(...inputs: ClassValue[]) {
  5 |   return twMerge(clsx(inputs))

Import traces:
  Client Component Browser:
    ./lib/utils.ts [Client Component Browser]
    ./components/ui/toast.tsx [Client Component Browser]
    ./components/ui/toaster.tsx [Client Component Browser]
    ./components/ui/toaster.tsx [Server Component]
    ./app/layout.tsx [Server Component]

  Client Component SSR:
    ./lib/utils.ts [Client Component SSR]
    ./components/ui/toast.tsx [Client Component SSR]
    ./components/ui/toaster.tsx [Client Component SSR]
    ./components/ui/toaster.tsx [Server Component]
    ./app/layout.tsx [Server Component]

https://nextjs.org/docs/messages/module-not-found @ http://localhost:3000/_next/static/chunks/node_modules_next_dist_20ud_8w._.js:2099
[ 2850706ms] [ERROR] ./app/globals.css
Error evaluating Node.js code
CssSyntaxError: tailwindcss: C:\Users\Lenovo\Desktop\线下黑客松\frontend\app\globals.css:1:1: Can't resolve 'tw-animate-css' in 'C:\Users\Lenovo\Desktop\线下黑客松\frontend\app'
    [at Input.error (turbopack:///[project]/node_modules/postcss/lib/input.js:135:16)]
    [at Root.error (turbopack:///[project]/node_modules/postcss/lib/node.js:166:32)]
    [at Object.Once (C:\Users\Lenovo\Desktop\线下黑客松\frontend\node_modules\@tailwindcss\postcss\dist\index.js:10:7013)]
    [at process.processTicksAndRejections (node:internal/process/task_queues:104:5)]
    [at async LazyResult.runAsync (turbopack:///[project]/node_modules/postcss/lib/lazy-result.js:299:11)]
    [at async transform (turbopack:///[turbopack-node]/transforms/postcss.ts:70:34)]
    [at async run (turbopack:///[turbopack-node]/child_process/evaluate.ts:89:23)]

Import trace:
  Client Component Browser:
    ./app/globals.css [Client Component Browser]
    ./app/layout.tsx [Server Component] @ http://localhost:3000/_next/static/chunks/node_modules_next_dist_20ud_8w._.js:2099
[ 2850706ms] [ERROR] ./components/ui/toast.tsx:4:1
Module not found: Can't resolve '@radix-ui/react-toast'
  2 |
  3 | import * as React from "react"
> 4 | import * as ToastPrimitives from "@radix-ui/react-toast"
    | ^^^^^^^^^^^^^^^^^^^^^^^^^^^^^^^^^^^^^^^^^^^^^^^^^^^^^^^^
  5 | import { cva, type VariantProps } from "class-variance-authority"
  6 | import { X } from "lucide-react"
  7 |

Import traces:
  Client Component Browser:
    ./components/ui/toast.tsx [Client Component Browser]
    ./components/ui/toaster.tsx [Client Component Browser]
    ./components/ui/toaster.tsx [Server Component]
    ./app/layout.tsx [Server Component]

  Client Component SSR:
    ./components/ui/toast.tsx [Client Component SSR]
    ./components/ui/toaster.tsx [Client Component SSR]
    ./components/ui/toaster.tsx [Server Component]
    ./app/layout.tsx [Server Component]

https://nextjs.org/docs/messages/module-not-found @ http://localhost:3000/_next/static/chunks/node_modules_next_dist_20ud_8w._.js:2099
[ 2850706ms] [ERROR] ./components/ui/toast.tsx:5:1
Module not found: Can't resolve 'class-variance-authority'
  3 | import * as React from "react"
  4 | import * as ToastPrimitives from "@radix-ui/react-toast"
> 5 | import { cva, type VariantProps } from "class-variance-authority"
    | ^^^^^^^^^^^^^^^^^^^^^^^^^^^^^^^^^^^^^^^^^^^^^^^^^^^^^^^^^^^^^^^^^
  6 | import { X } from "lucide-react"
  7 |
  8 | import { cn } from "@/lib/utils"

Import traces:
  Client Component Browser:
    ./components/ui/toast.tsx [Client Component Browser]
    ./components/ui/toaster.tsx [Client Component Browser]
    ./components/ui/toaster.tsx [Server Component]
    ./app/layout.tsx [Server Component]

  Client Component SSR:
    ./components/ui/toast.tsx [Client Component SSR]
    ./components/ui/toaster.tsx [Client Component SSR]
    ./components/ui/toaster.tsx [Server Component]
    ./app/layout.tsx [Server Component]

https://nextjs.org/docs/messages/module-not-found @ http://localhost:3000/_next/static/chunks/node_modules_next_dist_20ud_8w._.js:2099
[ 2850706ms] [ERROR] ./lib/utils.ts:1:1
Module not found: Can't resolve 'clsx'
> 1 | import { type ClassValue, clsx } from "clsx"
    | ^^^^^^^^^^^^^^^^^^^^^^^^^^^^^^^^^^^^^^^^^^^^
  2 | import { twMerge } from "tailwind-merge"
  3 |
  4 | export function cn(...inputs: ClassValue[]) {

Import traces:
  Client Component Browser:
    ./lib/utils.ts [Client Component Browser]
    ./components/ui/toast.tsx [Client Component Browser]
    ./components/ui/toaster.tsx [Client Component Browser]
    ./components/ui/toaster.tsx [Server Component]
    ./app/layout.tsx [Server Component]

  Client Component SSR:
    ./lib/utils.ts [Client Component SSR]
    ./components/ui/toast.tsx [Client Component SSR]
    ./components/ui/toaster.tsx [Client Component SSR]
    ./components/ui/toaster.tsx [Server Component]
    ./app/layout.tsx [Server Component]

https://nextjs.org/docs/messages/module-not-found @ http://localhost:3000/_next/static/chunks/node_modules_next_dist_20ud_8w._.js:2099
[ 2850706ms] [ERROR] ./app/page.tsx:2:1
Module not found: Can't resolve 'lucide-react'
  1 | import Link from "next/link"
> 2 | import { ArrowRight, FileText, GitPullRequest, Share2 } from "lucide-react"
    | ^^^^^^^^^^^^^^^^^^^^^^^^^^^^^^^^^^^^^^^^^^^^^^^^^^^^^^^^^^^^^^^^^^^^^^^^^^^
  3 |
  4 | const chain = [
  5 |   {

https://nextjs.org/docs/messages/module-not-found @ http://localhost:3000/_next/static/chunks/node_modules_next_dist_20ud_8w._.js:2099
[ 2850707ms] [ERROR] ./components/ui/toast.tsx:6:1
Module not found: Can't resolve 'lucide-react'
  4 | import * as ToastPrimitives from "@radix-ui/react-toast"
  5 | import { cva, type VariantProps } from "class-variance-authority"
> 6 | import { X } from "lucide-react"
    | ^^^^^^^^^^^^^^^^^^^^^^^^^^^^^^^^
  7 |
  8 | import { cn } from "@/lib/utils"
  9 |

Import traces:
  Client Component Browser:
    ./components/ui/toast.tsx [Client Component Browser]
    ./components/ui/toaster.tsx [Client Component Browser]
    ./components/ui/toaster.tsx [Server Component]
    ./app/layout.tsx [Server Component]

  Client Component SSR:
    ./components/ui/toast.tsx [Client Component SSR]
    ./components/ui/toaster.tsx [Client Component SSR]
    ./components/ui/toaster.tsx [Server Component]
    ./app/layout.tsx [Server Component]

https://nextjs.org/docs/messages/module-not-found @ http://localhost:3000/_next/static/chunks/node_modules_next_dist_20ud_8w._.js:2099
[ 2850707ms] [ERROR] ./lib/utils.ts:2:1
Module not found: Can't resolve 'tailwind-merge'
  1 | import { type ClassValue, clsx } from "clsx"
> 2 | import { twMerge } from "tailwind-merge"
    | ^^^^^^^^^^^^^^^^^^^^^^^^^^^^^^^^^^^^^^^^
  3 |
  4 | export function cn(...inputs: ClassValue[]) {
  5 |   return twMerge(clsx(inputs))

Import traces:
  Client Component Browser:
    ./lib/utils.ts [Client Component Browser]
    ./components/ui/toast.tsx [Client Component Browser]
    ./components/ui/toaster.tsx [Client Component Browser]
    ./components/ui/toaster.tsx [Server Component]
    ./app/layout.tsx [Server Component]

  Client Component SSR:
    ./lib/utils.ts [Client Component SSR]
    ./components/ui/toast.tsx [Client Component SSR]
    ./components/ui/toaster.tsx [Client Component SSR]
    ./components/ui/toaster.tsx [Server Component]
    ./app/layout.tsx [Server Component]

https://nextjs.org/docs/messages/module-not-found @ http://localhost:3000/_next/static/chunks/node_modules_next_dist_20ud_8w._.js:2099
[ 2850796ms] [ERROR] ./app/globals.css
Error evaluating Node.js code
CssSyntaxError: tailwindcss: C:\Users\Lenovo\Desktop\线下黑客松\frontend\app\globals.css:1:1: Can't resolve 'tw-animate-css' in 'C:\Users\Lenovo\Desktop\线下黑客松\frontend\app'
    [at Input.error (turbopack:///[project]/node_modules/postcss/lib/input.js:135:16)]
    [at Root.error (turbopack:///[project]/node_modules/postcss/lib/node.js:166:32)]
    [at Object.Once (C:\Users\Lenovo\Desktop\线下黑客松\frontend\node_modules\@tailwindcss\postcss\dist\index.js:10:7013)]
    [at process.processTicksAndRejections (node:internal/process/task_queues:104:5)]
    [at async LazyResult.runAsync (turbopack:///[project]/node_modules/postcss/lib/lazy-result.js:299:11)]
    [at async transform (turbopack:///[turbopack-node]/transforms/postcss.ts:70:34)]
    [at async run (turbopack:///[turbopack-node]/child_process/evaluate.ts:89:23)]

Import trace:
  Client Component Browser:
    ./app/globals.css [Client Component Browser]
    ./app/layout.tsx [Server Component] @ http://localhost:3000/_next/static/chunks/node_modules_next_dist_20ud_8w._.js:2099
[ 2850797ms] [ERROR] ./components/ui/toast.tsx:4:1
Module not found: Can't resolve '@radix-ui/react-toast'
  2 |
  3 | import * as React from "react"
> 4 | import * as ToastPrimitives from "@radix-ui/react-toast"
    | ^^^^^^^^^^^^^^^^^^^^^^^^^^^^^^^^^^^^^^^^^^^^^^^^^^^^^^^^
  5 | import { cva, type VariantProps } from "class-variance-authority"
  6 | import { X } from "lucide-react"
  7 |

Import traces:
  Client Component Browser:
    ./components/ui/toast.tsx [Client Component Browser]
    ./components/ui/toaster.tsx [Client Component Browser]
    ./components/ui/toaster.tsx [Server Component]
    ./app/layout.tsx [Server Component]

  Client Component SSR:
    ./components/ui/toast.tsx [Client Component SSR]
    ./components/ui/toaster.tsx [Client Component SSR]
    ./components/ui/toaster.tsx [Server Component]
    ./app/layout.tsx [Server Component]

https://nextjs.org/docs/messages/module-not-found @ http://localhost:3000/_next/static/chunks/node_modules_next_dist_20ud_8w._.js:2099
[ 2850797ms] [ERROR] ./components/ui/toast.tsx:5:1
Module not found: Can't resolve 'class-variance-authority'
  3 | import * as React from "react"
  4 | import * as ToastPrimitives from "@radix-ui/react-toast"
> 5 | import { cva, type VariantProps } from "class-variance-authority"
    | ^^^^^^^^^^^^^^^^^^^^^^^^^^^^^^^^^^^^^^^^^^^^^^^^^^^^^^^^^^^^^^^^^
  6 | import { X } from "lucide-react"
  7 |
  8 | import { cn } from "@/lib/utils"

Import traces:
  Client Component Browser:
    ./components/ui/toast.tsx [Client Component Browser]
    ./components/ui/toaster.tsx [Client Component Browser]
    ./components/ui/toaster.tsx [Server Component]
    ./app/layout.tsx [Server Component]

  Client Component SSR:
    ./components/ui/toast.tsx [Client Component SSR]
    ./components/ui/toaster.tsx [Client Component SSR]
    ./components/ui/toaster.tsx [Server Component]
    ./app/layout.tsx [Server Component]

https://nextjs.org/docs/messages/module-not-found @ http://localhost:3000/_next/static/chunks/node_modules_next_dist_20ud_8w._.js:2099
[ 2850797ms] [ERROR] ./lib/utils.ts:1:1
Module not found: Can't resolve 'clsx'
> 1 | import { type ClassValue, clsx } from "clsx"
    | ^^^^^^^^^^^^^^^^^^^^^^^^^^^^^^^^^^^^^^^^^^^^
  2 | import { twMerge } from "tailwind-merge"
  3 |
  4 | export function cn(...inputs: ClassValue[]) {

Import traces:
  Client Component Browser:
    ./lib/utils.ts [Client Component Browser]
    ./components/ui/toast.tsx [Client Component Browser]
    ./components/ui/toaster.tsx [Client Component Browser]
    ./components/ui/toaster.tsx [Server Component]
    ./app/layout.tsx [Server Component]

  Client Component SSR:
    ./lib/utils.ts [Client Component SSR]
    ./components/ui/toast.tsx [Client Component SSR]
    ./components/ui/toaster.tsx [Client Component SSR]
    ./components/ui/toaster.tsx [Server Component]
    ./app/layout.tsx [Server Component]

https://nextjs.org/docs/messages/module-not-found @ http://localhost:3000/_next/static/chunks/node_modules_next_dist_20ud_8w._.js:2099
[ 2850798ms] [ERROR] ./app/page.tsx:2:1
Module not found: Can't resolve 'lucide-react'
  1 | import Link from "next/link"
> 2 | import { ArrowRight, FileText, GitPullRequest, Share2 } from "lucide-react"
    | ^^^^^^^^^^^^^^^^^^^^^^^^^^^^^^^^^^^^^^^^^^^^^^^^^^^^^^^^^^^^^^^^^^^^^^^^^^^
  3 |
  4 | const chain = [
  5 |   {

https://nextjs.org/docs/messages/module-not-found @ http://localhost:3000/_next/static/chunks/node_modules_next_dist_20ud_8w._.js:2099
[ 2850798ms] [ERROR] ./components/ui/toast.tsx:6:1
Module not found: Can't resolve 'lucide-react'
  4 | import * as ToastPrimitives from "@radix-ui/react-toast"
  5 | import { cva, type VariantProps } from "class-variance-authority"
> 6 | import { X } from "lucide-react"
    | ^^^^^^^^^^^^^^^^^^^^^^^^^^^^^^^^
  7 |
  8 | import { cn } from "@/lib/utils"
  9 |

Import traces:
  Client Component Browser:
    ./components/ui/toast.tsx [Client Component Browser]
    ./components/ui/toaster.tsx [Client Component Browser]
    ./components/ui/toaster.tsx [Server Component]
    ./app/layout.tsx [Server Component]

  Client Component SSR:
    ./components/ui/toast.tsx [Client Component SSR]
    ./components/ui/toaster.tsx [Client Component SSR]
    ./components/ui/toaster.tsx [Server Component]
    ./app/layout.tsx [Server Component]

https://nextjs.org/docs/messages/module-not-found @ http://localhost:3000/_next/static/chunks/node_modules_next_dist_20ud_8w._.js:2099
[ 2850798ms] [ERROR] ./lib/utils.ts:2:1
Module not found: Can't resolve 'tailwind-merge'
  1 | import { type ClassValue, clsx } from "clsx"
> 2 | import { twMerge } from "tailwind-merge"
    | ^^^^^^^^^^^^^^^^^^^^^^^^^^^^^^^^^^^^^^^^
  3 |
  4 | export function cn(...inputs: ClassValue[]) {
  5 |   return twMerge(clsx(inputs))

Import traces:
  Client Component Browser:
    ./lib/utils.ts [Client Component Browser]
    ./components/ui/toast.tsx [Client Component Browser]
    ./components/ui/toaster.tsx [Client Component Browser]
    ./components/ui/toaster.tsx [Server Component]
    ./app/layout.tsx [Server Component]

  Client Component SSR:
    ./lib/utils.ts [Client Component SSR]
    ./components/ui/toast.tsx [Client Component SSR]
    ./components/ui/toaster.tsx [Client Component SSR]
    ./components/ui/toaster.tsx [Server Component]
    ./app/layout.tsx [Server Component]

https://nextjs.org/docs/messages/module-not-found @ http://localhost:3000/_next/static/chunks/node_modules_next_dist_20ud_8w._.js:2099
[ 2850828ms] [ERROR] ./app/globals.css
Error evaluating Node.js code
CssSyntaxError: tailwindcss: C:\Users\Lenovo\Desktop\线下黑客松\frontend\app\globals.css:1:1: Can't resolve 'tw-animate-css' in 'C:\Users\Lenovo\Desktop\线下黑客松\frontend\app'
    [at Input.error (turbopack:///[project]/node_modules/postcss/lib/input.js:135:16)]
    [at Root.error (turbopack:///[project]/node_modules/postcss/lib/node.js:166:32)]
    [at Object.Once (C:\Users\Lenovo\Desktop\线下黑客松\frontend\node_modules\@tailwindcss\postcss\dist\index.js:10:7013)]
    [at process.processTicksAndRejections (node:internal/process/task_queues:104:5)]
    [at async LazyResult.runAsync (turbopack:///[project]/node_modules/postcss/lib/lazy-result.js:299:11)]
    [at async transform (turbopack:///[turbopack-node]/transforms/postcss.ts:70:34)]
    [at async run (turbopack:///[turbopack-node]/child_process/evaluate.ts:89:23)]

Import trace:
  Client Component Browser:
    ./app/globals.css [Client Component Browser]
    ./app/layout.tsx [Server Component] @ http://localhost:3000/_next/static/chunks/node_modules_next_dist_20ud_8w._.js:2099
[ 2850828ms] [ERROR] ./components/ui/toast.tsx:4:1
Module not found: Can't resolve '@radix-ui/react-toast'
  2 |
  3 | import * as React from "react"
> 4 | import * as ToastPrimitives from "@radix-ui/react-toast"
    | ^^^^^^^^^^^^^^^^^^^^^^^^^^^^^^^^^^^^^^^^^^^^^^^^^^^^^^^^
  5 | import { cva, type VariantProps } from "class-variance-authority"
  6 | import { X } from "lucide-react"
  7 |

Import traces:
  Client Component Browser:
    ./components/ui/toast.tsx [Client Component Browser]
    ./components/ui/toaster.tsx [Client Component Browser]
    ./components/ui/toaster.tsx [Server Component]
    ./app/layout.tsx [Server Component]

  Client Component SSR:
    ./components/ui/toast.tsx [Client Component SSR]
    ./components/ui/toaster.tsx [Client Component SSR]
    ./components/ui/toaster.tsx [Server Component]
    ./app/layout.tsx [Server Component]

https://nextjs.org/docs/messages/module-not-found @ http://localhost:3000/_next/static/chunks/node_modules_next_dist_20ud_8w._.js:2099
[ 2850828ms] [ERROR] ./components/ui/toast.tsx:5:1
Module not found: Can't resolve 'class-variance-authority'
  3 | import * as React from "react"
  4 | import * as ToastPrimitives from "@radix-ui/react-toast"
> 5 | import { cva, type VariantProps } from "class-variance-authority"
    | ^^^^^^^^^^^^^^^^^^^^^^^^^^^^^^^^^^^^^^^^^^^^^^^^^^^^^^^^^^^^^^^^^
  6 | import { X } from "lucide-react"
  7 |
  8 | import { cn } from "@/lib/utils"

Import traces:
  Client Component Browser:
    ./components/ui/toast.tsx [Client Component Browser]
    ./components/ui/toaster.tsx [Client Component Browser]
    ./components/ui/toaster.tsx [Server Component]
    ./app/layout.tsx [Server Component]

  Client Component SSR:
    ./components/ui/toast.tsx [Client Component SSR]
    ./components/ui/toaster.tsx [Client Component SSR]
    ./components/ui/toaster.tsx [Server Component]
    ./app/layout.tsx [Server Component]

https://nextjs.org/docs/messages/module-not-found @ http://localhost:3000/_next/static/chunks/node_modules_next_dist_20ud_8w._.js:2099
[ 2850828ms] [ERROR] ./lib/utils.ts:1:1
Module not found: Can't resolve 'clsx'
> 1 | import { type ClassValue, clsx } from "clsx"
    | ^^^^^^^^^^^^^^^^^^^^^^^^^^^^^^^^^^^^^^^^^^^^
  2 | import { twMerge } from "tailwind-merge"
  3 |
  4 | export function cn(...inputs: ClassValue[]) {

Import traces:
  Client Component Browser:
    ./lib/utils.ts [Client Component Browser]
    ./components/ui/toast.tsx [Client Component Browser]
    ./components/ui/toaster.tsx [Client Component Browser]
    ./components/ui/toaster.tsx [Server Component]
    ./app/layout.tsx [Server Component]

  Client Component SSR:
    ./lib/utils.ts [Client Component SSR]
    ./components/ui/toast.tsx [Client Component SSR]
    ./components/ui/toaster.tsx [Client Component SSR]
    ./components/ui/toaster.tsx [Server Component]
    ./app/layout.tsx [Server Component]

https://nextjs.org/docs/messages/module-not-found @ http://localhost:3000/_next/static/chunks/node_modules_next_dist_20ud_8w._.js:2099
[ 2850828ms] [ERROR] ./app/page.tsx:2:1
Module not found: Can't resolve 'lucide-react'
  1 | import Link from "next/link"
> 2 | import { ArrowRight, FileText, GitPullRequest, Share2 } from "lucide-react"
    | ^^^^^^^^^^^^^^^^^^^^^^^^^^^^^^^^^^^^^^^^^^^^^^^^^^^^^^^^^^^^^^^^^^^^^^^^^^^
  3 |
  4 | const chain = [
  5 |   {

https://nextjs.org/docs/messages/module-not-found @ http://localhost:3000/_next/static/chunks/node_modules_next_dist_20ud_8w._.js:2099
[ 2850829ms] [ERROR] ./components/ui/toast.tsx:6:1
Module not found: Can't resolve 'lucide-react'
  4 | import * as ToastPrimitives from "@radix-ui/react-toast"
  5 | import { cva, type VariantProps } from "class-variance-authority"
> 6 | import { X } from "lucide-react"
    | ^^^^^^^^^^^^^^^^^^^^^^^^^^^^^^^^
  7 |
  8 | import { cn } from "@/lib/utils"
  9 |

Import traces:
  Client Component Browser:
    ./components/ui/toast.tsx [Client Component Browser]
    ./components/ui/toaster.tsx [Client Component Browser]
    ./components/ui/toaster.tsx [Server Component]
    ./app/layout.tsx [Server Component]

  Client Component SSR:
    ./components/ui/toast.tsx [Client Component SSR]
    ./components/ui/toaster.tsx [Client Component SSR]
    ./components/ui/toaster.tsx [Server Component]
    ./app/layout.tsx [Server Component]

https://nextjs.org/docs/messages/module-not-found @ http://localhost:3000/_next/static/chunks/node_modules_next_dist_20ud_8w._.js:2099
[ 2850829ms] [ERROR] ./lib/utils.ts:2:1
Module not found: Can't resolve 'tailwind-merge'
  1 | import { type ClassValue, clsx } from "clsx"
> 2 | import { twMerge } from "tailwind-merge"
    | ^^^^^^^^^^^^^^^^^^^^^^^^^^^^^^^^^^^^^^^^
  3 |
  4 | export function cn(...inputs: ClassValue[]) {
  5 |   return twMerge(clsx(inputs))

Import traces:
  Client Component Browser:
    ./lib/utils.ts [Client Component Browser]
    ./components/ui/toast.tsx [Client Component Browser]
    ./components/ui/toaster.tsx [Client Component Browser]
    ./components/ui/toaster.tsx [Server Component]
    ./app/layout.tsx [Server Component]

  Client Component SSR:
    ./lib/utils.ts [Client Component SSR]
    ./components/ui/toast.tsx [Client Component SSR]
    ./components/ui/toaster.tsx [Client Component SSR]
    ./components/ui/toaster.tsx [Server Component]
    ./app/layout.tsx [Server Component]

https://nextjs.org/docs/messages/module-not-found @ http://localhost:3000/_next/static/chunks/node_modules_next_dist_20ud_8w._.js:2099
[ 2850904ms] [LOG] [Fast Refresh] rebuilding @ http://localhost:3000/_next/static/chunks/node_modules_next_dist_20ud_8w._.js:1380
[ 2851050ms] [ERROR] ./app/globals.css
Error evaluating Node.js code
CssSyntaxError: tailwindcss: C:\Users\Lenovo\Desktop\线下黑客松\frontend\app\globals.css:1:1: Can't resolve 'tw-animate-css' in 'C:\Users\Lenovo\Desktop\线下黑客松\frontend\app'
    [at Input.error (turbopack:///[project]/node_modules/postcss/lib/input.js:135:16)]
    [at Root.error (turbopack:///[project]/node_modules/postcss/lib/node.js:166:32)]
    [at Object.Once (C:\Users\Lenovo\Desktop\线下黑客松\frontend\node_modules\@tailwindcss\postcss\dist\index.js:10:7013)]
    [at process.processTicksAndRejections (node:internal/process/task_queues:104:5)]
    [at async LazyResult.runAsync (turbopack:///[project]/node_modules/postcss/lib/lazy-result.js:299:11)]
    [at async transform (turbopack:///[turbopack-node]/transforms/postcss.ts:70:34)]
    [at async run (turbopack:///[turbopack-node]/child_process/evaluate.ts:89:23)]

Import trace:
  Client Component Browser:
    ./app/globals.css [Client Component Browser]
    ./app/layout.tsx [Server Component] @ http://localhost:3000/_next/static/chunks/node_modules_next_dist_20ud_8w._.js:2099
[ 2851051ms] [ERROR] ./components/ui/toast.tsx:4:1
Module not found: Can't resolve '@radix-ui/react-toast'
  2 |
  3 | import * as React from "react"
> 4 | import * as ToastPrimitives from "@radix-ui/react-toast"
    | ^^^^^^^^^^^^^^^^^^^^^^^^^^^^^^^^^^^^^^^^^^^^^^^^^^^^^^^^
  5 | import { cva, type VariantProps } from "class-variance-authority"
  6 | import { X } from "lucide-react"
  7 |

Import traces:
  Client Component Browser:
    ./components/ui/toast.tsx [Client Component Browser]
    ./components/ui/toaster.tsx [Client Component Browser]
    ./components/ui/toaster.tsx [Server Component]
    ./app/layout.tsx [Server Component]

  Client Component SSR:
    ./components/ui/toast.tsx [Client Component SSR]
    ./components/ui/toaster.tsx [Client Component SSR]
    ./components/ui/toaster.tsx [Server Component]
    ./app/layout.tsx [Server Component]

https://nextjs.org/docs/messages/module-not-found @ http://localhost:3000/_next/static/chunks/node_modules_next_dist_20ud_8w._.js:2099
[ 2851051ms] [ERROR] ./components/ui/toast.tsx:5:1
Module not found: Can't resolve 'class-variance-authority'
  3 | import * as React from "react"
  4 | import * as ToastPrimitives from "@radix-ui/react-toast"
> 5 | import { cva, type VariantProps } from "class-variance-authority"
    | ^^^^^^^^^^^^^^^^^^^^^^^^^^^^^^^^^^^^^^^^^^^^^^^^^^^^^^^^^^^^^^^^^
  6 | import { X } from "lucide-react"
  7 |
  8 | import { cn } from "@/lib/utils"

Import traces:
  Client Component Browser:
    ./components/ui/toast.tsx [Client Component Browser]
    ./components/ui/toaster.tsx [Client Component Browser]
    ./components/ui/toaster.tsx [Server Component]
    ./app/layout.tsx [Server Component]

  Client Component SSR:
    ./components/ui/toast.tsx [Client Component SSR]
    ./components/ui/toaster.tsx [Client Component SSR]
    ./components/ui/toaster.tsx [Server Component]
    ./app/layout.tsx [Server Component]

https://nextjs.org/docs/messages/module-not-found @ http://localhost:3000/_next/static/chunks/node_modules_next_dist_20ud_8w._.js:2099
[ 2851051ms] [ERROR] ./lib/utils.ts:1:1
Module not found: Can't resolve 'clsx'
> 1 | import { type ClassValue, clsx } from "clsx"
    | ^^^^^^^^^^^^^^^^^^^^^^^^^^^^^^^^^^^^^^^^^^^^
  2 | import { twMerge } from "tailwind-merge"
  3 |
  4 | export function cn(...inputs: ClassValue[]) {

Import traces:
  Client Component Browser:
    ./lib/utils.ts [Client Component Browser]
    ./components/ui/toast.tsx [Client Component Browser]
    ./components/ui/toaster.tsx [Client Component Browser]
    ./components/ui/toaster.tsx [Server Component]
    ./app/layout.tsx [Server Component]

  Client Component SSR:
    ./lib/utils.ts [Client Component SSR]
    ./components/ui/toast.tsx [Client Component SSR]
    ./components/ui/toaster.tsx [Client Component SSR]
    ./components/ui/toaster.tsx [Server Component]
    ./app/layout.tsx [Server Component]

https://nextjs.org/docs/messages/module-not-found @ http://localhost:3000/_next/static/chunks/node_modules_next_dist_20ud_8w._.js:2099
[ 2851052ms] [ERROR] ./app/page.tsx:2:1
Module not found: Can't resolve 'lucide-react'
  1 | import Link from "next/link"
> 2 | import { ArrowRight, FileText, GitPullRequest, Share2 } from "lucide-react"
    | ^^^^^^^^^^^^^^^^^^^^^^^^^^^^^^^^^^^^^^^^^^^^^^^^^^^^^^^^^^^^^^^^^^^^^^^^^^^
  3 |
  4 | const chain = [
  5 |   {

https://nextjs.org/docs/messages/module-not-found @ http://localhost:3000/_next/static/chunks/node_modules_next_dist_20ud_8w._.js:2099
[ 2851052ms] [ERROR] ./components/ui/toast.tsx:6:1
Module not found: Can't resolve 'lucide-react'
  4 | import * as ToastPrimitives from "@radix-ui/react-toast"
  5 | import { cva, type VariantProps } from "class-variance-authority"
> 6 | import { X } from "lucide-react"
    | ^^^^^^^^^^^^^^^^^^^^^^^^^^^^^^^^
  7 |
  8 | import { cn } from "@/lib/utils"
  9 |

Import traces:
  Client Component Browser:
    ./components/ui/toast.tsx [Client Component Browser]
    ./components/ui/toaster.tsx [Client Component Browser]
    ./components/ui/toaster.tsx [Server Component]
    ./app/layout.tsx [Server Component]

  Client Component SSR:
    ./components/ui/toast.tsx [Client Component SSR]
    ./components/ui/toaster.tsx [Client Component SSR]
    ./components/ui/toaster.tsx [Server Component]
    ./app/layout.tsx [Server Component]

https://nextjs.org/docs/messages/module-not-found @ http://localhost:3000/_next/static/chunks/node_modules_next_dist_20ud_8w._.js:2099
[ 2851053ms] [ERROR] ./lib/utils.ts:2:1
Module not found: Can't resolve 'tailwind-merge'
  1 | import { type ClassValue, clsx } from "clsx"
> 2 | import { twMerge } from "tailwind-merge"
    | ^^^^^^^^^^^^^^^^^^^^^^^^^^^^^^^^^^^^^^^^
  3 |
  4 | export function cn(...inputs: ClassValue[]) {
  5 |   return twMerge(clsx(inputs))

Import traces:
  Client Component Browser:
    ./lib/utils.ts [Client Component Browser]
    ./components/ui/toast.tsx [Client Component Browser]
    ./components/ui/toaster.tsx [Client Component Browser]
    ./components/ui/toaster.tsx [Server Component]
    ./app/layout.tsx [Server Component]

  Client Component SSR:
    ./lib/utils.ts [Client Component SSR]
    ./components/ui/toast.tsx [Client Component SSR]
    ./components/ui/toaster.tsx [Client Component SSR]
    ./components/ui/toaster.tsx [Server Component]
    ./app/layout.tsx [Server Component]

https://nextjs.org/docs/messages/module-not-found @ http://localhost:3000/_next/static/chunks/node_modules_next_dist_20ud_8w._.js:2099
[ 2851114ms] [ERROR] ./app/globals.css
Error evaluating Node.js code
CssSyntaxError: tailwindcss: C:\Users\Lenovo\Desktop\线下黑客松\frontend\app\globals.css:1:1: Can't resolve 'tw-animate-css' in 'C:\Users\Lenovo\Desktop\线下黑客松\frontend\app'
    [at Input.error (turbopack:///[project]/node_modules/postcss/lib/input.js:135:16)]
    [at Root.error (turbopack:///[project]/node_modules/postcss/lib/node.js:166:32)]
    [at Object.Once (C:\Users\Lenovo\Desktop\线下黑客松\frontend\node_modules\@tailwindcss\postcss\dist\index.js:10:7013)]
    [at process.processTicksAndRejections (node:internal/process/task_queues:104:5)]
    [at async LazyResult.runAsync (turbopack:///[project]/node_modules/postcss/lib/lazy-result.js:299:11)]
    [at async transform (turbopack:///[turbopack-node]/transforms/postcss.ts:70:34)]
    [at async run (turbopack:///[turbopack-node]/child_process/evaluate.ts:89:23)]

Import trace:
  Client Component Browser:
    ./app/globals.css [Client Component Browser]
    ./app/layout.tsx [Server Component] @ http://localhost:3000/_next/static/chunks/node_modules_next_dist_20ud_8w._.js:2099
[ 2851114ms] [ERROR] ./components/ui/toast.tsx:4:1
Module not found: Can't resolve '@radix-ui/react-toast'
  2 |
  3 | import * as React from "react"
> 4 | import * as ToastPrimitives from "@radix-ui/react-toast"
    | ^^^^^^^^^^^^^^^^^^^^^^^^^^^^^^^^^^^^^^^^^^^^^^^^^^^^^^^^
  5 | import { cva, type VariantProps } from "class-variance-authority"
  6 | import { X } from "lucide-react"
  7 |

Import traces:
  Client Component Browser:
    ./components/ui/toast.tsx [Client Component Browser]
    ./components/ui/toaster.tsx [Client Component Browser]
    ./components/ui/toaster.tsx [Server Component]
    ./app/layout.tsx [Server Component]

  Client Component SSR:
    ./components/ui/toast.tsx [Client Component SSR]
    ./components/ui/toaster.tsx [Client Component SSR]
    ./components/ui/toaster.tsx [Server Component]
    ./app/layout.tsx [Server Component]

https://nextjs.org/docs/messages/module-not-found @ http://localhost:3000/_next/static/chunks/node_modules_next_dist_20ud_8w._.js:2099
[ 2851115ms] [ERROR] ./components/ui/toast.tsx:5:1
Module not found: Can't resolve 'class-variance-authority'
  3 | import * as React from "react"
  4 | import * as ToastPrimitives from "@radix-ui/react-toast"
> 5 | import { cva, type VariantProps } from "class-variance-authority"
    | ^^^^^^^^^^^^^^^^^^^^^^^^^^^^^^^^^^^^^^^^^^^^^^^^^^^^^^^^^^^^^^^^^
  6 | import { X } from "lucide-react"
  7 |
  8 | import { cn } from "@/lib/utils"

Import traces:
  Client Component Browser:
    ./components/ui/toast.tsx [Client Component Browser]
    ./components/ui/toaster.tsx [Client Component Browser]
    ./components/ui/toaster.tsx [Server Component]
    ./app/layout.tsx [Server Component]

  Client Component SSR:
    ./components/ui/toast.tsx [Client Component SSR]
    ./components/ui/toaster.tsx [Client Component SSR]
    ./components/ui/toaster.tsx [Server Component]
    ./app/layout.tsx [Server Component]

https://nextjs.org/docs/messages/module-not-found @ http://localhost:3000/_next/static/chunks/node_modules_next_dist_20ud_8w._.js:2099
[ 2851115ms] [ERROR] ./lib/utils.ts:1:1
Module not found: Can't resolve 'clsx'
> 1 | import { type ClassValue, clsx } from "clsx"
    | ^^^^^^^^^^^^^^^^^^^^^^^^^^^^^^^^^^^^^^^^^^^^
  2 | import { twMerge } from "tailwind-merge"
  3 |
  4 | export function cn(...inputs: ClassValue[]) {

Import traces:
  Client Component Browser:
    ./lib/utils.ts [Client Component Browser]
    ./components/ui/toast.tsx [Client Component Browser]
    ./components/ui/toaster.tsx [Client Component Browser]
    ./components/ui/toaster.tsx [Server Component]
    ./app/layout.tsx [Server Component]

  Client Component SSR:
    ./lib/utils.ts [Client Component SSR]
    ./components/ui/toast.tsx [Client Component SSR]
    ./components/ui/toaster.tsx [Client Component SSR]
    ./components/ui/toaster.tsx [Server Component]
    ./app/layout.tsx [Server Component]

https://nextjs.org/docs/messages/module-not-found @ http://localhost:3000/_next/static/chunks/node_modules_next_dist_20ud_8w._.js:2099
[ 2851115ms] [ERROR] ./app/page.tsx:2:1
Module not found: Can't resolve 'lucide-react'
  1 | import Link from "next/link"
> 2 | import { ArrowRight, FileText, GitPullRequest, Share2 } from "lucide-react"
    | ^^^^^^^^^^^^^^^^^^^^^^^^^^^^^^^^^^^^^^^^^^^^^^^^^^^^^^^^^^^^^^^^^^^^^^^^^^^
  3 |
  4 | const chain = [
  5 |   {

https://nextjs.org/docs/messages/module-not-found @ http://localhost:3000/_next/static/chunks/node_modules_next_dist_20ud_8w._.js:2099
[ 2851115ms] [ERROR] ./components/ui/toast.tsx:6:1
Module not found: Can't resolve 'lucide-react'
  4 | import * as ToastPrimitives from "@radix-ui/react-toast"
  5 | import { cva, type VariantProps } from "class-variance-authority"
> 6 | import { X } from "lucide-react"
    | ^^^^^^^^^^^^^^^^^^^^^^^^^^^^^^^^
  7 |
  8 | import { cn } from "@/lib/utils"
  9 |

Import traces:
  Client Component Browser:
    ./components/ui/toast.tsx [Client Component Browser]
    ./components/ui/toaster.tsx [Client Component Browser]
    ./components/ui/toaster.tsx [Server Component]
    ./app/layout.tsx [Server Component]

  Client Component SSR:
    ./components/ui/toast.tsx [Client Component SSR]
    ./components/ui/toaster.tsx [Client Component SSR]
    ./components/ui/toaster.tsx [Server Component]
    ./app/layout.tsx [Server Component]

https://nextjs.org/docs/messages/module-not-found @ http://localhost:3000/_next/static/chunks/node_modules_next_dist_20ud_8w._.js:2099
[ 2851116ms] [ERROR] ./lib/utils.ts:2:1
Module not found: Can't resolve 'tailwind-merge'
  1 | import { type ClassValue, clsx } from "clsx"
> 2 | import { twMerge } from "tailwind-merge"
    | ^^^^^^^^^^^^^^^^^^^^^^^^^^^^^^^^^^^^^^^^
  3 |
  4 | export function cn(...inputs: ClassValue[]) {
  5 |   return twMerge(clsx(inputs))

Import traces:
  Client Component Browser:
    ./lib/utils.ts [Client Component Browser]
    ./components/ui/toast.tsx [Client Component Browser]
    ./components/ui/toaster.tsx [Client Component Browser]
    ./components/ui/toaster.tsx [Server Component]
    ./app/layout.tsx [Server Component]

  Client Component SSR:
    ./lib/utils.ts [Client Component SSR]
    ./components/ui/toast.tsx [Client Component SSR]
    ./components/ui/toaster.tsx [Client Component SSR]
    ./components/ui/toaster.tsx [Server Component]
    ./app/layout.tsx [Server Component]

https://nextjs.org/docs/messages/module-not-found @ http://localhost:3000/_next/static/chunks/node_modules_next_dist_20ud_8w._.js:2099
[ 2851161ms] [ERROR] ./app/globals.css
Error evaluating Node.js code
CssSyntaxError: tailwindcss: C:\Users\Lenovo\Desktop\线下黑客松\frontend\app\globals.css:1:1: Can't resolve 'tw-animate-css' in 'C:\Users\Lenovo\Desktop\线下黑客松\frontend\app'
    [at Input.error (turbopack:///[project]/node_modules/postcss/lib/input.js:135:16)]
    [at Root.error (turbopack:///[project]/node_modules/postcss/lib/node.js:166:32)]
    [at Object.Once (C:\Users\Lenovo\Desktop\线下黑客松\frontend\node_modules\@tailwindcss\postcss\dist\index.js:10:7013)]
    [at process.processTicksAndRejections (node:internal/process/task_queues:104:5)]
    [at async LazyResult.runAsync (turbopack:///[project]/node_modules/postcss/lib/lazy-result.js:299:11)]
    [at async transform (turbopack:///[turbopack-node]/transforms/postcss.ts:70:34)]
    [at async run (turbopack:///[turbopack-node]/child_process/evaluate.ts:89:23)]

Import trace:
  Client Component Browser:
    ./app/globals.css [Client Component Browser]
    ./app/layout.tsx [Server Component] @ http://localhost:3000/_next/static/chunks/node_modules_next_dist_20ud_8w._.js:2099
[ 2851161ms] [ERROR] ./components/ui/toast.tsx:4:1
Module not found: Can't resolve '@radix-ui/react-toast'
  2 |
  3 | import * as React from "react"
> 4 | import * as ToastPrimitives from "@radix-ui/react-toast"
    | ^^^^^^^^^^^^^^^^^^^^^^^^^^^^^^^^^^^^^^^^^^^^^^^^^^^^^^^^
  5 | import { cva, type VariantProps } from "class-variance-authority"
  6 | import { X } from "lucide-react"
  7 |

Import traces:
  Client Component Browser:
    ./components/ui/toast.tsx [Client Component Browser]
    ./components/ui/toaster.tsx [Client Component Browser]
    ./components/ui/toaster.tsx [Server Component]
    ./app/layout.tsx [Server Component]

  Client Component SSR:
    ./components/ui/toast.tsx [Client Component SSR]
    ./components/ui/toaster.tsx [Client Component SSR]
    ./components/ui/toaster.tsx [Server Component]
    ./app/layout.tsx [Server Component]

https://nextjs.org/docs/messages/module-not-found @ http://localhost:3000/_next/static/chunks/node_modules_next_dist_20ud_8w._.js:2099
[ 2851161ms] [ERROR] ./components/ui/toast.tsx:5:1
Module not found: Can't resolve 'class-variance-authority'
  3 | import * as React from "react"
  4 | import * as ToastPrimitives from "@radix-ui/react-toast"
> 5 | import { cva, type VariantProps } from "class-variance-authority"
    | ^^^^^^^^^^^^^^^^^^^^^^^^^^^^^^^^^^^^^^^^^^^^^^^^^^^^^^^^^^^^^^^^^
  6 | import { X } from "lucide-react"
  7 |
  8 | import { cn } from "@/lib/utils"

Import traces:
  Client Component Browser:
    ./components/ui/toast.tsx [Client Component Browser]
    ./components/ui/toaster.tsx [Client Component Browser]
    ./components/ui/toaster.tsx [Server Component]
    ./app/layout.tsx [Server Component]

  Client Component SSR:
    ./components/ui/toast.tsx [Client Component SSR]
    ./components/ui/toaster.tsx [Client Component SSR]
    ./components/ui/toaster.tsx [Server Component]
    ./app/layout.tsx [Server Component]

https://nextjs.org/docs/messages/module-not-found @ http://localhost:3000/_next/static/chunks/node_modules_next_dist_20ud_8w._.js:2099
[ 2851162ms] [ERROR] ./lib/utils.ts:1:1
Module not found: Can't resolve 'clsx'
> 1 | import { type ClassValue, clsx } from "clsx"
    | ^^^^^^^^^^^^^^^^^^^^^^^^^^^^^^^^^^^^^^^^^^^^
  2 | import { twMerge } from "tailwind-merge"
  3 |
  4 | export function cn(...inputs: ClassValue[]) {

Import traces:
  Client Component Browser:
    ./lib/utils.ts [Client Component Browser]
    ./components/ui/toast.tsx [Client Component Browser]
    ./components/ui/toaster.tsx [Client Component Browser]
    ./components/ui/toaster.tsx [Server Component]
    ./app/layout.tsx [Server Component]

  Client Component SSR:
    ./lib/utils.ts [Client Component SSR]
    ./components/ui/toast.tsx [Client Component SSR]
    ./components/ui/toaster.tsx [Client Component SSR]
    ./components/ui/toaster.tsx [Server Component]
    ./app/layout.tsx [Server Component]

https://nextjs.org/docs/messages/module-not-found @ http://localhost:3000/_next/static/chunks/node_modules_next_dist_20ud_8w._.js:2099
[ 2851162ms] [ERROR] ./app/page.tsx:2:1
Module not found: Can't resolve 'lucide-react'
  1 | import Link from "next/link"
> 2 | import { ArrowRight, FileText, GitPullRequest, Share2 } from "lucide-react"
    | ^^^^^^^^^^^^^^^^^^^^^^^^^^^^^^^^^^^^^^^^^^^^^^^^^^^^^^^^^^^^^^^^^^^^^^^^^^^
  3 |
  4 | const chain = [
  5 |   {

https://nextjs.org/docs/messages/module-not-found @ http://localhost:3000/_next/static/chunks/node_modules_next_dist_20ud_8w._.js:2099
[ 2851162ms] [ERROR] ./components/ui/toast.tsx:6:1
Module not found: Can't resolve 'lucide-react'
  4 | import * as ToastPrimitives from "@radix-ui/react-toast"
  5 | import { cva, type VariantProps } from "class-variance-authority"
> 6 | import { X } from "lucide-react"
    | ^^^^^^^^^^^^^^^^^^^^^^^^^^^^^^^^
  7 |
  8 | import { cn } from "@/lib/utils"
  9 |

Import traces:
  Client Component Browser:
    ./components/ui/toast.tsx [Client Component Browser]
    ./components/ui/toaster.tsx [Client Component Browser]
    ./components/ui/toaster.tsx [Server Component]
    ./app/layout.tsx [Server Component]

  Client Component SSR:
    ./components/ui/toast.tsx [Client Component SSR]
    ./components/ui/toaster.tsx [Client Component SSR]
    ./components/ui/toaster.tsx [Server Component]
    ./app/layout.tsx [Server Component]

https://nextjs.org/docs/messages/module-not-found @ http://localhost:3000/_next/static/chunks/node_modules_next_dist_20ud_8w._.js:2099
[ 2851162ms] [ERROR] ./lib/utils.ts:2:1
Module not found: Can't resolve 'tailwind-merge'
  1 | import { type ClassValue, clsx } from "clsx"
> 2 | import { twMerge } from "tailwind-merge"
    | ^^^^^^^^^^^^^^^^^^^^^^^^^^^^^^^^^^^^^^^^
  3 |
  4 | export function cn(...inputs: ClassValue[]) {
  5 |   return twMerge(clsx(inputs))

Import traces:
  Client Component Browser:
    ./lib/utils.ts [Client Component Browser]
    ./components/ui/toast.tsx [Client Component Browser]
    ./components/ui/toaster.tsx [Client Component Browser]
    ./components/ui/toaster.tsx [Server Component]
    ./app/layout.tsx [Server Component]

  Client Component SSR:
    ./lib/utils.ts [Client Component SSR]
    ./components/ui/toast.tsx [Client Component SSR]
    ./components/ui/toaster.tsx [Client Component SSR]
    ./components/ui/toaster.tsx [Server Component]
    ./app/layout.tsx [Server Component]

https://nextjs.org/docs/messages/module-not-found @ http://localhost:3000/_next/static/chunks/node_modules_next_dist_20ud_8w._.js:2099
[ 2851223ms] [ERROR] ./app/globals.css
Error evaluating Node.js code
CssSyntaxError: tailwindcss: C:\Users\Lenovo\Desktop\线下黑客松\frontend\app\globals.css:1:1: Can't resolve 'tw-animate-css' in 'C:\Users\Lenovo\Desktop\线下黑客松\frontend\app'
    [at Input.error (turbopack:///[project]/node_modules/postcss/lib/input.js:135:16)]
    [at Root.error (turbopack:///[project]/node_modules/postcss/lib/node.js:166:32)]
    [at Object.Once (C:\Users\Lenovo\Desktop\线下黑客松\frontend\node_modules\@tailwindcss\postcss\dist\index.js:10:7013)]
    [at process.processTicksAndRejections (node:internal/process/task_queues:104:5)]
    [at async LazyResult.runAsync (turbopack:///[project]/node_modules/postcss/lib/lazy-result.js:299:11)]
    [at async transform (turbopack:///[turbopack-node]/transforms/postcss.ts:70:34)]
    [at async run (turbopack:///[turbopack-node]/child_process/evaluate.ts:89:23)]

Import trace:
  Client Component Browser:
    ./app/globals.css [Client Component Browser]
    ./app/layout.tsx [Server Component] @ http://localhost:3000/_next/static/chunks/node_modules_next_dist_20ud_8w._.js:2099
[ 2851224ms] [ERROR] ./components/ui/toast.tsx:4:1
Module not found: Can't resolve '@radix-ui/react-toast'
  2 |
  3 | import * as React from "react"
> 4 | import * as ToastPrimitives from "@radix-ui/react-toast"
    | ^^^^^^^^^^^^^^^^^^^^^^^^^^^^^^^^^^^^^^^^^^^^^^^^^^^^^^^^
  5 | import { cva, type VariantProps } from "class-variance-authority"
  6 | import { X } from "lucide-react"
  7 |

Import traces:
  Client Component Browser:
    ./components/ui/toast.tsx [Client Component Browser]
    ./components/ui/toaster.tsx [Client Component Browser]
    ./components/ui/toaster.tsx [Server Component]
    ./app/layout.tsx [Server Component]

  Client Component SSR:
    ./components/ui/toast.tsx [Client Component SSR]
    ./components/ui/toaster.tsx [Client Component SSR]
    ./components/ui/toaster.tsx [Server Component]
    ./app/layout.tsx [Server Component]

https://nextjs.org/docs/messages/module-not-found @ http://localhost:3000/_next/static/chunks/node_modules_next_dist_20ud_8w._.js:2099
[ 2851224ms] [ERROR] ./components/ui/toast.tsx:5:1
Module not found: Can't resolve 'class-variance-authority'
  3 | import * as React from "react"
  4 | import * as ToastPrimitives from "@radix-ui/react-toast"
> 5 | import { cva, type VariantProps } from "class-variance-authority"
    | ^^^^^^^^^^^^^^^^^^^^^^^^^^^^^^^^^^^^^^^^^^^^^^^^^^^^^^^^^^^^^^^^^
  6 | import { X } from "lucide-react"
  7 |
  8 | import { cn } from "@/lib/utils"

Import traces:
  Client Component Browser:
    ./components/ui/toast.tsx [Client Component Browser]
    ./components/ui/toaster.tsx [Client Component Browser]
    ./components/ui/toaster.tsx [Server Component]
    ./app/layout.tsx [Server Component]

  Client Component SSR:
    ./components/ui/toast.tsx [Client Component SSR]
    ./components/ui/toaster.tsx [Client Component SSR]
    ./components/ui/toaster.tsx [Server Component]
    ./app/layout.tsx [Server Component]

https://nextjs.org/docs/messages/module-not-found @ http://localhost:3000/_next/static/chunks/node_modules_next_dist_20ud_8w._.js:2099
[ 2851224ms] [ERROR] ./lib/utils.ts:1:1
Module not found: Can't resolve 'clsx'
> 1 | import { type ClassValue, clsx } from "clsx"
    | ^^^^^^^^^^^^^^^^^^^^^^^^^^^^^^^^^^^^^^^^^^^^
  2 | import { twMerge } from "tailwind-merge"
  3 |
  4 | export function cn(...inputs: ClassValue[]) {

Import traces:
  Client Component Browser:
    ./lib/utils.ts [Client Component Browser]
    ./components/ui/toast.tsx [Client Component Browser]
    ./components/ui/toaster.tsx [Client Component Browser]
    ./components/ui/toaster.tsx [Server Component]
    ./app/layout.tsx [Server Component]

  Client Component SSR:
    ./lib/utils.ts [Client Component SSR]
    ./components/ui/toast.tsx [Client Component SSR]
    ./components/ui/toaster.tsx [Client Component SSR]
    ./components/ui/toaster.tsx [Server Component]
    ./app/layout.tsx [Server Component]

https://nextjs.org/docs/messages/module-not-found @ http://localhost:3000/_next/static/chunks/node_modules_next_dist_20ud_8w._.js:2099
[ 2851225ms] [ERROR] ./app/page.tsx:2:1
Module not found: Can't resolve 'lucide-react'
  1 | import Link from "next/link"
> 2 | import { ArrowRight, FileText, GitPullRequest, Share2 } from "lucide-react"
    | ^^^^^^^^^^^^^^^^^^^^^^^^^^^^^^^^^^^^^^^^^^^^^^^^^^^^^^^^^^^^^^^^^^^^^^^^^^^
  3 |
  4 | const chain = [
  5 |   {

https://nextjs.org/docs/messages/module-not-found @ http://localhost:3000/_next/static/chunks/node_modules_next_dist_20ud_8w._.js:2099
[ 2851225ms] [ERROR] ./components/ui/toast.tsx:6:1
Module not found: Can't resolve 'lucide-react'
  4 | import * as ToastPrimitives from "@radix-ui/react-toast"
  5 | import { cva, type VariantProps } from "class-variance-authority"
> 6 | import { X } from "lucide-react"
    | ^^^^^^^^^^^^^^^^^^^^^^^^^^^^^^^^
  7 |
  8 | import { cn } from "@/lib/utils"
  9 |

Import traces:
  Client Component Browser:
    ./components/ui/toast.tsx [Client Component Browser]
    ./components/ui/toaster.tsx [Client Component Browser]
    ./components/ui/toaster.tsx [Server Component]
    ./app/layout.tsx [Server Component]

  Client Component SSR:
    ./components/ui/toast.tsx [Client Component SSR]
    ./components/ui/toaster.tsx [Client Component SSR]
    ./components/ui/toaster.tsx [Server Component]
    ./app/layout.tsx [Server Component]

https://nextjs.org/docs/messages/module-not-found @ http://localhost:3000/_next/static/chunks/node_modules_next_dist_20ud_8w._.js:2099
[ 2851225ms] [ERROR] ./lib/utils.ts:2:1
Module not found: Can't resolve 'tailwind-merge'
  1 | import { type ClassValue, clsx } from "clsx"
> 2 | import { twMerge } from "tailwind-merge"
    | ^^^^^^^^^^^^^^^^^^^^^^^^^^^^^^^^^^^^^^^^
  3 |
  4 | export function cn(...inputs: ClassValue[]) {
  5 |   return twMerge(clsx(inputs))

Import traces:
  Client Component Browser:
    ./lib/utils.ts [Client Component Browser]
    ./components/ui/toast.tsx [Client Component Browser]
    ./components/ui/toaster.tsx [Client Component Browser]
    ./components/ui/toaster.tsx [Server Component]
    ./app/layout.tsx [Server Component]

  Client Component SSR:
    ./lib/utils.ts [Client Component SSR]
    ./components/ui/toast.tsx [Client Component SSR]
    ./components/ui/toaster.tsx [Client Component SSR]
    ./components/ui/toaster.tsx [Server Component]
    ./app/layout.tsx [Server Component]

https://nextjs.org/docs/messages/module-not-found @ http://localhost:3000/_next/static/chunks/node_modules_next_dist_20ud_8w._.js:2099
[ 2851282ms] [LOG] [Fast Refresh] rebuilding @ http://localhost:3000/_next/static/chunks/node_modules_next_dist_20ud_8w._.js:1380
[ 2851394ms] [ERROR] ./app/globals.css
Error evaluating Node.js code
CssSyntaxError: tailwindcss: C:\Users\Lenovo\Desktop\线下黑客松\frontend\app\globals.css:1:1: Can't resolve 'tw-animate-css' in 'C:\Users\Lenovo\Desktop\线下黑客松\frontend\app'
    [at Input.error (turbopack:///[project]/node_modules/postcss/lib/input.js:135:16)]
    [at Root.error (turbopack:///[project]/node_modules/postcss/lib/node.js:166:32)]
    [at Object.Once (C:\Users\Lenovo\Desktop\线下黑客松\frontend\node_modules\@tailwindcss\postcss\dist\index.js:10:7013)]
    [at process.processTicksAndRejections (node:internal/process/task_queues:104:5)]
    [at async LazyResult.runAsync (turbopack:///[project]/node_modules/postcss/lib/lazy-result.js:299:11)]
    [at async transform (turbopack:///[turbopack-node]/transforms/postcss.ts:70:34)]
    [at async run (turbopack:///[turbopack-node]/child_process/evaluate.ts:89:23)]

Import trace:
  Client Component Browser:
    ./app/globals.css [Client Component Browser]
    ./app/layout.tsx [Server Component] @ http://localhost:3000/_next/static/chunks/node_modules_next_dist_20ud_8w._.js:2099
[ 2851394ms] [ERROR] ./components/ui/toast.tsx:4:1
Module not found: Can't resolve '@radix-ui/react-toast'
  2 |
  3 | import * as React from "react"
> 4 | import * as ToastPrimitives from "@radix-ui/react-toast"
    | ^^^^^^^^^^^^^^^^^^^^^^^^^^^^^^^^^^^^^^^^^^^^^^^^^^^^^^^^
  5 | import { cva, type VariantProps } from "class-variance-authority"
  6 | import { X } from "lucide-react"
  7 |

Import traces:
  Client Component Browser:
    ./components/ui/toast.tsx [Client Component Browser]
    ./components/ui/toaster.tsx [Client Component Browser]
    ./components/ui/toaster.tsx [Server Component]
    ./app/layout.tsx [Server Component]

  Client Component SSR:
    ./components/ui/toast.tsx [Client Component SSR]
    ./components/ui/toaster.tsx [Client Component SSR]
    ./components/ui/toaster.tsx [Server Component]
    ./app/layout.tsx [Server Component]

https://nextjs.org/docs/messages/module-not-found @ http://localhost:3000/_next/static/chunks/node_modules_next_dist_20ud_8w._.js:2099
[ 2851395ms] [ERROR] ./components/ui/toast.tsx:5:1
Module not found: Can't resolve 'class-variance-authority'
  3 | import * as React from "react"
  4 | import * as ToastPrimitives from "@radix-ui/react-toast"
> 5 | import { cva, type VariantProps } from "class-variance-authority"
    | ^^^^^^^^^^^^^^^^^^^^^^^^^^^^^^^^^^^^^^^^^^^^^^^^^^^^^^^^^^^^^^^^^
  6 | import { X } from "lucide-react"
  7 |
  8 | import { cn } from "@/lib/utils"

Import traces:
  Client Component Browser:
    ./components/ui/toast.tsx [Client Component Browser]
    ./components/ui/toaster.tsx [Client Component Browser]
    ./components/ui/toaster.tsx [Server Component]
    ./app/layout.tsx [Server Component]

  Client Component SSR:
    ./components/ui/toast.tsx [Client Component SSR]
    ./components/ui/toaster.tsx [Client Component SSR]
    ./components/ui/toaster.tsx [Server Component]
    ./app/layout.tsx [Server Component]

https://nextjs.org/docs/messages/module-not-found @ http://localhost:3000/_next/static/chunks/node_modules_next_dist_20ud_8w._.js:2099
[ 2851395ms] [ERROR] ./lib/utils.ts:1:1
Module not found: Can't resolve 'clsx'
> 1 | import { type ClassValue, clsx } from "clsx"
    | ^^^^^^^^^^^^^^^^^^^^^^^^^^^^^^^^^^^^^^^^^^^^
  2 | import { twMerge } from "tailwind-merge"
  3 |
  4 | export function cn(...inputs: ClassValue[]) {

Import traces:
  Client Component Browser:
    ./lib/utils.ts [Client Component Browser]
    ./components/ui/toast.tsx [Client Component Browser]
    ./components/ui/toaster.tsx [Client Component Browser]
    ./components/ui/toaster.tsx [Server Component]
    ./app/layout.tsx [Server Component]

  Client Component SSR:
    ./lib/utils.ts [Client Component SSR]
    ./components/ui/toast.tsx [Client Component SSR]
    ./components/ui/toaster.tsx [Client Component SSR]
    ./components/ui/toaster.tsx [Server Component]
    ./app/layout.tsx [Server Component]

https://nextjs.org/docs/messages/module-not-found @ http://localhost:3000/_next/static/chunks/node_modules_next_dist_20ud_8w._.js:2099
[ 2851395ms] [ERROR] ./app/page.tsx:2:1
Module not found: Can't resolve 'lucide-react'
  1 | import Link from "next/link"
> 2 | import { ArrowRight, FileText, GitPullRequest, Share2 } from "lucide-react"
    | ^^^^^^^^^^^^^^^^^^^^^^^^^^^^^^^^^^^^^^^^^^^^^^^^^^^^^^^^^^^^^^^^^^^^^^^^^^^
  3 |
  4 | const chain = [
  5 |   {

https://nextjs.org/docs/messages/module-not-found @ http://localhost:3000/_next/static/chunks/node_modules_next_dist_20ud_8w._.js:2099
[ 2851396ms] [ERROR] ./components/ui/toast.tsx:6:1
Module not found: Can't resolve 'lucide-react'
  4 | import * as ToastPrimitives from "@radix-ui/react-toast"
  5 | import { cva, type VariantProps } from "class-variance-authority"
> 6 | import { X } from "lucide-react"
    | ^^^^^^^^^^^^^^^^^^^^^^^^^^^^^^^^
  7 |
  8 | import { cn } from "@/lib/utils"
  9 |

Import traces:
  Client Component Browser:
    ./components/ui/toast.tsx [Client Component Browser]
    ./components/ui/toaster.tsx [Client Component Browser]
    ./components/ui/toaster.tsx [Server Component]
    ./app/layout.tsx [Server Component]

  Client Component SSR:
    ./components/ui/toast.tsx [Client Component SSR]
    ./components/ui/toaster.tsx [Client Component SSR]
    ./components/ui/toaster.tsx [Server Component]
    ./app/layout.tsx [Server Component]

https://nextjs.org/docs/messages/module-not-found @ http://localhost:3000/_next/static/chunks/node_modules_next_dist_20ud_8w._.js:2099
[ 2851396ms] [ERROR] ./lib/utils.ts:2:1
Module not found: Can't resolve 'tailwind-merge'
  1 | import { type ClassValue, clsx } from "clsx"
> 2 | import { twMerge } from "tailwind-merge"
    | ^^^^^^^^^^^^^^^^^^^^^^^^^^^^^^^^^^^^^^^^
  3 |
  4 | export function cn(...inputs: ClassValue[]) {
  5 |   return twMerge(clsx(inputs))

Import traces:
  Client Component Browser:
    ./lib/utils.ts [Client Component Browser]
    ./components/ui/toast.tsx [Client Component Browser]
    ./components/ui/toaster.tsx [Client Component Browser]
    ./components/ui/toaster.tsx [Server Component]
    ./app/layout.tsx [Server Component]

  Client Component SSR:
    ./lib/utils.ts [Client Component SSR]
    ./components/ui/toast.tsx [Client Component SSR]
    ./components/ui/toaster.tsx [Client Component SSR]
    ./components/ui/toaster.tsx [Server Component]
    ./app/layout.tsx [Server Component]

https://nextjs.org/docs/messages/module-not-found @ http://localhost:3000/_next/static/chunks/node_modules_next_dist_20ud_8w._.js:2099
[ 2851455ms] [LOG] [Fast Refresh] rebuilding @ http://localhost:3000/_next/static/chunks/node_modules_next_dist_20ud_8w._.js:1380
[ 2851508ms] [ERROR] ./app/globals.css
Error evaluating Node.js code
CssSyntaxError: tailwindcss: C:\Users\Lenovo\Desktop\线下黑客松\frontend\app\globals.css:1:1: Can't resolve 'tw-animate-css' in 'C:\Users\Lenovo\Desktop\线下黑客松\frontend\app'
    [at Input.error (turbopack:///[project]/node_modules/postcss/lib/input.js:135:16)]
    [at Root.error (turbopack:///[project]/node_modules/postcss/lib/node.js:166:32)]
    [at Object.Once (C:\Users\Lenovo\Desktop\线下黑客松\frontend\node_modules\@tailwindcss\postcss\dist\index.js:10:7013)]
    [at process.processTicksAndRejections (node:internal/process/task_queues:104:5)]
    [at async LazyResult.runAsync (turbopack:///[project]/node_modules/postcss/lib/lazy-result.js:299:11)]
    [at async transform (turbopack:///[turbopack-node]/transforms/postcss.ts:70:34)]
    [at async run (turbopack:///[turbopack-node]/child_process/evaluate.ts:89:23)]

Import trace:
  Client Component Browser:
    ./app/globals.css [Client Component Browser]
    ./app/layout.tsx [Server Component] @ http://localhost:3000/_next/static/chunks/node_modules_next_dist_20ud_8w._.js:2099
[ 2851508ms] [ERROR] ./components/ui/toast.tsx:4:1
Module not found: Can't resolve '@radix-ui/react-toast'
  2 |
  3 | import * as React from "react"
> 4 | import * as ToastPrimitives from "@radix-ui/react-toast"
    | ^^^^^^^^^^^^^^^^^^^^^^^^^^^^^^^^^^^^^^^^^^^^^^^^^^^^^^^^
  5 | import { cva, type VariantProps } from "class-variance-authority"
  6 | import { X } from "lucide-react"
  7 |

Import traces:
  Client Component Browser:
    ./components/ui/toast.tsx [Client Component Browser]
    ./components/ui/toaster.tsx [Client Component Browser]
    ./components/ui/toaster.tsx [Server Component]
    ./app/layout.tsx [Server Component]

  Client Component SSR:
    ./components/ui/toast.tsx [Client Component SSR]
    ./components/ui/toaster.tsx [Client Component SSR]
    ./components/ui/toaster.tsx [Server Component]
    ./app/layout.tsx [Server Component]

https://nextjs.org/docs/messages/module-not-found @ http://localhost:3000/_next/static/chunks/node_modules_next_dist_20ud_8w._.js:2099
[ 2851508ms] [ERROR] ./components/ui/toast.tsx:5:1
Module not found: Can't resolve 'class-variance-authority'
  3 | import * as React from "react"
  4 | import * as ToastPrimitives from "@radix-ui/react-toast"
> 5 | import { cva, type VariantProps } from "class-variance-authority"
    | ^^^^^^^^^^^^^^^^^^^^^^^^^^^^^^^^^^^^^^^^^^^^^^^^^^^^^^^^^^^^^^^^^
  6 | import { X } from "lucide-react"
  7 |
  8 | import { cn } from "@/lib/utils"

Import traces:
  Client Component Browser:
    ./components/ui/toast.tsx [Client Component Browser]
    ./components/ui/toaster.tsx [Client Component Browser]
    ./components/ui/toaster.tsx [Server Component]
    ./app/layout.tsx [Server Component]

  Client Component SSR:
    ./components/ui/toast.tsx [Client Component SSR]
    ./components/ui/toaster.tsx [Client Component SSR]
    ./components/ui/toaster.tsx [Server Component]
    ./app/layout.tsx [Server Component]

https://nextjs.org/docs/messages/module-not-found @ http://localhost:3000/_next/static/chunks/node_modules_next_dist_20ud_8w._.js:2099
[ 2851509ms] [ERROR] ./lib/utils.ts:1:1
Module not found: Can't resolve 'clsx'
> 1 | import { type ClassValue, clsx } from "clsx"
    | ^^^^^^^^^^^^^^^^^^^^^^^^^^^^^^^^^^^^^^^^^^^^
  2 | import { twMerge } from "tailwind-merge"
  3 |
  4 | export function cn(...inputs: ClassValue[]) {

Import traces:
  Client Component Browser:
    ./lib/utils.ts [Client Component Browser]
    ./components/ui/toast.tsx [Client Component Browser]
    ./components/ui/toaster.tsx [Client Component Browser]
    ./components/ui/toaster.tsx [Server Component]
    ./app/layout.tsx [Server Component]

  Client Component SSR:
    ./lib/utils.ts [Client Component SSR]
    ./components/ui/toast.tsx [Client Component SSR]
    ./components/ui/toaster.tsx [Client Component SSR]
    ./components/ui/toaster.tsx [Server Component]
    ./app/layout.tsx [Server Component]

https://nextjs.org/docs/messages/module-not-found @ http://localhost:3000/_next/static/chunks/node_modules_next_dist_20ud_8w._.js:2099
[ 2851509ms] [ERROR] ./app/page.tsx:2:1
Module not found: Can't resolve 'lucide-react'
  1 | import Link from "next/link"
> 2 | import { ArrowRight, FileText, GitPullRequest, Share2 } from "lucide-react"
    | ^^^^^^^^^^^^^^^^^^^^^^^^^^^^^^^^^^^^^^^^^^^^^^^^^^^^^^^^^^^^^^^^^^^^^^^^^^^
  3 |
  4 | const chain = [
  5 |   {

https://nextjs.org/docs/messages/module-not-found @ http://localhost:3000/_next/static/chunks/node_modules_next_dist_20ud_8w._.js:2099
[ 2851509ms] [ERROR] ./components/ui/toast.tsx:6:1
Module not found: Can't resolve 'lucide-react'
  4 | import * as ToastPrimitives from "@radix-ui/react-toast"
  5 | import { cva, type VariantProps } from "class-variance-authority"
> 6 | import { X } from "lucide-react"
    | ^^^^^^^^^^^^^^^^^^^^^^^^^^^^^^^^
  7 |
  8 | import { cn } from "@/lib/utils"
  9 |

Import traces:
  Client Component Browser:
    ./components/ui/toast.tsx [Client Component Browser]
    ./components/ui/toaster.tsx [Client Component Browser]
    ./components/ui/toaster.tsx [Server Component]
    ./app/layout.tsx [Server Component]

  Client Component SSR:
    ./components/ui/toast.tsx [Client Component SSR]
    ./components/ui/toaster.tsx [Client Component SSR]
    ./components/ui/toaster.tsx [Server Component]
    ./app/layout.tsx [Server Component]

https://nextjs.org/docs/messages/module-not-found @ http://localhost:3000/_next/static/chunks/node_modules_next_dist_20ud_8w._.js:2099
[ 2851509ms] [ERROR] ./lib/utils.ts:2:1
Module not found: Can't resolve 'tailwind-merge'
  1 | import { type ClassValue, clsx } from "clsx"
> 2 | import { twMerge } from "tailwind-merge"
    | ^^^^^^^^^^^^^^^^^^^^^^^^^^^^^^^^^^^^^^^^
  3 |
  4 | export function cn(...inputs: ClassValue[]) {
  5 |   return twMerge(clsx(inputs))

Import traces:
  Client Component Browser:
    ./lib/utils.ts [Client Component Browser]
    ./components/ui/toast.tsx [Client Component Browser]
    ./components/ui/toaster.tsx [Client Component Browser]
    ./components/ui/toaster.tsx [Server Component]
    ./app/layout.tsx [Server Component]

  Client Component SSR:
    ./lib/utils.ts [Client Component SSR]
    ./components/ui/toast.tsx [Client Component SSR]
    ./components/ui/toaster.tsx [Client Component SSR]
    ./components/ui/toaster.tsx [Server Component]
    ./app/layout.tsx [Server Component]

https://nextjs.org/docs/messages/module-not-found @ http://localhost:3000/_next/static/chunks/node_modules_next_dist_20ud_8w._.js:2099
[ 2851554ms] [ERROR] ./app/globals.css
Error evaluating Node.js code
CssSyntaxError: tailwindcss: C:\Users\Lenovo\Desktop\线下黑客松\frontend\app\globals.css:1:1: Can't resolve 'tw-animate-css' in 'C:\Users\Lenovo\Desktop\线下黑客松\frontend\app'
    [at Input.error (turbopack:///[project]/node_modules/postcss/lib/input.js:135:16)]
    [at Root.error (turbopack:///[project]/node_modules/postcss/lib/node.js:166:32)]
    [at Object.Once (C:\Users\Lenovo\Desktop\线下黑客松\frontend\node_modules\@tailwindcss\postcss\dist\index.js:10:7013)]
    [at process.processTicksAndRejections (node:internal/process/task_queues:104:5)]
    [at async LazyResult.runAsync (turbopack:///[project]/node_modules/postcss/lib/lazy-result.js:299:11)]
    [at async transform (turbopack:///[turbopack-node]/transforms/postcss.ts:70:34)]
    [at async run (turbopack:///[turbopack-node]/child_process/evaluate.ts:89:23)]

Import trace:
  Client Component Browser:
    ./app/globals.css [Client Component Browser]
    ./app/layout.tsx [Server Component] @ http://localhost:3000/_next/static/chunks/node_modules_next_dist_20ud_8w._.js:2099
[ 2851555ms] [ERROR] ./components/ui/toast.tsx:4:1
Module not found: Can't resolve '@radix-ui/react-toast'
  2 |
  3 | import * as React from "react"
> 4 | import * as ToastPrimitives from "@radix-ui/react-toast"
    | ^^^^^^^^^^^^^^^^^^^^^^^^^^^^^^^^^^^^^^^^^^^^^^^^^^^^^^^^
  5 | import { cva, type VariantProps } from "class-variance-authority"
  6 | import { X } from "lucide-react"
  7 |

Import traces:
  Client Component Browser:
    ./components/ui/toast.tsx [Client Component Browser]
    ./components/ui/toaster.tsx [Client Component Browser]
    ./components/ui/toaster.tsx [Server Component]
    ./app/layout.tsx [Server Component]

  Client Component SSR:
    ./components/ui/toast.tsx [Client Component SSR]
    ./components/ui/toaster.tsx [Client Component SSR]
    ./components/ui/toaster.tsx [Server Component]
    ./app/layout.tsx [Server Component]

https://nextjs.org/docs/messages/module-not-found @ http://localhost:3000/_next/static/chunks/node_modules_next_dist_20ud_8w._.js:2099
[ 2851555ms] [ERROR] ./components/ui/toast.tsx:5:1
Module not found: Can't resolve 'class-variance-authority'
  3 | import * as React from "react"
  4 | import * as ToastPrimitives from "@radix-ui/react-toast"
> 5 | import { cva, type VariantProps } from "class-variance-authority"
    | ^^^^^^^^^^^^^^^^^^^^^^^^^^^^^^^^^^^^^^^^^^^^^^^^^^^^^^^^^^^^^^^^^
  6 | import { X } from "lucide-react"
  7 |
  8 | import { cn } from "@/lib/utils"

Import traces:
  Client Component Browser:
    ./components/ui/toast.tsx [Client Component Browser]
    ./components/ui/toaster.tsx [Client Component Browser]
    ./components/ui/toaster.tsx [Server Component]
    ./app/layout.tsx [Server Component]

  Client Component SSR:
    ./components/ui/toast.tsx [Client Component SSR]
    ./components/ui/toaster.tsx [Client Component SSR]
    ./components/ui/toaster.tsx [Server Component]
    ./app/layout.tsx [Server Component]

https://nextjs.org/docs/messages/module-not-found @ http://localhost:3000/_next/static/chunks/node_modules_next_dist_20ud_8w._.js:2099
[ 2851555ms] [ERROR] ./lib/utils.ts:1:1
Module not found: Can't resolve 'clsx'
> 1 | import { type ClassValue, clsx } from "clsx"
    | ^^^^^^^^^^^^^^^^^^^^^^^^^^^^^^^^^^^^^^^^^^^^
  2 | import { twMerge } from "tailwind-merge"
  3 |
  4 | export function cn(...inputs: ClassValue[]) {

Import traces:
  Client Component Browser:
    ./lib/utils.ts [Client Component Browser]
    ./components/ui/toast.tsx [Client Component Browser]
    ./components/ui/toaster.tsx [Client Component Browser]
    ./components/ui/toaster.tsx [Server Component]
    ./app/layout.tsx [Server Component]

  Client Component SSR:
    ./lib/utils.ts [Client Component SSR]
    ./components/ui/toast.tsx [Client Component SSR]
    ./components/ui/toaster.tsx [Client Component SSR]
    ./components/ui/toaster.tsx [Server Component]
    ./app/layout.tsx [Server Component]

https://nextjs.org/docs/messages/module-not-found @ http://localhost:3000/_next/static/chunks/node_modules_next_dist_20ud_8w._.js:2099
[ 2851556ms] [ERROR] ./app/page.tsx:2:1
Module not found: Can't resolve 'lucide-react'
  1 | import Link from "next/link"
> 2 | import { ArrowRight, FileText, GitPullRequest, Share2 } from "lucide-react"
    | ^^^^^^^^^^^^^^^^^^^^^^^^^^^^^^^^^^^^^^^^^^^^^^^^^^^^^^^^^^^^^^^^^^^^^^^^^^^
  3 |
  4 | const chain = [
  5 |   {

https://nextjs.org/docs/messages/module-not-found @ http://localhost:3000/_next/static/chunks/node_modules_next_dist_20ud_8w._.js:2099
[ 2851556ms] [ERROR] ./components/ui/toast.tsx:6:1
Module not found: Can't resolve 'lucide-react'
  4 | import * as ToastPrimitives from "@radix-ui/react-toast"
  5 | import { cva, type VariantProps } from "class-variance-authority"
> 6 | import { X } from "lucide-react"
    | ^^^^^^^^^^^^^^^^^^^^^^^^^^^^^^^^
  7 |
  8 | import { cn } from "@/lib/utils"
  9 |

Import traces:
  Client Component Browser:
    ./components/ui/toast.tsx [Client Component Browser]
    ./components/ui/toaster.tsx [Client Component Browser]
    ./components/ui/toaster.tsx [Server Component]
    ./app/layout.tsx [Server Component]

  Client Component SSR:
    ./components/ui/toast.tsx [Client Component SSR]
    ./components/ui/toaster.tsx [Client Component SSR]
    ./components/ui/toaster.tsx [Server Component]
    ./app/layout.tsx [Server Component]

https://nextjs.org/docs/messages/module-not-found @ http://localhost:3000/_next/static/chunks/node_modules_next_dist_20ud_8w._.js:2099
[ 2851556ms] [ERROR] ./lib/utils.ts:2:1
Module not found: Can't resolve 'tailwind-merge'
  1 | import { type ClassValue, clsx } from "clsx"
> 2 | import { twMerge } from "tailwind-merge"
    | ^^^^^^^^^^^^^^^^^^^^^^^^^^^^^^^^^^^^^^^^
  3 |
  4 | export function cn(...inputs: ClassValue[]) {
  5 |   return twMerge(clsx(inputs))

Import traces:
  Client Component Browser:
    ./lib/utils.ts [Client Component Browser]
    ./components/ui/toast.tsx [Client Component Browser]
    ./components/ui/toaster.tsx [Client Component Browser]
    ./components/ui/toaster.tsx [Server Component]
    ./app/layout.tsx [Server Component]

  Client Component SSR:
    ./lib/utils.ts [Client Component SSR]
    ./components/ui/toast.tsx [Client Component SSR]
    ./components/ui/toaster.tsx [Client Component SSR]
    ./components/ui/toaster.tsx [Server Component]
    ./app/layout.tsx [Server Component]

https://nextjs.org/docs/messages/module-not-found @ http://localhost:3000/_next/static/chunks/node_modules_next_dist_20ud_8w._.js:2099
[ 2851602ms] [ERROR] ./app/globals.css
Error evaluating Node.js code
CssSyntaxError: tailwindcss: C:\Users\Lenovo\Desktop\线下黑客松\frontend\app\globals.css:1:1: Can't resolve 'tw-animate-css' in 'C:\Users\Lenovo\Desktop\线下黑客松\frontend\app'
    [at Input.error (turbopack:///[project]/node_modules/postcss/lib/input.js:135:16)]
    [at Root.error (turbopack:///[project]/node_modules/postcss/lib/node.js:166:32)]
    [at Object.Once (C:\Users\Lenovo\Desktop\线下黑客松\frontend\node_modules\@tailwindcss\postcss\dist\index.js:10:7013)]
    [at process.processTicksAndRejections (node:internal/process/task_queues:104:5)]
    [at async LazyResult.runAsync (turbopack:///[project]/node_modules/postcss/lib/lazy-result.js:299:11)]
    [at async transform (turbopack:///[turbopack-node]/transforms/postcss.ts:70:34)]
    [at async run (turbopack:///[turbopack-node]/child_process/evaluate.ts:89:23)]

Import trace:
  Client Component Browser:
    ./app/globals.css [Client Component Browser]
    ./app/layout.tsx [Server Component] @ http://localhost:3000/_next/static/chunks/node_modules_next_dist_20ud_8w._.js:2099
[ 2851602ms] [ERROR] ./components/ui/toast.tsx:4:1
Module not found: Can't resolve '@radix-ui/react-toast'
  2 |
  3 | import * as React from "react"
> 4 | import * as ToastPrimitives from "@radix-ui/react-toast"
    | ^^^^^^^^^^^^^^^^^^^^^^^^^^^^^^^^^^^^^^^^^^^^^^^^^^^^^^^^
  5 | import { cva, type VariantProps } from "class-variance-authority"
  6 | import { X } from "lucide-react"
  7 |

Import traces:
  Client Component Browser:
    ./components/ui/toast.tsx [Client Component Browser]
    ./components/ui/toaster.tsx [Client Component Browser]
    ./components/ui/toaster.tsx [Server Component]
    ./app/layout.tsx [Server Component]

  Client Component SSR:
    ./components/ui/toast.tsx [Client Component SSR]
    ./components/ui/toaster.tsx [Client Component SSR]
    ./components/ui/toaster.tsx [Server Component]
    ./app/layout.tsx [Server Component]

https://nextjs.org/docs/messages/module-not-found @ http://localhost:3000/_next/static/chunks/node_modules_next_dist_20ud_8w._.js:2099
[ 2851602ms] [ERROR] ./components/ui/toast.tsx:5:1
Module not found: Can't resolve 'class-variance-authority'
  3 | import * as React from "react"
  4 | import * as ToastPrimitives from "@radix-ui/react-toast"
> 5 | import { cva, type VariantProps } from "class-variance-authority"
    | ^^^^^^^^^^^^^^^^^^^^^^^^^^^^^^^^^^^^^^^^^^^^^^^^^^^^^^^^^^^^^^^^^
  6 | import { X } from "lucide-react"
  7 |
  8 | import { cn } from "@/lib/utils"

Import traces:
  Client Component Browser:
    ./components/ui/toast.tsx [Client Component Browser]
    ./components/ui/toaster.tsx [Client Component Browser]
    ./components/ui/toaster.tsx [Server Component]
    ./app/layout.tsx [Server Component]

  Client Component SSR:
    ./components/ui/toast.tsx [Client Component SSR]
    ./components/ui/toaster.tsx [Client Component SSR]
    ./components/ui/toaster.tsx [Server Component]
    ./app/layout.tsx [Server Component]

https://nextjs.org/docs/messages/module-not-found @ http://localhost:3000/_next/static/chunks/node_modules_next_dist_20ud_8w._.js:2099
[ 2851603ms] [ERROR] ./lib/utils.ts:1:1
Module not found: Can't resolve 'clsx'
> 1 | import { type ClassValue, clsx } from "clsx"
    | ^^^^^^^^^^^^^^^^^^^^^^^^^^^^^^^^^^^^^^^^^^^^
  2 | import { twMerge } from "tailwind-merge"
  3 |
  4 | export function cn(...inputs: ClassValue[]) {

Import traces:
  Client Component Browser:
    ./lib/utils.ts [Client Component Browser]
    ./components/ui/toast.tsx [Client Component Browser]
    ./components/ui/toaster.tsx [Client Component Browser]
    ./components/ui/toaster.tsx [Server Component]
    ./app/layout.tsx [Server Component]

  Client Component SSR:
    ./lib/utils.ts [Client Component SSR]
    ./components/ui/toast.tsx [Client Component SSR]
    ./components/ui/toaster.tsx [Client Component SSR]
    ./components/ui/toaster.tsx [Server Component]
    ./app/layout.tsx [Server Component]

https://nextjs.org/docs/messages/module-not-found @ http://localhost:3000/_next/static/chunks/node_modules_next_dist_20ud_8w._.js:2099
[ 2851603ms] [ERROR] ./app/page.tsx:2:1
Module not found: Can't resolve 'lucide-react'
  1 | import Link from "next/link"
> 2 | import { ArrowRight, FileText, GitPullRequest, Share2 } from "lucide-react"
    | ^^^^^^^^^^^^^^^^^^^^^^^^^^^^^^^^^^^^^^^^^^^^^^^^^^^^^^^^^^^^^^^^^^^^^^^^^^^
  3 |
  4 | const chain = [
  5 |   {

https://nextjs.org/docs/messages/module-not-found @ http://localhost:3000/_next/static/chunks/node_modules_next_dist_20ud_8w._.js:2099
[ 2851603ms] [ERROR] ./components/ui/toast.tsx:6:1
Module not found: Can't resolve 'lucide-react'
  4 | import * as ToastPrimitives from "@radix-ui/react-toast"
  5 | import { cva, type VariantProps } from "class-variance-authority"
> 6 | import { X } from "lucide-react"
    | ^^^^^^^^^^^^^^^^^^^^^^^^^^^^^^^^
  7 |
  8 | import { cn } from "@/lib/utils"
  9 |

Import traces:
  Client Component Browser:
    ./components/ui/toast.tsx [Client Component Browser]
    ./components/ui/toaster.tsx [Client Component Browser]
    ./components/ui/toaster.tsx [Server Component]
    ./app/layout.tsx [Server Component]

  Client Component SSR:
    ./components/ui/toast.tsx [Client Component SSR]
    ./components/ui/toaster.tsx [Client Component SSR]
    ./components/ui/toaster.tsx [Server Component]
    ./app/layout.tsx [Server Component]

https://nextjs.org/docs/messages/module-not-found @ http://localhost:3000/_next/static/chunks/node_modules_next_dist_20ud_8w._.js:2099
[ 2851603ms] [ERROR] ./lib/utils.ts:2:1
Module not found: Can't resolve 'tailwind-merge'
  1 | import { type ClassValue, clsx } from "clsx"
> 2 | import { twMerge } from "tailwind-merge"
    | ^^^^^^^^^^^^^^^^^^^^^^^^^^^^^^^^^^^^^^^^
  3 |
  4 | export function cn(...inputs: ClassValue[]) {
  5 |   return twMerge(clsx(inputs))

Import traces:
  Client Component Browser:
    ./lib/utils.ts [Client Component Browser]
    ./components/ui/toast.tsx [Client Component Browser]
    ./components/ui/toaster.tsx [Client Component Browser]
    ./components/ui/toaster.tsx [Server Component]
    ./app/layout.tsx [Server Component]

  Client Component SSR:
    ./lib/utils.ts [Client Component SSR]
    ./components/ui/toast.tsx [Client Component SSR]
    ./components/ui/toaster.tsx [Client Component SSR]
    ./components/ui/toaster.tsx [Server Component]
    ./app/layout.tsx [Server Component]

https://nextjs.org/docs/messages/module-not-found @ http://localhost:3000/_next/static/chunks/node_modules_next_dist_20ud_8w._.js:2099
[ 2851661ms] [LOG] [Fast Refresh] rebuilding @ http://localhost:3000/_next/static/chunks/node_modules_next_dist_20ud_8w._.js:1380
[ 2851791ms] [ERROR] ./app/globals.css
Error evaluating Node.js code
CssSyntaxError: tailwindcss: C:\Users\Lenovo\Desktop\线下黑客松\frontend\app\globals.css:1:1: Can't resolve 'tw-animate-css' in 'C:\Users\Lenovo\Desktop\线下黑客松\frontend\app'
    [at Input.error (turbopack:///[project]/node_modules/postcss/lib/input.js:135:16)]
    [at Root.error (turbopack:///[project]/node_modules/postcss/lib/node.js:166:32)]
    [at Object.Once (C:\Users\Lenovo\Desktop\线下黑客松\frontend\node_modules\@tailwindcss\postcss\dist\index.js:10:7013)]
    [at process.processTicksAndRejections (node:internal/process/task_queues:104:5)]
    [at async LazyResult.runAsync (turbopack:///[project]/node_modules/postcss/lib/lazy-result.js:299:11)]
    [at async transform (turbopack:///[turbopack-node]/transforms/postcss.ts:70:34)]
    [at async run (turbopack:///[turbopack-node]/child_process/evaluate.ts:89:23)]

Import trace:
  Client Component Browser:
    ./app/globals.css [Client Component Browser]
    ./app/layout.tsx [Server Component] @ http://localhost:3000/_next/static/chunks/node_modules_next_dist_20ud_8w._.js:2099
[ 2851792ms] [ERROR] ./components/ui/toast.tsx:4:1
Module not found: Can't resolve '@radix-ui/react-toast'
  2 |
  3 | import * as React from "react"
> 4 | import * as ToastPrimitives from "@radix-ui/react-toast"
    | ^^^^^^^^^^^^^^^^^^^^^^^^^^^^^^^^^^^^^^^^^^^^^^^^^^^^^^^^
  5 | import { cva, type VariantProps } from "class-variance-authority"
  6 | import { X } from "lucide-react"
  7 |

Import traces:
  Client Component Browser:
    ./components/ui/toast.tsx [Client Component Browser]
    ./components/ui/toaster.tsx [Client Component Browser]
    ./components/ui/toaster.tsx [Server Component]
    ./app/layout.tsx [Server Component]

  Client Component SSR:
    ./components/ui/toast.tsx [Client Component SSR]
    ./components/ui/toaster.tsx [Client Component SSR]
    ./components/ui/toaster.tsx [Server Component]
    ./app/layout.tsx [Server Component]

https://nextjs.org/docs/messages/module-not-found @ http://localhost:3000/_next/static/chunks/node_modules_next_dist_20ud_8w._.js:2099
[ 2851792ms] [ERROR] ./components/ui/toast.tsx:5:1
Module not found: Can't resolve 'class-variance-authority'
  3 | import * as React from "react"
  4 | import * as ToastPrimitives from "@radix-ui/react-toast"
> 5 | import { cva, type VariantProps } from "class-variance-authority"
    | ^^^^^^^^^^^^^^^^^^^^^^^^^^^^^^^^^^^^^^^^^^^^^^^^^^^^^^^^^^^^^^^^^
  6 | import { X } from "lucide-react"
  7 |
  8 | import { cn } from "@/lib/utils"

Import traces:
  Client Component Browser:
    ./components/ui/toast.tsx [Client Component Browser]
    ./components/ui/toaster.tsx [Client Component Browser]
    ./components/ui/toaster.tsx [Server Component]
    ./app/layout.tsx [Server Component]

  Client Component SSR:
    ./components/ui/toast.tsx [Client Component SSR]
    ./components/ui/toaster.tsx [Client Component SSR]
    ./components/ui/toaster.tsx [Server Component]
    ./app/layout.tsx [Server Component]

https://nextjs.org/docs/messages/module-not-found @ http://localhost:3000/_next/static/chunks/node_modules_next_dist_20ud_8w._.js:2099
[ 2851793ms] [ERROR] ./lib/utils.ts:1:1
Module not found: Can't resolve 'clsx'
> 1 | import { type ClassValue, clsx } from "clsx"
    | ^^^^^^^^^^^^^^^^^^^^^^^^^^^^^^^^^^^^^^^^^^^^
  2 | import { twMerge } from "tailwind-merge"
  3 |
  4 | export function cn(...inputs: ClassValue[]) {

Import traces:
  Client Component Browser:
    ./lib/utils.ts [Client Component Browser]
    ./components/ui/toast.tsx [Client Component Browser]
    ./components/ui/toaster.tsx [Client Component Browser]
    ./components/ui/toaster.tsx [Server Component]
    ./app/layout.tsx [Server Component]

  Client Component SSR:
    ./lib/utils.ts [Client Component SSR]
    ./components/ui/toast.tsx [Client Component SSR]
    ./components/ui/toaster.tsx [Client Component SSR]
    ./components/ui/toaster.tsx [Server Component]
    ./app/layout.tsx [Server Component]

https://nextjs.org/docs/messages/module-not-found @ http://localhost:3000/_next/static/chunks/node_modules_next_dist_20ud_8w._.js:2099
[ 2851793ms] [ERROR] ./app/page.tsx:2:1
Module not found: Can't resolve 'lucide-react'
  1 | import Link from "next/link"
> 2 | import { ArrowRight, FileText, GitPullRequest, Share2 } from "lucide-react"
    | ^^^^^^^^^^^^^^^^^^^^^^^^^^^^^^^^^^^^^^^^^^^^^^^^^^^^^^^^^^^^^^^^^^^^^^^^^^^
  3 |
  4 | const chain = [
  5 |   {

https://nextjs.org/docs/messages/module-not-found @ http://localhost:3000/_next/static/chunks/node_modules_next_dist_20ud_8w._.js:2099
[ 2851793ms] [ERROR] ./components/ui/toast.tsx:6:1
Module not found: Can't resolve 'lucide-react'
  4 | import * as ToastPrimitives from "@radix-ui/react-toast"
  5 | import { cva, type VariantProps } from "class-variance-authority"
> 6 | import { X } from "lucide-react"
    | ^^^^^^^^^^^^^^^^^^^^^^^^^^^^^^^^
  7 |
  8 | import { cn } from "@/lib/utils"
  9 |

Import traces:
  Client Component Browser:
    ./components/ui/toast.tsx [Client Component Browser]
    ./components/ui/toaster.tsx [Client Component Browser]
    ./components/ui/toaster.tsx [Server Component]
    ./app/layout.tsx [Server Component]

  Client Component SSR:
    ./components/ui/toast.tsx [Client Component SSR]
    ./components/ui/toaster.tsx [Client Component SSR]
    ./components/ui/toaster.tsx [Server Component]
    ./app/layout.tsx [Server Component]

https://nextjs.org/docs/messages/module-not-found @ http://localhost:3000/_next/static/chunks/node_modules_next_dist_20ud_8w._.js:2099
[ 2851793ms] [ERROR] ./lib/utils.ts:2:1
Module not found: Can't resolve 'tailwind-merge'
  1 | import { type ClassValue, clsx } from "clsx"
> 2 | import { twMerge } from "tailwind-merge"
    | ^^^^^^^^^^^^^^^^^^^^^^^^^^^^^^^^^^^^^^^^
  3 |
  4 | export function cn(...inputs: ClassValue[]) {
  5 |   return twMerge(clsx(inputs))

Import traces:
  Client Component Browser:
    ./lib/utils.ts [Client Component Browser]
    ./components/ui/toast.tsx [Client Component Browser]
    ./components/ui/toaster.tsx [Client Component Browser]
    ./components/ui/toaster.tsx [Server Component]
    ./app/layout.tsx [Server Component]

  Client Component SSR:
    ./lib/utils.ts [Client Component SSR]
    ./components/ui/toast.tsx [Client Component SSR]
    ./components/ui/toaster.tsx [Client Component SSR]
    ./components/ui/toaster.tsx [Server Component]
    ./app/layout.tsx [Server Component]

https://nextjs.org/docs/messages/module-not-found @ http://localhost:3000/_next/static/chunks/node_modules_next_dist_20ud_8w._.js:2099
[ 2851851ms] [LOG] [Fast Refresh] rebuilding @ http://localhost:3000/_next/static/chunks/node_modules_next_dist_20ud_8w._.js:1380
[ 2851903ms] [ERROR] ./app/globals.css
Error evaluating Node.js code
CssSyntaxError: tailwindcss: C:\Users\Lenovo\Desktop\线下黑客松\frontend\app\globals.css:1:1: Can't resolve 'tw-animate-css' in 'C:\Users\Lenovo\Desktop\线下黑客松\frontend\app'
    [at Input.error (turbopack:///[project]/node_modules/postcss/lib/input.js:135:16)]
    [at Root.error (turbopack:///[project]/node_modules/postcss/lib/node.js:166:32)]
    [at Object.Once (C:\Users\Lenovo\Desktop\线下黑客松\frontend\node_modules\@tailwindcss\postcss\dist\index.js:10:7013)]
    [at process.processTicksAndRejections (node:internal/process/task_queues:104:5)]
    [at async LazyResult.runAsync (turbopack:///[project]/node_modules/postcss/lib/lazy-result.js:299:11)]
    [at async transform (turbopack:///[turbopack-node]/transforms/postcss.ts:70:34)]
    [at async run (turbopack:///[turbopack-node]/child_process/evaluate.ts:89:23)]

Import trace:
  Client Component Browser:
    ./app/globals.css [Client Component Browser]
    ./app/layout.tsx [Server Component] @ http://localhost:3000/_next/static/chunks/node_modules_next_dist_20ud_8w._.js:2099
[ 2851904ms] [ERROR] ./components/ui/toast.tsx:4:1
Module not found: Can't resolve '@radix-ui/react-toast'
  2 |
  3 | import * as React from "react"
> 4 | import * as ToastPrimitives from "@radix-ui/react-toast"
    | ^^^^^^^^^^^^^^^^^^^^^^^^^^^^^^^^^^^^^^^^^^^^^^^^^^^^^^^^
  5 | import { cva, type VariantProps } from "class-variance-authority"
  6 | import { X } from "lucide-react"
  7 |

Import traces:
  Client Component Browser:
    ./components/ui/toast.tsx [Client Component Browser]
    ./components/ui/toaster.tsx [Client Component Browser]
    ./components/ui/toaster.tsx [Server Component]
    ./app/layout.tsx [Server Component]

  Client Component SSR:
    ./components/ui/toast.tsx [Client Component SSR]
    ./components/ui/toaster.tsx [Client Component SSR]
    ./components/ui/toaster.tsx [Server Component]
    ./app/layout.tsx [Server Component]

https://nextjs.org/docs/messages/module-not-found @ http://localhost:3000/_next/static/chunks/node_modules_next_dist_20ud_8w._.js:2099
[ 2851904ms] [ERROR] ./components/ui/toast.tsx:5:1
Module not found: Can't resolve 'class-variance-authority'
  3 | import * as React from "react"
  4 | import * as ToastPrimitives from "@radix-ui/react-toast"
> 5 | import { cva, type VariantProps } from "class-variance-authority"
    | ^^^^^^^^^^^^^^^^^^^^^^^^^^^^^^^^^^^^^^^^^^^^^^^^^^^^^^^^^^^^^^^^^
  6 | import { X } from "lucide-react"
  7 |
  8 | import { cn } from "@/lib/utils"

Import traces:
  Client Component Browser:
    ./components/ui/toast.tsx [Client Component Browser]
    ./components/ui/toaster.tsx [Client Component Browser]
    ./components/ui/toaster.tsx [Server Component]
    ./app/layout.tsx [Server Component]

  Client Component SSR:
    ./components/ui/toast.tsx [Client Component SSR]
    ./components/ui/toaster.tsx [Client Component SSR]
    ./components/ui/toaster.tsx [Server Component]
    ./app/layout.tsx [Server Component]

https://nextjs.org/docs/messages/module-not-found @ http://localhost:3000/_next/static/chunks/node_modules_next_dist_20ud_8w._.js:2099
[ 2851904ms] [ERROR] ./lib/utils.ts:1:1
Module not found: Can't resolve 'clsx'
> 1 | import { type ClassValue, clsx } from "clsx"
    | ^^^^^^^^^^^^^^^^^^^^^^^^^^^^^^^^^^^^^^^^^^^^
  2 | import { twMerge } from "tailwind-merge"
  3 |
  4 | export function cn(...inputs: ClassValue[]) {

Import traces:
  Client Component Browser:
    ./lib/utils.ts [Client Component Browser]
    ./components/ui/toast.tsx [Client Component Browser]
    ./components/ui/toaster.tsx [Client Component Browser]
    ./components/ui/toaster.tsx [Server Component]
    ./app/layout.tsx [Server Component]

  Client Component SSR:
    ./lib/utils.ts [Client Component SSR]
    ./components/ui/toast.tsx [Client Component SSR]
    ./components/ui/toaster.tsx [Client Component SSR]
    ./components/ui/toaster.tsx [Server Component]
    ./app/layout.tsx [Server Component]

https://nextjs.org/docs/messages/module-not-found @ http://localhost:3000/_next/static/chunks/node_modules_next_dist_20ud_8w._.js:2099
[ 2851904ms] [ERROR] ./app/page.tsx:2:1
Module not found: Can't resolve 'lucide-react'
  1 | import Link from "next/link"
> 2 | import { ArrowRight, FileText, GitPullRequest, Share2 } from "lucide-react"
    | ^^^^^^^^^^^^^^^^^^^^^^^^^^^^^^^^^^^^^^^^^^^^^^^^^^^^^^^^^^^^^^^^^^^^^^^^^^^
  3 |
  4 | const chain = [
  5 |   {

https://nextjs.org/docs/messages/module-not-found @ http://localhost:3000/_next/static/chunks/node_modules_next_dist_20ud_8w._.js:2099
[ 2851904ms] [ERROR] ./components/ui/toast.tsx:6:1
Module not found: Can't resolve 'lucide-react'
  4 | import * as ToastPrimitives from "@radix-ui/react-toast"
  5 | import { cva, type VariantProps } from "class-variance-authority"
> 6 | import { X } from "lucide-react"
    | ^^^^^^^^^^^^^^^^^^^^^^^^^^^^^^^^
  7 |
  8 | import { cn } from "@/lib/utils"
  9 |

Import traces:
  Client Component Browser:
    ./components/ui/toast.tsx [Client Component Browser]
    ./components/ui/toaster.tsx [Client Component Browser]
    ./components/ui/toaster.tsx [Server Component]
    ./app/layout.tsx [Server Component]

  Client Component SSR:
    ./components/ui/toast.tsx [Client Component SSR]
    ./components/ui/toaster.tsx [Client Component SSR]
    ./components/ui/toaster.tsx [Server Component]
    ./app/layout.tsx [Server Component]

https://nextjs.org/docs/messages/module-not-found @ http://localhost:3000/_next/static/chunks/node_modules_next_dist_20ud_8w._.js:2099
[ 2851905ms] [ERROR] ./lib/utils.ts:2:1
Module not found: Can't resolve 'tailwind-merge'
  1 | import { type ClassValue, clsx } from "clsx"
> 2 | import { twMerge } from "tailwind-merge"
    | ^^^^^^^^^^^^^^^^^^^^^^^^^^^^^^^^^^^^^^^^
  3 |
  4 | export function cn(...inputs: ClassValue[]) {
  5 |   return twMerge(clsx(inputs))

Import traces:
  Client Component Browser:
    ./lib/utils.ts [Client Component Browser]
    ./components/ui/toast.tsx [Client Component Browser]
    ./components/ui/toaster.tsx [Client Component Browser]
    ./components/ui/toaster.tsx [Server Component]
    ./app/layout.tsx [Server Component]

  Client Component SSR:
    ./lib/utils.ts [Client Component SSR]
    ./components/ui/toast.tsx [Client Component SSR]
    ./components/ui/toaster.tsx [Client Component SSR]
    ./components/ui/toaster.tsx [Server Component]
    ./app/layout.tsx [Server Component]

https://nextjs.org/docs/messages/module-not-found @ http://localhost:3000/_next/static/chunks/node_modules_next_dist_20ud_8w._.js:2099
[ 2851962ms] [LOG] [Fast Refresh] rebuilding @ http://localhost:3000/_next/static/chunks/node_modules_next_dist_20ud_8w._.js:1380
[ 2852093ms] [ERROR] ./app/globals.css
Error evaluating Node.js code
CssSyntaxError: tailwindcss: C:\Users\Lenovo\Desktop\线下黑客松\frontend\app\globals.css:1:1: Can't resolve 'tw-animate-css' in 'C:\Users\Lenovo\Desktop\线下黑客松\frontend\app'
    [at Input.error (turbopack:///[project]/node_modules/postcss/lib/input.js:135:16)]
    [at Root.error (turbopack:///[project]/node_modules/postcss/lib/node.js:166:32)]
    [at Object.Once (C:\Users\Lenovo\Desktop\线下黑客松\frontend\node_modules\@tailwindcss\postcss\dist\index.js:10:7013)]
    [at process.processTicksAndRejections (node:internal/process/task_queues:104:5)]
    [at async LazyResult.runAsync (turbopack:///[project]/node_modules/postcss/lib/lazy-result.js:299:11)]
    [at async transform (turbopack:///[turbopack-node]/transforms/postcss.ts:70:34)]
    [at async run (turbopack:///[turbopack-node]/child_process/evaluate.ts:89:23)]

Import trace:
  Client Component Browser:
    ./app/globals.css [Client Component Browser]
    ./app/layout.tsx [Server Component] @ http://localhost:3000/_next/static/chunks/node_modules_next_dist_20ud_8w._.js:2099
[ 2852093ms] [ERROR] ./components/ui/toast.tsx:4:1
Module not found: Can't resolve '@radix-ui/react-toast'
  2 |
  3 | import * as React from "react"
> 4 | import * as ToastPrimitives from "@radix-ui/react-toast"
    | ^^^^^^^^^^^^^^^^^^^^^^^^^^^^^^^^^^^^^^^^^^^^^^^^^^^^^^^^
  5 | import { cva, type VariantProps } from "class-variance-authority"
  6 | import { X } from "lucide-react"
  7 |

Import traces:
  Client Component Browser:
    ./components/ui/toast.tsx [Client Component Browser]
    ./components/ui/toaster.tsx [Client Component Browser]
    ./components/ui/toaster.tsx [Server Component]
    ./app/layout.tsx [Server Component]

  Client Component SSR:
    ./components/ui/toast.tsx [Client Component SSR]
    ./components/ui/toaster.tsx [Client Component SSR]
    ./components/ui/toaster.tsx [Server Component]
    ./app/layout.tsx [Server Component]

https://nextjs.org/docs/messages/module-not-found @ http://localhost:3000/_next/static/chunks/node_modules_next_dist_20ud_8w._.js:2099
[ 2852094ms] [ERROR] ./components/ui/toast.tsx:5:1
Module not found: Can't resolve 'class-variance-authority'
  3 | import * as React from "react"
  4 | import * as ToastPrimitives from "@radix-ui/react-toast"
> 5 | import { cva, type VariantProps } from "class-variance-authority"
    | ^^^^^^^^^^^^^^^^^^^^^^^^^^^^^^^^^^^^^^^^^^^^^^^^^^^^^^^^^^^^^^^^^
  6 | import { X } from "lucide-react"
  7 |
  8 | import { cn } from "@/lib/utils"

Import traces:
  Client Component Browser:
    ./components/ui/toast.tsx [Client Component Browser]
    ./components/ui/toaster.tsx [Client Component Browser]
    ./components/ui/toaster.tsx [Server Component]
    ./app/layout.tsx [Server Component]

  Client Component SSR:
    ./components/ui/toast.tsx [Client Component SSR]
    ./components/ui/toaster.tsx [Client Component SSR]
    ./components/ui/toaster.tsx [Server Component]
    ./app/layout.tsx [Server Component]

https://nextjs.org/docs/messages/module-not-found @ http://localhost:3000/_next/static/chunks/node_modules_next_dist_20ud_8w._.js:2099
[ 2852094ms] [ERROR] ./lib/utils.ts:1:1
Module not found: Can't resolve 'clsx'
> 1 | import { type ClassValue, clsx } from "clsx"
    | ^^^^^^^^^^^^^^^^^^^^^^^^^^^^^^^^^^^^^^^^^^^^
  2 | import { twMerge } from "tailwind-merge"
  3 |
  4 | export function cn(...inputs: ClassValue[]) {

Import traces:
  Client Component Browser:
    ./lib/utils.ts [Client Component Browser]
    ./components/ui/toast.tsx [Client Component Browser]
    ./components/ui/toaster.tsx [Client Component Browser]
    ./components/ui/toaster.tsx [Server Component]
    ./app/layout.tsx [Server Component]

  Client Component SSR:
    ./lib/utils.ts [Client Component SSR]
    ./components/ui/toast.tsx [Client Component SSR]
    ./components/ui/toaster.tsx [Client Component SSR]
    ./components/ui/toaster.tsx [Server Component]
    ./app/layout.tsx [Server Component]

https://nextjs.org/docs/messages/module-not-found @ http://localhost:3000/_next/static/chunks/node_modules_next_dist_20ud_8w._.js:2099
[ 2852094ms] [ERROR] ./app/page.tsx:2:1
Module not found: Can't resolve 'lucide-react'
  1 | import Link from "next/link"
> 2 | import { ArrowRight, FileText, GitPullRequest, Share2 } from "lucide-react"
    | ^^^^^^^^^^^^^^^^^^^^^^^^^^^^^^^^^^^^^^^^^^^^^^^^^^^^^^^^^^^^^^^^^^^^^^^^^^^
  3 |
  4 | const chain = [
  5 |   {

https://nextjs.org/docs/messages/module-not-found @ http://localhost:3000/_next/static/chunks/node_modules_next_dist_20ud_8w._.js:2099
[ 2852094ms] [ERROR] ./components/ui/toast.tsx:6:1
Module not found: Can't resolve 'lucide-react'
  4 | import * as ToastPrimitives from "@radix-ui/react-toast"
  5 | import { cva, type VariantProps } from "class-variance-authority"
> 6 | import { X } from "lucide-react"
    | ^^^^^^^^^^^^^^^^^^^^^^^^^^^^^^^^
  7 |
  8 | import { cn } from "@/lib/utils"
  9 |

Import traces:
  Client Component Browser:
    ./components/ui/toast.tsx [Client Component Browser]
    ./components/ui/toaster.tsx [Client Component Browser]
    ./components/ui/toaster.tsx [Server Component]
    ./app/layout.tsx [Server Component]

  Client Component SSR:
    ./components/ui/toast.tsx [Client Component SSR]
    ./components/ui/toaster.tsx [Client Component SSR]
    ./components/ui/toaster.tsx [Server Component]
    ./app/layout.tsx [Server Component]

https://nextjs.org/docs/messages/module-not-found @ http://localhost:3000/_next/static/chunks/node_modules_next_dist_20ud_8w._.js:2099
[ 2852095ms] [ERROR] ./lib/utils.ts:2:1
Module not found: Can't resolve 'tailwind-merge'
  1 | import { type ClassValue, clsx } from "clsx"
> 2 | import { twMerge } from "tailwind-merge"
    | ^^^^^^^^^^^^^^^^^^^^^^^^^^^^^^^^^^^^^^^^
  3 |
  4 | export function cn(...inputs: ClassValue[]) {
  5 |   return twMerge(clsx(inputs))

Import traces:
  Client Component Browser:
    ./lib/utils.ts [Client Component Browser]
    ./components/ui/toast.tsx [Client Component Browser]
    ./components/ui/toaster.tsx [Client Component Browser]
    ./components/ui/toaster.tsx [Server Component]
    ./app/layout.tsx [Server Component]

  Client Component SSR:
    ./lib/utils.ts [Client Component SSR]
    ./components/ui/toast.tsx [Client Component SSR]
    ./components/ui/toaster.tsx [Client Component SSR]
    ./components/ui/toaster.tsx [Server Component]
    ./app/layout.tsx [Server Component]

https://nextjs.org/docs/messages/module-not-found @ http://localhost:3000/_next/static/chunks/node_modules_next_dist_20ud_8w._.js:2099
[ 2852137ms] [ERROR] ./app/globals.css
Error evaluating Node.js code
CssSyntaxError: tailwindcss: C:\Users\Lenovo\Desktop\线下黑客松\frontend\app\globals.css:1:1: Can't resolve 'tw-animate-css' in 'C:\Users\Lenovo\Desktop\线下黑客松\frontend\app'
    [at Input.error (turbopack:///[project]/node_modules/postcss/lib/input.js:135:16)]
    [at Root.error (turbopack:///[project]/node_modules/postcss/lib/node.js:166:32)]
    [at Object.Once (C:\Users\Lenovo\Desktop\线下黑客松\frontend\node_modules\@tailwindcss\postcss\dist\index.js:10:7013)]
    [at process.processTicksAndRejections (node:internal/process/task_queues:104:5)]
    [at async LazyResult.runAsync (turbopack:///[project]/node_modules/postcss/lib/lazy-result.js:299:11)]
    [at async transform (turbopack:///[turbopack-node]/transforms/postcss.ts:70:34)]
    [at async run (turbopack:///[turbopack-node]/child_process/evaluate.ts:89:23)]

Import trace:
  Client Component Browser:
    ./app/globals.css [Client Component Browser]
    ./app/layout.tsx [Server Component] @ http://localhost:3000/_next/static/chunks/node_modules_next_dist_20ud_8w._.js:2099
[ 2852138ms] [ERROR] ./components/ui/toast.tsx:4:1
Module not found: Can't resolve '@radix-ui/react-toast'
  2 |
  3 | import * as React from "react"
> 4 | import * as ToastPrimitives from "@radix-ui/react-toast"
    | ^^^^^^^^^^^^^^^^^^^^^^^^^^^^^^^^^^^^^^^^^^^^^^^^^^^^^^^^
  5 | import { cva, type VariantProps } from "class-variance-authority"
  6 | import { X } from "lucide-react"
  7 |

Import traces:
  Client Component Browser:
    ./components/ui/toast.tsx [Client Component Browser]
    ./components/ui/toaster.tsx [Client Component Browser]
    ./components/ui/toaster.tsx [Server Component]
    ./app/layout.tsx [Server Component]

  Client Component SSR:
    ./components/ui/toast.tsx [Client Component SSR]
    ./components/ui/toaster.tsx [Client Component SSR]
    ./components/ui/toaster.tsx [Server Component]
    ./app/layout.tsx [Server Component]

https://nextjs.org/docs/messages/module-not-found @ http://localhost:3000/_next/static/chunks/node_modules_next_dist_20ud_8w._.js:2099
[ 2852138ms] [ERROR] ./components/ui/toast.tsx:5:1
Module not found: Can't resolve 'class-variance-authority'
  3 | import * as React from "react"
  4 | import * as ToastPrimitives from "@radix-ui/react-toast"
> 5 | import { cva, type VariantProps } from "class-variance-authority"
    | ^^^^^^^^^^^^^^^^^^^^^^^^^^^^^^^^^^^^^^^^^^^^^^^^^^^^^^^^^^^^^^^^^
  6 | import { X } from "lucide-react"
  7 |
  8 | import { cn } from "@/lib/utils"

Import traces:
  Client Component Browser:
    ./components/ui/toast.tsx [Client Component Browser]
    ./components/ui/toaster.tsx [Client Component Browser]
    ./components/ui/toaster.tsx [Server Component]
    ./app/layout.tsx [Server Component]

  Client Component SSR:
    ./components/ui/toast.tsx [Client Component SSR]
    ./components/ui/toaster.tsx [Client Component SSR]
    ./components/ui/toaster.tsx [Server Component]
    ./app/layout.tsx [Server Component]

https://nextjs.org/docs/messages/module-not-found @ http://localhost:3000/_next/static/chunks/node_modules_next_dist_20ud_8w._.js:2099
[ 2852138ms] [ERROR] ./lib/utils.ts:1:1
Module not found: Can't resolve 'clsx'
> 1 | import { type ClassValue, clsx } from "clsx"
    | ^^^^^^^^^^^^^^^^^^^^^^^^^^^^^^^^^^^^^^^^^^^^
  2 | import { twMerge } from "tailwind-merge"
  3 |
  4 | export function cn(...inputs: ClassValue[]) {

Import traces:
  Client Component Browser:
    ./lib/utils.ts [Client Component Browser]
    ./components/ui/toast.tsx [Client Component Browser]
    ./components/ui/toaster.tsx [Client Component Browser]
    ./components/ui/toaster.tsx [Server Component]
    ./app/layout.tsx [Server Component]

  Client Component SSR:
    ./lib/utils.ts [Client Component SSR]
    ./components/ui/toast.tsx [Client Component SSR]
    ./components/ui/toaster.tsx [Client Component SSR]
    ./components/ui/toaster.tsx [Server Component]
    ./app/layout.tsx [Server Component]

https://nextjs.org/docs/messages/module-not-found @ http://localhost:3000/_next/static/chunks/node_modules_next_dist_20ud_8w._.js:2099
[ 2852139ms] [ERROR] ./app/page.tsx:2:1
Module not found: Can't resolve 'lucide-react'
  1 | import Link from "next/link"
> 2 | import { ArrowRight, FileText, GitPullRequest, Share2 } from "lucide-react"
    | ^^^^^^^^^^^^^^^^^^^^^^^^^^^^^^^^^^^^^^^^^^^^^^^^^^^^^^^^^^^^^^^^^^^^^^^^^^^
  3 |
  4 | const chain = [
  5 |   {

https://nextjs.org/docs/messages/module-not-found @ http://localhost:3000/_next/static/chunks/node_modules_next_dist_20ud_8w._.js:2099
[ 2852139ms] [ERROR] ./components/ui/toast.tsx:6:1
Module not found: Can't resolve 'lucide-react'
  4 | import * as ToastPrimitives from "@radix-ui/react-toast"
  5 | import { cva, type VariantProps } from "class-variance-authority"
> 6 | import { X } from "lucide-react"
    | ^^^^^^^^^^^^^^^^^^^^^^^^^^^^^^^^
  7 |
  8 | import { cn } from "@/lib/utils"
  9 |

Import traces:
  Client Component Browser:
    ./components/ui/toast.tsx [Client Component Browser]
    ./components/ui/toaster.tsx [Client Component Browser]
    ./components/ui/toaster.tsx [Server Component]
    ./app/layout.tsx [Server Component]

  Client Component SSR:
    ./components/ui/toast.tsx [Client Component SSR]
    ./components/ui/toaster.tsx [Client Component SSR]
    ./components/ui/toaster.tsx [Server Component]
    ./app/layout.tsx [Server Component]

https://nextjs.org/docs/messages/module-not-found @ http://localhost:3000/_next/static/chunks/node_modules_next_dist_20ud_8w._.js:2099
[ 2852139ms] [ERROR] ./lib/utils.ts:2:1
Module not found: Can't resolve 'tailwind-merge'
  1 | import { type ClassValue, clsx } from "clsx"
> 2 | import { twMerge } from "tailwind-merge"
    | ^^^^^^^^^^^^^^^^^^^^^^^^^^^^^^^^^^^^^^^^
  3 |
  4 | export function cn(...inputs: ClassValue[]) {
  5 |   return twMerge(clsx(inputs))

Import traces:
  Client Component Browser:
    ./lib/utils.ts [Client Component Browser]
    ./components/ui/toast.tsx [Client Component Browser]
    ./components/ui/toaster.tsx [Client Component Browser]
    ./components/ui/toaster.tsx [Server Component]
    ./app/layout.tsx [Server Component]

  Client Component SSR:
    ./lib/utils.ts [Client Component SSR]
    ./components/ui/toast.tsx [Client Component SSR]
    ./components/ui/toaster.tsx [Client Component SSR]
    ./components/ui/toaster.tsx [Server Component]
    ./app/layout.tsx [Server Component]

https://nextjs.org/docs/messages/module-not-found @ http://localhost:3000/_next/static/chunks/node_modules_next_dist_20ud_8w._.js:2099
[ 2852185ms] [ERROR] ./app/globals.css
Error evaluating Node.js code
CssSyntaxError: tailwindcss: C:\Users\Lenovo\Desktop\线下黑客松\frontend\app\globals.css:1:1: Can't resolve 'tw-animate-css' in 'C:\Users\Lenovo\Desktop\线下黑客松\frontend\app'
    [at Input.error (turbopack:///[project]/node_modules/postcss/lib/input.js:135:16)]
    [at Root.error (turbopack:///[project]/node_modules/postcss/lib/node.js:166:32)]
    [at Object.Once (C:\Users\Lenovo\Desktop\线下黑客松\frontend\node_modules\@tailwindcss\postcss\dist\index.js:10:7013)]
    [at process.processTicksAndRejections (node:internal/process/task_queues:104:5)]
    [at async LazyResult.runAsync (turbopack:///[project]/node_modules/postcss/lib/lazy-result.js:299:11)]
    [at async transform (turbopack:///[turbopack-node]/transforms/postcss.ts:70:34)]
    [at async run (turbopack:///[turbopack-node]/child_process/evaluate.ts:89:23)]

Import trace:
  Client Component Browser:
    ./app/globals.css [Client Component Browser]
    ./app/layout.tsx [Server Component] @ http://localhost:3000/_next/static/chunks/node_modules_next_dist_20ud_8w._.js:2099
[ 2852185ms] [ERROR] ./components/ui/toast.tsx:4:1
Module not found: Can't resolve '@radix-ui/react-toast'
  2 |
  3 | import * as React from "react"
> 4 | import * as ToastPrimitives from "@radix-ui/react-toast"
    | ^^^^^^^^^^^^^^^^^^^^^^^^^^^^^^^^^^^^^^^^^^^^^^^^^^^^^^^^
  5 | import { cva, type VariantProps } from "class-variance-authority"
  6 | import { X } from "lucide-react"
  7 |

Import traces:
  Client Component Browser:
    ./components/ui/toast.tsx [Client Component Browser]
    ./components/ui/toaster.tsx [Client Component Browser]
    ./components/ui/toaster.tsx [Server Component]
    ./app/layout.tsx [Server Component]

  Client Component SSR:
    ./components/ui/toast.tsx [Client Component SSR]
    ./components/ui/toaster.tsx [Client Component SSR]
    ./components/ui/toaster.tsx [Server Component]
    ./app/layout.tsx [Server Component]

https://nextjs.org/docs/messages/module-not-found @ http://localhost:3000/_next/static/chunks/node_modules_next_dist_20ud_8w._.js:2099
[ 2852186ms] [ERROR] ./components/ui/toast.tsx:5:1
Module not found: Can't resolve 'class-variance-authority'
  3 | import * as React from "react"
  4 | import * as ToastPrimitives from "@radix-ui/react-toast"
> 5 | import { cva, type VariantProps } from "class-variance-authority"
    | ^^^^^^^^^^^^^^^^^^^^^^^^^^^^^^^^^^^^^^^^^^^^^^^^^^^^^^^^^^^^^^^^^
  6 | import { X } from "lucide-react"
  7 |
  8 | import { cn } from "@/lib/utils"

Import traces:
  Client Component Browser:
    ./components/ui/toast.tsx [Client Component Browser]
    ./components/ui/toaster.tsx [Client Component Browser]
    ./components/ui/toaster.tsx [Server Component]
    ./app/layout.tsx [Server Component]

  Client Component SSR:
    ./components/ui/toast.tsx [Client Component SSR]
    ./components/ui/toaster.tsx [Client Component SSR]
    ./components/ui/toaster.tsx [Server Component]
    ./app/layout.tsx [Server Component]

https://nextjs.org/docs/messages/module-not-found @ http://localhost:3000/_next/static/chunks/node_modules_next_dist_20ud_8w._.js:2099
[ 2852186ms] [ERROR] ./lib/utils.ts:1:1
Module not found: Can't resolve 'clsx'
> 1 | import { type ClassValue, clsx } from "clsx"
    | ^^^^^^^^^^^^^^^^^^^^^^^^^^^^^^^^^^^^^^^^^^^^
  2 | import { twMerge } from "tailwind-merge"
  3 |
  4 | export function cn(...inputs: ClassValue[]) {

Import traces:
  Client Component Browser:
    ./lib/utils.ts [Client Component Browser]
    ./components/ui/toast.tsx [Client Component Browser]
    ./components/ui/toaster.tsx [Client Component Browser]
    ./components/ui/toaster.tsx [Server Component]
    ./app/layout.tsx [Server Component]

  Client Component SSR:
    ./lib/utils.ts [Client Component SSR]
    ./components/ui/toast.tsx [Client Component SSR]
    ./components/ui/toaster.tsx [Client Component SSR]
    ./components/ui/toaster.tsx [Server Component]
    ./app/layout.tsx [Server Component]

https://nextjs.org/docs/messages/module-not-found @ http://localhost:3000/_next/static/chunks/node_modules_next_dist_20ud_8w._.js:2099
[ 2852187ms] [ERROR] ./app/page.tsx:2:1
Module not found: Can't resolve 'lucide-react'
  1 | import Link from "next/link"
> 2 | import { ArrowRight, FileText, GitPullRequest, Share2 } from "lucide-react"
    | ^^^^^^^^^^^^^^^^^^^^^^^^^^^^^^^^^^^^^^^^^^^^^^^^^^^^^^^^^^^^^^^^^^^^^^^^^^^
  3 |
  4 | const chain = [
  5 |   {

https://nextjs.org/docs/messages/module-not-found @ http://localhost:3000/_next/static/chunks/node_modules_next_dist_20ud_8w._.js:2099
[ 2852187ms] [ERROR] ./components/ui/toast.tsx:6:1
Module not found: Can't resolve 'lucide-react'
  4 | import * as ToastPrimitives from "@radix-ui/react-toast"
  5 | import { cva, type VariantProps } from "class-variance-authority"
> 6 | import { X } from "lucide-react"
    | ^^^^^^^^^^^^^^^^^^^^^^^^^^^^^^^^
  7 |
  8 | import { cn } from "@/lib/utils"
  9 |

Import traces:
  Client Component Browser:
    ./components/ui/toast.tsx [Client Component Browser]
    ./components/ui/toaster.tsx [Client Component Browser]
    ./components/ui/toaster.tsx [Server Component]
    ./app/layout.tsx [Server Component]

  Client Component SSR:
    ./components/ui/toast.tsx [Client Component SSR]
    ./components/ui/toaster.tsx [Client Component SSR]
    ./components/ui/toaster.tsx [Server Component]
    ./app/layout.tsx [Server Component]

https://nextjs.org/docs/messages/module-not-found @ http://localhost:3000/_next/static/chunks/node_modules_next_dist_20ud_8w._.js:2099
[ 2852188ms] [ERROR] ./lib/utils.ts:2:1
Module not found: Can't resolve 'tailwind-merge'
  1 | import { type ClassValue, clsx } from "clsx"
> 2 | import { twMerge } from "tailwind-merge"
    | ^^^^^^^^^^^^^^^^^^^^^^^^^^^^^^^^^^^^^^^^
  3 |
  4 | export function cn(...inputs: ClassValue[]) {
  5 |   return twMerge(clsx(inputs))

Import traces:
  Client Component Browser:
    ./lib/utils.ts [Client Component Browser]
    ./components/ui/toast.tsx [Client Component Browser]
    ./components/ui/toaster.tsx [Client Component Browser]
    ./components/ui/toaster.tsx [Server Component]
    ./app/layout.tsx [Server Component]

  Client Component SSR:
    ./lib/utils.ts [Client Component SSR]
    ./components/ui/toast.tsx [Client Component SSR]
    ./components/ui/toaster.tsx [Client Component SSR]
    ./components/ui/toaster.tsx [Server Component]
    ./app/layout.tsx [Server Component]

https://nextjs.org/docs/messages/module-not-found @ http://localhost:3000/_next/static/chunks/node_modules_next_dist_20ud_8w._.js:2099
[ 2852244ms] [LOG] [Fast Refresh] rebuilding @ http://localhost:3000/_next/static/chunks/node_modules_next_dist_20ud_8w._.js:1380
[ 2852326ms] [ERROR] ./app/globals.css
Error evaluating Node.js code
CssSyntaxError: tailwindcss: C:\Users\Lenovo\Desktop\线下黑客松\frontend\app\globals.css:1:1: Can't resolve 'tw-animate-css' in 'C:\Users\Lenovo\Desktop\线下黑客松\frontend\app'
    [at Input.error (turbopack:///[project]/node_modules/postcss/lib/input.js:135:16)]
    [at Root.error (turbopack:///[project]/node_modules/postcss/lib/node.js:166:32)]
    [at Object.Once (C:\Users\Lenovo\Desktop\线下黑客松\frontend\node_modules\@tailwindcss\postcss\dist\index.js:10:7013)]
    [at process.processTicksAndRejections (node:internal/process/task_queues:104:5)]
    [at async LazyResult.runAsync (turbopack:///[project]/node_modules/postcss/lib/lazy-result.js:299:11)]
    [at async transform (turbopack:///[turbopack-node]/transforms/postcss.ts:70:34)]
    [at async run (turbopack:///[turbopack-node]/child_process/evaluate.ts:89:23)]

Import trace:
  Client Component Browser:
    ./app/globals.css [Client Component Browser]
    ./app/layout.tsx [Server Component] @ http://localhost:3000/_next/static/chunks/node_modules_next_dist_20ud_8w._.js:2099
[ 2852327ms] [ERROR] ./components/ui/toast.tsx:4:1
Module not found: Can't resolve '@radix-ui/react-toast'
  2 |
  3 | import * as React from "react"
> 4 | import * as ToastPrimitives from "@radix-ui/react-toast"
    | ^^^^^^^^^^^^^^^^^^^^^^^^^^^^^^^^^^^^^^^^^^^^^^^^^^^^^^^^
  5 | import { cva, type VariantProps } from "class-variance-authority"
  6 | import { X } from "lucide-react"
  7 |

Import traces:
  Client Component Browser:
    ./components/ui/toast.tsx [Client Component Browser]
    ./components/ui/toaster.tsx [Client Component Browser]
    ./components/ui/toaster.tsx [Server Component]
    ./app/layout.tsx [Server Component]

  Client Component SSR:
    ./components/ui/toast.tsx [Client Component SSR]
    ./components/ui/toaster.tsx [Client Component SSR]
    ./components/ui/toaster.tsx [Server Component]
    ./app/layout.tsx [Server Component]

https://nextjs.org/docs/messages/module-not-found @ http://localhost:3000/_next/static/chunks/node_modules_next_dist_20ud_8w._.js:2099
[ 2852327ms] [ERROR] ./components/ui/toast.tsx:5:1
Module not found: Can't resolve 'class-variance-authority'
  3 | import * as React from "react"
  4 | import * as ToastPrimitives from "@radix-ui/react-toast"
> 5 | import { cva, type VariantProps } from "class-variance-authority"
    | ^^^^^^^^^^^^^^^^^^^^^^^^^^^^^^^^^^^^^^^^^^^^^^^^^^^^^^^^^^^^^^^^^
  6 | import { X } from "lucide-react"
  7 |
  8 | import { cn } from "@/lib/utils"

Import traces:
  Client Component Browser:
    ./components/ui/toast.tsx [Client Component Browser]
    ./components/ui/toaster.tsx [Client Component Browser]
    ./components/ui/toaster.tsx [Server Component]
    ./app/layout.tsx [Server Component]

  Client Component SSR:
    ./components/ui/toast.tsx [Client Component SSR]
    ./components/ui/toaster.tsx [Client Component SSR]
    ./components/ui/toaster.tsx [Server Component]
    ./app/layout.tsx [Server Component]

https://nextjs.org/docs/messages/module-not-found @ http://localhost:3000/_next/static/chunks/node_modules_next_dist_20ud_8w._.js:2099
[ 2852327ms] [ERROR] ./lib/utils.ts:1:1
Module not found: Can't resolve 'clsx'
> 1 | import { type ClassValue, clsx } from "clsx"
    | ^^^^^^^^^^^^^^^^^^^^^^^^^^^^^^^^^^^^^^^^^^^^
  2 | import { twMerge } from "tailwind-merge"
  3 |
  4 | export function cn(...inputs: ClassValue[]) {

Import traces:
  Client Component Browser:
    ./lib/utils.ts [Client Component Browser]
    ./components/ui/toast.tsx [Client Component Browser]
    ./components/ui/toaster.tsx [Client Component Browser]
    ./components/ui/toaster.tsx [Server Component]
    ./app/layout.tsx [Server Component]

  Client Component SSR:
    ./lib/utils.ts [Client Component SSR]
    ./components/ui/toast.tsx [Client Component SSR]
    ./components/ui/toaster.tsx [Client Component SSR]
    ./components/ui/toaster.tsx [Server Component]
    ./app/layout.tsx [Server Component]

https://nextjs.org/docs/messages/module-not-found @ http://localhost:3000/_next/static/chunks/node_modules_next_dist_20ud_8w._.js:2099
[ 2852327ms] [ERROR] ./app/page.tsx:2:1
Module not found: Can't resolve 'lucide-react'
  1 | import Link from "next/link"
> 2 | import { ArrowRight, FileText, GitPullRequest, Share2 } from "lucide-react"
    | ^^^^^^^^^^^^^^^^^^^^^^^^^^^^^^^^^^^^^^^^^^^^^^^^^^^^^^^^^^^^^^^^^^^^^^^^^^^
  3 |
  4 | const chain = [
  5 |   {

https://nextjs.org/docs/messages/module-not-found @ http://localhost:3000/_next/static/chunks/node_modules_next_dist_20ud_8w._.js:2099
[ 2852328ms] [ERROR] ./components/ui/toast.tsx:6:1
Module not found: Can't resolve 'lucide-react'
  4 | import * as ToastPrimitives from "@radix-ui/react-toast"
  5 | import { cva, type VariantProps } from "class-variance-authority"
> 6 | import { X } from "lucide-react"
    | ^^^^^^^^^^^^^^^^^^^^^^^^^^^^^^^^
  7 |
  8 | import { cn } from "@/lib/utils"
  9 |

Import traces:
  Client Component Browser:
    ./components/ui/toast.tsx [Client Component Browser]
    ./components/ui/toaster.tsx [Client Component Browser]
    ./components/ui/toaster.tsx [Server Component]
    ./app/layout.tsx [Server Component]

  Client Component SSR:
    ./components/ui/toast.tsx [Client Component SSR]
    ./components/ui/toaster.tsx [Client Component SSR]
    ./components/ui/toaster.tsx [Server Component]
    ./app/layout.tsx [Server Component]

https://nextjs.org/docs/messages/module-not-found @ http://localhost:3000/_next/static/chunks/node_modules_next_dist_20ud_8w._.js:2099
[ 2852328ms] [ERROR] ./lib/utils.ts:2:1
Module not found: Can't resolve 'tailwind-merge'
  1 | import { type ClassValue, clsx } from "clsx"
> 2 | import { twMerge } from "tailwind-merge"
    | ^^^^^^^^^^^^^^^^^^^^^^^^^^^^^^^^^^^^^^^^
  3 |
  4 | export function cn(...inputs: ClassValue[]) {
  5 |   return twMerge(clsx(inputs))

Import traces:
  Client Component Browser:
    ./lib/utils.ts [Client Component Browser]
    ./components/ui/toast.tsx [Client Component Browser]
    ./components/ui/toaster.tsx [Client Component Browser]
    ./components/ui/toaster.tsx [Server Component]
    ./app/layout.tsx [Server Component]

  Client Component SSR:
    ./lib/utils.ts [Client Component SSR]
    ./components/ui/toast.tsx [Client Component SSR]
    ./components/ui/toaster.tsx [Client Component SSR]
    ./components/ui/toaster.tsx [Server Component]
    ./app/layout.tsx [Server Component]

https://nextjs.org/docs/messages/module-not-found @ http://localhost:3000/_next/static/chunks/node_modules_next_dist_20ud_8w._.js:2099
[ 2852387ms] [LOG] [Fast Refresh] rebuilding @ http://localhost:3000/_next/static/chunks/node_modules_next_dist_20ud_8w._.js:1380
[ 2861358ms] [ERROR] ./app/globals.css
Error evaluating Node.js code
CssSyntaxError: tailwindcss: C:\Users\Lenovo\Desktop\线下黑客松\frontend\app\globals.css:1:1: Can't resolve 'tw-animate-css' in 'C:\Users\Lenovo\Desktop\线下黑客松\frontend\app'
    [at Input.error (turbopack:///[project]/node_modules/postcss/lib/input.js:135:16)]
    [at Root.error (turbopack:///[project]/node_modules/postcss/lib/node.js:166:32)]
    [at Object.Once (C:\Users\Lenovo\Desktop\线下黑客松\frontend\node_modules\@tailwindcss\postcss\dist\index.js:10:7013)]
    [at process.processTicksAndRejections (node:internal/process/task_queues:104:5)]
    [at async LazyResult.runAsync (turbopack:///[project]/node_modules/postcss/lib/lazy-result.js:299:11)]
    [at async transform (turbopack:///[turbopack-node]/transforms/postcss.ts:70:34)]
    [at async run (turbopack:///[turbopack-node]/child_process/evaluate.ts:89:23)]

Import trace:
  Client Component Browser:
    ./app/globals.css [Client Component Browser]
    ./app/layout.tsx [Server Component] @ http://localhost:3000/_next/static/chunks/node_modules_next_dist_20ud_8w._.js:2099
[ 2861359ms] [ERROR] ./components/ui/toast.tsx:4:1
Module not found: Can't resolve '@radix-ui/react-toast'
  2 |
  3 | import * as React from "react"
> 4 | import * as ToastPrimitives from "@radix-ui/react-toast"
    | ^^^^^^^^^^^^^^^^^^^^^^^^^^^^^^^^^^^^^^^^^^^^^^^^^^^^^^^^
  5 | import { cva, type VariantProps } from "class-variance-authority"
  6 | import { X } from "lucide-react"
  7 |

Import traces:
  Client Component Browser:
    ./components/ui/toast.tsx [Client Component Browser]
    ./components/ui/toaster.tsx [Client Component Browser]
    ./components/ui/toaster.tsx [Server Component]
    ./app/layout.tsx [Server Component]

  Client Component SSR:
    ./components/ui/toast.tsx [Client Component SSR]
    ./components/ui/toaster.tsx [Client Component SSR]
    ./components/ui/toaster.tsx [Server Component]
    ./app/layout.tsx [Server Component]

https://nextjs.org/docs/messages/module-not-found @ http://localhost:3000/_next/static/chunks/node_modules_next_dist_20ud_8w._.js:2099
[ 2861359ms] [ERROR] ./components/ui/toast.tsx:5:1
Module not found: Can't resolve 'class-variance-authority'
  3 | import * as React from "react"
  4 | import * as ToastPrimitives from "@radix-ui/react-toast"
> 5 | import { cva, type VariantProps } from "class-variance-authority"
    | ^^^^^^^^^^^^^^^^^^^^^^^^^^^^^^^^^^^^^^^^^^^^^^^^^^^^^^^^^^^^^^^^^
  6 | import { X } from "lucide-react"
  7 |
  8 | import { cn } from "@/lib/utils"

Import traces:
  Client Component Browser:
    ./components/ui/toast.tsx [Client Component Browser]
    ./components/ui/toaster.tsx [Client Component Browser]
    ./components/ui/toaster.tsx [Server Component]
    ./app/layout.tsx [Server Component]

  Client Component SSR:
    ./components/ui/toast.tsx [Client Component SSR]
    ./components/ui/toaster.tsx [Client Component SSR]
    ./components/ui/toaster.tsx [Server Component]
    ./app/layout.tsx [Server Component]

https://nextjs.org/docs/messages/module-not-found @ http://localhost:3000/_next/static/chunks/node_modules_next_dist_20ud_8w._.js:2099
[ 2861359ms] [ERROR] ./lib/utils.ts:1:1
Module not found: Can't resolve 'clsx'
> 1 | import { type ClassValue, clsx } from "clsx"
    | ^^^^^^^^^^^^^^^^^^^^^^^^^^^^^^^^^^^^^^^^^^^^
  2 | import { twMerge } from "tailwind-merge"
  3 |
  4 | export function cn(...inputs: ClassValue[]) {

Import traces:
  Client Component Browser:
    ./lib/utils.ts [Client Component Browser]
    ./components/ui/toast.tsx [Client Component Browser]
    ./components/ui/toaster.tsx [Client Component Browser]
    ./components/ui/toaster.tsx [Server Component]
    ./app/layout.tsx [Server Component]

  Client Component SSR:
    ./lib/utils.ts [Client Component SSR]
    ./components/ui/toast.tsx [Client Component SSR]
    ./components/ui/toaster.tsx [Client Component SSR]
    ./components/ui/toaster.tsx [Server Component]
    ./app/layout.tsx [Server Component]

https://nextjs.org/docs/messages/module-not-found @ http://localhost:3000/_next/static/chunks/node_modules_next_dist_20ud_8w._.js:2099
[ 2861359ms] [ERROR] ./app/page.tsx:2:1
Module not found: Can't resolve 'lucide-react'
  1 | import Link from "next/link"
> 2 | import { ArrowRight, FileText, GitPullRequest, Share2 } from "lucide-react"
    | ^^^^^^^^^^^^^^^^^^^^^^^^^^^^^^^^^^^^^^^^^^^^^^^^^^^^^^^^^^^^^^^^^^^^^^^^^^^
  3 |
  4 | const chain = [
  5 |   {

https://nextjs.org/docs/messages/module-not-found @ http://localhost:3000/_next/static/chunks/node_modules_next_dist_20ud_8w._.js:2099
[ 2861360ms] [ERROR] ./components/ui/toast.tsx:6:1
Module not found: Can't resolve 'lucide-react'
  4 | import * as ToastPrimitives from "@radix-ui/react-toast"
  5 | import { cva, type VariantProps } from "class-variance-authority"
> 6 | import { X } from "lucide-react"
    | ^^^^^^^^^^^^^^^^^^^^^^^^^^^^^^^^
  7 |
  8 | import { cn } from "@/lib/utils"
  9 |

Import traces:
  Client Component Browser:
    ./components/ui/toast.tsx [Client Component Browser]
    ./components/ui/toaster.tsx [Client Component Browser]
    ./components/ui/toaster.tsx [Server Component]
    ./app/layout.tsx [Server Component]

  Client Component SSR:
    ./components/ui/toast.tsx [Client Component SSR]
    ./components/ui/toaster.tsx [Client Component SSR]
    ./components/ui/toaster.tsx [Server Component]
    ./app/layout.tsx [Server Component]

https://nextjs.org/docs/messages/module-not-found @ http://localhost:3000/_next/static/chunks/node_modules_next_dist_20ud_8w._.js:2099
[ 2861360ms] [ERROR] ./lib/utils.ts:2:1
Module not found: Can't resolve 'tailwind-merge'
  1 | import { type ClassValue, clsx } from "clsx"
> 2 | import { twMerge } from "tailwind-merge"
    | ^^^^^^^^^^^^^^^^^^^^^^^^^^^^^^^^^^^^^^^^
  3 |
  4 | export function cn(...inputs: ClassValue[]) {
  5 |   return twMerge(clsx(inputs))

Import traces:
  Client Component Browser:
    ./lib/utils.ts [Client Component Browser]
    ./components/ui/toast.tsx [Client Component Browser]
    ./components/ui/toaster.tsx [Client Component Browser]
    ./components/ui/toaster.tsx [Server Component]
    ./app/layout.tsx [Server Component]

  Client Component SSR:
    ./lib/utils.ts [Client Component SSR]
    ./components/ui/toast.tsx [Client Component SSR]
    ./components/ui/toaster.tsx [Client Component SSR]
    ./components/ui/toaster.tsx [Server Component]
    ./app/layout.tsx [Server Component]

https://nextjs.org/docs/messages/module-not-found @ http://localhost:3000/_next/static/chunks/node_modules_next_dist_20ud_8w._.js:2099
[ 2861419ms] [LOG] [Fast Refresh] rebuilding @ http://localhost:3000/_next/static/chunks/node_modules_next_dist_20ud_8w._.js:1380
[ 2865647ms] [ERROR] ./app/globals.css
Error evaluating Node.js code
CssSyntaxError: tailwindcss: C:\Users\Lenovo\Desktop\线下黑客松\frontend\app\globals.css:1:1: Can't resolve 'tw-animate-css' in 'C:\Users\Lenovo\Desktop\线下黑客松\frontend\app'
    [at Input.error (turbopack:///[project]/node_modules/postcss/lib/input.js:135:16)]
    [at Root.error (turbopack:///[project]/node_modules/postcss/lib/node.js:166:32)]
    [at Object.Once (C:\Users\Lenovo\Desktop\线下黑客松\frontend\node_modules\@tailwindcss\postcss\dist\index.js:10:7013)]
    [at process.processTicksAndRejections (node:internal/process/task_queues:104:5)]
    [at async LazyResult.runAsync (turbopack:///[project]/node_modules/postcss/lib/lazy-result.js:299:11)]
    [at async transform (turbopack:///[turbopack-node]/transforms/postcss.ts:70:34)]
    [at async run (turbopack:///[turbopack-node]/child_process/evaluate.ts:89:23)]

Import trace:
  Client Component Browser:
    ./app/globals.css [Client Component Browser]
    ./app/layout.tsx [Server Component] @ http://localhost:3000/_next/static/chunks/node_modules_next_dist_20ud_8w._.js:2099
[ 2865647ms] [ERROR] ./components/ui/toast.tsx:4:1
Module not found: Can't resolve '@radix-ui/react-toast'
  2 |
  3 | import * as React from "react"
> 4 | import * as ToastPrimitives from "@radix-ui/react-toast"
    | ^^^^^^^^^^^^^^^^^^^^^^^^^^^^^^^^^^^^^^^^^^^^^^^^^^^^^^^^
  5 | import { cva, type VariantProps } from "class-variance-authority"
  6 | import { X } from "lucide-react"
  7 |

Import traces:
  Client Component Browser:
    ./components/ui/toast.tsx [Client Component Browser]
    ./components/ui/toaster.tsx [Client Component Browser]
    ./components/ui/toaster.tsx [Server Component]
    ./app/layout.tsx [Server Component]

  Client Component SSR:
    ./components/ui/toast.tsx [Client Component SSR]
    ./components/ui/toaster.tsx [Client Component SSR]
    ./components/ui/toaster.tsx [Server Component]
    ./app/layout.tsx [Server Component]

https://nextjs.org/docs/messages/module-not-found @ http://localhost:3000/_next/static/chunks/node_modules_next_dist_20ud_8w._.js:2099
[ 2865647ms] [ERROR] ./components/ui/toast.tsx:5:1
Module not found: Can't resolve 'class-variance-authority'
  3 | import * as React from "react"
  4 | import * as ToastPrimitives from "@radix-ui/react-toast"
> 5 | import { cva, type VariantProps } from "class-variance-authority"
    | ^^^^^^^^^^^^^^^^^^^^^^^^^^^^^^^^^^^^^^^^^^^^^^^^^^^^^^^^^^^^^^^^^
  6 | import { X } from "lucide-react"
  7 |
  8 | import { cn } from "@/lib/utils"

Import traces:
  Client Component Browser:
    ./components/ui/toast.tsx [Client Component Browser]
    ./components/ui/toaster.tsx [Client Component Browser]
    ./components/ui/toaster.tsx [Server Component]
    ./app/layout.tsx [Server Component]

  Client Component SSR:
    ./components/ui/toast.tsx [Client Component SSR]
    ./components/ui/toaster.tsx [Client Component SSR]
    ./components/ui/toaster.tsx [Server Component]
    ./app/layout.tsx [Server Component]

https://nextjs.org/docs/messages/module-not-found @ http://localhost:3000/_next/static/chunks/node_modules_next_dist_20ud_8w._.js:2099
[ 2865648ms] [ERROR] ./lib/utils.ts:1:1
Module not found: Can't resolve 'clsx'
> 1 | import { type ClassValue, clsx } from "clsx"
    | ^^^^^^^^^^^^^^^^^^^^^^^^^^^^^^^^^^^^^^^^^^^^
  2 | import { twMerge } from "tailwind-merge"
  3 |
  4 | export function cn(...inputs: ClassValue[]) {

Import traces:
  Client Component Browser:
    ./lib/utils.ts [Client Component Browser]
    ./components/ui/toast.tsx [Client Component Browser]
    ./components/ui/toaster.tsx [Client Component Browser]
    ./components/ui/toaster.tsx [Server Component]
    ./app/layout.tsx [Server Component]

  Client Component SSR:
    ./lib/utils.ts [Client Component SSR]
    ./components/ui/toast.tsx [Client Component SSR]
    ./components/ui/toaster.tsx [Client Component SSR]
    ./components/ui/toaster.tsx [Server Component]
    ./app/layout.tsx [Server Component]

https://nextjs.org/docs/messages/module-not-found @ http://localhost:3000/_next/static/chunks/node_modules_next_dist_20ud_8w._.js:2099
[ 2865648ms] [ERROR] ./app/page.tsx:2:1
Module not found: Can't resolve 'lucide-react'
  1 | import Link from "next/link"
> 2 | import { ArrowRight, FileText, GitPullRequest, Share2 } from "lucide-react"
    | ^^^^^^^^^^^^^^^^^^^^^^^^^^^^^^^^^^^^^^^^^^^^^^^^^^^^^^^^^^^^^^^^^^^^^^^^^^^
  3 |
  4 | const chain = [
  5 |   {

https://nextjs.org/docs/messages/module-not-found @ http://localhost:3000/_next/static/chunks/node_modules_next_dist_20ud_8w._.js:2099
[ 2865648ms] [ERROR] ./components/ui/toast.tsx:6:1
Module not found: Can't resolve 'lucide-react'
  4 | import * as ToastPrimitives from "@radix-ui/react-toast"
  5 | import { cva, type VariantProps } from "class-variance-authority"
> 6 | import { X } from "lucide-react"
    | ^^^^^^^^^^^^^^^^^^^^^^^^^^^^^^^^
  7 |
  8 | import { cn } from "@/lib/utils"
  9 |

Import traces:
  Client Component Browser:
    ./components/ui/toast.tsx [Client Component Browser]
    ./components/ui/toaster.tsx [Client Component Browser]
    ./components/ui/toaster.tsx [Server Component]
    ./app/layout.tsx [Server Component]

  Client Component SSR:
    ./components/ui/toast.tsx [Client Component SSR]
    ./components/ui/toaster.tsx [Client Component SSR]
    ./components/ui/toaster.tsx [Server Component]
    ./app/layout.tsx [Server Component]

https://nextjs.org/docs/messages/module-not-found @ http://localhost:3000/_next/static/chunks/node_modules_next_dist_20ud_8w._.js:2099
[ 2865648ms] [ERROR] ./lib/utils.ts:2:1
Module not found: Can't resolve 'tailwind-merge'
  1 | import { type ClassValue, clsx } from "clsx"
> 2 | import { twMerge } from "tailwind-merge"
    | ^^^^^^^^^^^^^^^^^^^^^^^^^^^^^^^^^^^^^^^^
  3 |
  4 | export function cn(...inputs: ClassValue[]) {
  5 |   return twMerge(clsx(inputs))

Import traces:
  Client Component Browser:
    ./lib/utils.ts [Client Component Browser]
    ./components/ui/toast.tsx [Client Component Browser]
    ./components/ui/toaster.tsx [Client Component Browser]
    ./components/ui/toaster.tsx [Server Component]
    ./app/layout.tsx [Server Component]

  Client Component SSR:
    ./lib/utils.ts [Client Component SSR]
    ./components/ui/toast.tsx [Client Component SSR]
    ./components/ui/toaster.tsx [Client Component SSR]
    ./components/ui/toaster.tsx [Server Component]
    ./app/layout.tsx [Server Component]

https://nextjs.org/docs/messages/module-not-found @ http://localhost:3000/_next/static/chunks/node_modules_next_dist_20ud_8w._.js:2099
[ 2865707ms] [LOG] [Fast Refresh] rebuilding @ http://localhost:3000/_next/static/chunks/node_modules_next_dist_20ud_8w._.js:1380
[ 2865932ms] [ERROR] ./app/globals.css
Error evaluating Node.js code
CssSyntaxError: tailwindcss: C:\Users\Lenovo\Desktop\线下黑客松\frontend\app\globals.css:1:1: Can't resolve 'tw-animate-css' in 'C:\Users\Lenovo\Desktop\线下黑客松\frontend\app'
    [at Input.error (turbopack:///[project]/node_modules/postcss/lib/input.js:135:16)]
    [at Root.error (turbopack:///[project]/node_modules/postcss/lib/node.js:166:32)]
    [at Object.Once (C:\Users\Lenovo\Desktop\线下黑客松\frontend\node_modules\@tailwindcss\postcss\dist\index.js:10:7013)]
    [at process.processTicksAndRejections (node:internal/process/task_queues:104:5)]
    [at async LazyResult.runAsync (turbopack:///[project]/node_modules/postcss/lib/lazy-result.js:299:11)]
    [at async transform (turbopack:///[turbopack-node]/transforms/postcss.ts:70:34)]
    [at async run (turbopack:///[turbopack-node]/child_process/evaluate.ts:89:23)]

Import trace:
  Client Component Browser:
    ./app/globals.css [Client Component Browser]
    ./app/layout.tsx [Server Component] @ http://localhost:3000/_next/static/chunks/node_modules_next_dist_20ud_8w._.js:2099
[ 2865932ms] [ERROR] ./components/ui/toast.tsx:4:1
Module not found: Can't resolve '@radix-ui/react-toast'
  2 |
  3 | import * as React from "react"
> 4 | import * as ToastPrimitives from "@radix-ui/react-toast"
    | ^^^^^^^^^^^^^^^^^^^^^^^^^^^^^^^^^^^^^^^^^^^^^^^^^^^^^^^^
  5 | import { cva, type VariantProps } from "class-variance-authority"
  6 | import { X } from "lucide-react"
  7 |

Import traces:
  Client Component Browser:
    ./components/ui/toast.tsx [Client Component Browser]
    ./components/ui/toaster.tsx [Client Component Browser]
    ./components/ui/toaster.tsx [Server Component]
    ./app/layout.tsx [Server Component]

  Client Component SSR:
    ./components/ui/toast.tsx [Client Component SSR]
    ./components/ui/toaster.tsx [Client Component SSR]
    ./components/ui/toaster.tsx [Server Component]
    ./app/layout.tsx [Server Component]

https://nextjs.org/docs/messages/module-not-found @ http://localhost:3000/_next/static/chunks/node_modules_next_dist_20ud_8w._.js:2099
[ 2865932ms] [ERROR] ./components/ui/toast.tsx:5:1
Module not found: Can't resolve 'class-variance-authority'
  3 | import * as React from "react"
  4 | import * as ToastPrimitives from "@radix-ui/react-toast"
> 5 | import { cva, type VariantProps } from "class-variance-authority"
    | ^^^^^^^^^^^^^^^^^^^^^^^^^^^^^^^^^^^^^^^^^^^^^^^^^^^^^^^^^^^^^^^^^
  6 | import { X } from "lucide-react"
  7 |
  8 | import { cn } from "@/lib/utils"

Import traces:
  Client Component Browser:
    ./components/ui/toast.tsx [Client Component Browser]
    ./components/ui/toaster.tsx [Client Component Browser]
    ./components/ui/toaster.tsx [Server Component]
    ./app/layout.tsx [Server Component]

  Client Component SSR:
    ./components/ui/toast.tsx [Client Component SSR]
    ./components/ui/toaster.tsx [Client Component SSR]
    ./components/ui/toaster.tsx [Server Component]
    ./app/layout.tsx [Server Component]

https://nextjs.org/docs/messages/module-not-found @ http://localhost:3000/_next/static/chunks/node_modules_next_dist_20ud_8w._.js:2099
[ 2865932ms] [ERROR] ./lib/utils.ts:1:1
Module not found: Can't resolve 'clsx'
> 1 | import { type ClassValue, clsx } from "clsx"
    | ^^^^^^^^^^^^^^^^^^^^^^^^^^^^^^^^^^^^^^^^^^^^
  2 | import { twMerge } from "tailwind-merge"
  3 |
  4 | export function cn(...inputs: ClassValue[]) {

Import traces:
  Client Component Browser:
    ./lib/utils.ts [Client Component Browser]
    ./components/ui/toast.tsx [Client Component Browser]
    ./components/ui/toaster.tsx [Client Component Browser]
    ./components/ui/toaster.tsx [Server Component]
    ./app/layout.tsx [Server Component]

  Client Component SSR:
    ./lib/utils.ts [Client Component SSR]
    ./components/ui/toast.tsx [Client Component SSR]
    ./components/ui/toaster.tsx [Client Component SSR]
    ./components/ui/toaster.tsx [Server Component]
    ./app/layout.tsx [Server Component]

https://nextjs.org/docs/messages/module-not-found @ http://localhost:3000/_next/static/chunks/node_modules_next_dist_20ud_8w._.js:2099
[ 2865932ms] [ERROR] ./app/page.tsx:2:1
Module not found: Can't resolve 'lucide-react'
  1 | import Link from "next/link"
> 2 | import { ArrowRight, FileText, GitPullRequest, Share2 } from "lucide-react"
    | ^^^^^^^^^^^^^^^^^^^^^^^^^^^^^^^^^^^^^^^^^^^^^^^^^^^^^^^^^^^^^^^^^^^^^^^^^^^
  3 |
  4 | const chain = [
  5 |   {

https://nextjs.org/docs/messages/module-not-found @ http://localhost:3000/_next/static/chunks/node_modules_next_dist_20ud_8w._.js:2099
[ 2865933ms] [ERROR] ./components/ui/toast.tsx:6:1
Module not found: Can't resolve 'lucide-react'
  4 | import * as ToastPrimitives from "@radix-ui/react-toast"
  5 | import { cva, type VariantProps } from "class-variance-authority"
> 6 | import { X } from "lucide-react"
    | ^^^^^^^^^^^^^^^^^^^^^^^^^^^^^^^^
  7 |
  8 | import { cn } from "@/lib/utils"
  9 |

Import traces:
  Client Component Browser:
    ./components/ui/toast.tsx [Client Component Browser]
    ./components/ui/toaster.tsx [Client Component Browser]
    ./components/ui/toaster.tsx [Server Component]
    ./app/layout.tsx [Server Component]

  Client Component SSR:
    ./components/ui/toast.tsx [Client Component SSR]
    ./components/ui/toaster.tsx [Client Component SSR]
    ./components/ui/toaster.tsx [Server Component]
    ./app/layout.tsx [Server Component]

https://nextjs.org/docs/messages/module-not-found @ http://localhost:3000/_next/static/chunks/node_modules_next_dist_20ud_8w._.js:2099
[ 2865933ms] [ERROR] ./lib/utils.ts:2:1
Module not found: Can't resolve 'tailwind-merge'
  1 | import { type ClassValue, clsx } from "clsx"
> 2 | import { twMerge } from "tailwind-merge"
    | ^^^^^^^^^^^^^^^^^^^^^^^^^^^^^^^^^^^^^^^^
  3 |
  4 | export function cn(...inputs: ClassValue[]) {
  5 |   return twMerge(clsx(inputs))

Import traces:
  Client Component Browser:
    ./lib/utils.ts [Client Component Browser]
    ./components/ui/toast.tsx [Client Component Browser]
    ./components/ui/toaster.tsx [Client Component Browser]
    ./components/ui/toaster.tsx [Server Component]
    ./app/layout.tsx [Server Component]

  Client Component SSR:
    ./lib/utils.ts [Client Component SSR]
    ./components/ui/toast.tsx [Client Component SSR]
    ./components/ui/toaster.tsx [Client Component SSR]
    ./components/ui/toaster.tsx [Server Component]
    ./app/layout.tsx [Server Component]

https://nextjs.org/docs/messages/module-not-found @ http://localhost:3000/_next/static/chunks/node_modules_next_dist_20ud_8w._.js:2099
[ 2865988ms] [LOG] [Fast Refresh] rebuilding @ http://localhost:3000/_next/static/chunks/node_modules_next_dist_20ud_8w._.js:1380
[ 2866339ms] [ERROR] ./app/globals.css
Error evaluating Node.js code
CssSyntaxError: tailwindcss: C:\Users\Lenovo\Desktop\线下黑客松\frontend\app\globals.css:1:1: Can't resolve 'tw-animate-css' in 'C:\Users\Lenovo\Desktop\线下黑客松\frontend\app'
    [at Input.error (turbopack:///[project]/node_modules/postcss/lib/input.js:135:16)]
    [at Root.error (turbopack:///[project]/node_modules/postcss/lib/node.js:166:32)]
    [at Object.Once (C:\Users\Lenovo\Desktop\线下黑客松\frontend\node_modules\@tailwindcss\postcss\dist\index.js:10:7013)]
    [at process.processTicksAndRejections (node:internal/process/task_queues:104:5)]
    [at async LazyResult.runAsync (turbopack:///[project]/node_modules/postcss/lib/lazy-result.js:299:11)]
    [at async transform (turbopack:///[turbopack-node]/transforms/postcss.ts:70:34)]
    [at async run (turbopack:///[turbopack-node]/child_process/evaluate.ts:89:23)]

Import trace:
  Client Component Browser:
    ./app/globals.css [Client Component Browser]
    ./app/layout.tsx [Server Component] @ http://localhost:3000/_next/static/chunks/node_modules_next_dist_20ud_8w._.js:2099
[ 2866340ms] [ERROR] ./components/ui/toast.tsx:4:1
Module not found: Can't resolve '@radix-ui/react-toast'
  2 |
  3 | import * as React from "react"
> 4 | import * as ToastPrimitives from "@radix-ui/react-toast"
    | ^^^^^^^^^^^^^^^^^^^^^^^^^^^^^^^^^^^^^^^^^^^^^^^^^^^^^^^^
  5 | import { cva, type VariantProps } from "class-variance-authority"
  6 | import { X } from "lucide-react"
  7 |

Import traces:
  Client Component Browser:
    ./components/ui/toast.tsx [Client Component Browser]
    ./components/ui/toaster.tsx [Client Component Browser]
    ./components/ui/toaster.tsx [Server Component]
    ./app/layout.tsx [Server Component]

  Client Component SSR:
    ./components/ui/toast.tsx [Client Component SSR]
    ./components/ui/toaster.tsx [Client Component SSR]
    ./components/ui/toaster.tsx [Server Component]
    ./app/layout.tsx [Server Component]

https://nextjs.org/docs/messages/module-not-found @ http://localhost:3000/_next/static/chunks/node_modules_next_dist_20ud_8w._.js:2099
[ 2866340ms] [ERROR] ./components/ui/toast.tsx:5:1
Module not found: Can't resolve 'class-variance-authority'
  3 | import * as React from "react"
  4 | import * as ToastPrimitives from "@radix-ui/react-toast"
> 5 | import { cva, type VariantProps } from "class-variance-authority"
    | ^^^^^^^^^^^^^^^^^^^^^^^^^^^^^^^^^^^^^^^^^^^^^^^^^^^^^^^^^^^^^^^^^
  6 | import { X } from "lucide-react"
  7 |
  8 | import { cn } from "@/lib/utils"

Import traces:
  Client Component Browser:
    ./components/ui/toast.tsx [Client Component Browser]
    ./components/ui/toaster.tsx [Client Component Browser]
    ./components/ui/toaster.tsx [Server Component]
    ./app/layout.tsx [Server Component]

  Client Component SSR:
    ./components/ui/toast.tsx [Client Component SSR]
    ./components/ui/toaster.tsx [Client Component SSR]
    ./components/ui/toaster.tsx [Server Component]
    ./app/layout.tsx [Server Component]

https://nextjs.org/docs/messages/module-not-found @ http://localhost:3000/_next/static/chunks/node_modules_next_dist_20ud_8w._.js:2099
[ 2866340ms] [ERROR] ./lib/utils.ts:1:1
Module not found: Can't resolve 'clsx'
> 1 | import { type ClassValue, clsx } from "clsx"
    | ^^^^^^^^^^^^^^^^^^^^^^^^^^^^^^^^^^^^^^^^^^^^
  2 | import { twMerge } from "tailwind-merge"
  3 |
  4 | export function cn(...inputs: ClassValue[]) {

Import traces:
  Client Component Browser:
    ./lib/utils.ts [Client Component Browser]
    ./components/ui/toast.tsx [Client Component Browser]
    ./components/ui/toaster.tsx [Client Component Browser]
    ./components/ui/toaster.tsx [Server Component]
    ./app/layout.tsx [Server Component]

  Client Component SSR:
    ./lib/utils.ts [Client Component SSR]
    ./components/ui/toast.tsx [Client Component SSR]
    ./components/ui/toaster.tsx [Client Component SSR]
    ./components/ui/toaster.tsx [Server Component]
    ./app/layout.tsx [Server Component]

https://nextjs.org/docs/messages/module-not-found @ http://localhost:3000/_next/static/chunks/node_modules_next_dist_20ud_8w._.js:2099
[ 2866340ms] [ERROR] ./app/page.tsx:2:1
Module not found: Can't resolve 'lucide-react'
  1 | import Link from "next/link"
> 2 | import { ArrowRight, FileText, GitPullRequest, Share2 } from "lucide-react"
    | ^^^^^^^^^^^^^^^^^^^^^^^^^^^^^^^^^^^^^^^^^^^^^^^^^^^^^^^^^^^^^^^^^^^^^^^^^^^
  3 |
  4 | const chain = [
  5 |   {

https://nextjs.org/docs/messages/module-not-found @ http://localhost:3000/_next/static/chunks/node_modules_next_dist_20ud_8w._.js:2099
[ 2866341ms] [ERROR] ./components/ui/toast.tsx:6:1
Module not found: Can't resolve 'lucide-react'
  4 | import * as ToastPrimitives from "@radix-ui/react-toast"
  5 | import { cva, type VariantProps } from "class-variance-authority"
> 6 | import { X } from "lucide-react"
    | ^^^^^^^^^^^^^^^^^^^^^^^^^^^^^^^^
  7 |
  8 | import { cn } from "@/lib/utils"
  9 |

Import traces:
  Client Component Browser:
    ./components/ui/toast.tsx [Client Component Browser]
    ./components/ui/toaster.tsx [Client Component Browser]
    ./components/ui/toaster.tsx [Server Component]
    ./app/layout.tsx [Server Component]

  Client Component SSR:
    ./components/ui/toast.tsx [Client Component SSR]
    ./components/ui/toaster.tsx [Client Component SSR]
    ./components/ui/toaster.tsx [Server Component]
    ./app/layout.tsx [Server Component]

https://nextjs.org/docs/messages/module-not-found @ http://localhost:3000/_next/static/chunks/node_modules_next_dist_20ud_8w._.js:2099
[ 2866341ms] [ERROR] ./lib/utils.ts:2:1
Module not found: Can't resolve 'tailwind-merge'
  1 | import { type ClassValue, clsx } from "clsx"
> 2 | import { twMerge } from "tailwind-merge"
    | ^^^^^^^^^^^^^^^^^^^^^^^^^^^^^^^^^^^^^^^^
  3 |
  4 | export function cn(...inputs: ClassValue[]) {
  5 |   return twMerge(clsx(inputs))

Import traces:
  Client Component Browser:
    ./lib/utils.ts [Client Component Browser]
    ./components/ui/toast.tsx [Client Component Browser]
    ./components/ui/toaster.tsx [Client Component Browser]
    ./components/ui/toaster.tsx [Server Component]
    ./app/layout.tsx [Server Component]

  Client Component SSR:
    ./lib/utils.ts [Client Component SSR]
    ./components/ui/toast.tsx [Client Component SSR]
    ./components/ui/toaster.tsx [Client Component SSR]
    ./components/ui/toaster.tsx [Server Component]
    ./app/layout.tsx [Server Component]

https://nextjs.org/docs/messages/module-not-found @ http://localhost:3000/_next/static/chunks/node_modules_next_dist_20ud_8w._.js:2099
[ 2866402ms] [ERROR] ./app/globals.css
Error evaluating Node.js code
CssSyntaxError: tailwindcss: C:\Users\Lenovo\Desktop\线下黑客松\frontend\app\globals.css:1:1: Can't resolve 'tw-animate-css' in 'C:\Users\Lenovo\Desktop\线下黑客松\frontend\app'
    [at Input.error (turbopack:///[project]/node_modules/postcss/lib/input.js:135:16)]
    [at Root.error (turbopack:///[project]/node_modules/postcss/lib/node.js:166:32)]
    [at Object.Once (C:\Users\Lenovo\Desktop\线下黑客松\frontend\node_modules\@tailwindcss\postcss\dist\index.js:10:7013)]
    [at process.processTicksAndRejections (node:internal/process/task_queues:104:5)]
    [at async LazyResult.runAsync (turbopack:///[project]/node_modules/postcss/lib/lazy-result.js:299:11)]
    [at async transform (turbopack:///[turbopack-node]/transforms/postcss.ts:70:34)]
    [at async run (turbopack:///[turbopack-node]/child_process/evaluate.ts:89:23)]

Import trace:
  Client Component Browser:
    ./app/globals.css [Client Component Browser]
    ./app/layout.tsx [Server Component] @ http://localhost:3000/_next/static/chunks/node_modules_next_dist_20ud_8w._.js:2099
[ 2866403ms] [ERROR] ./components/ui/toast.tsx:4:1
Module not found: Can't resolve '@radix-ui/react-toast'
  2 |
  3 | import * as React from "react"
> 4 | import * as ToastPrimitives from "@radix-ui/react-toast"
    | ^^^^^^^^^^^^^^^^^^^^^^^^^^^^^^^^^^^^^^^^^^^^^^^^^^^^^^^^
  5 | import { cva, type VariantProps } from "class-variance-authority"
  6 | import { X } from "lucide-react"
  7 |

Import traces:
  Client Component Browser:
    ./components/ui/toast.tsx [Client Component Browser]
    ./components/ui/toaster.tsx [Client Component Browser]
    ./components/ui/toaster.tsx [Server Component]
    ./app/layout.tsx [Server Component]

  Client Component SSR:
    ./components/ui/toast.tsx [Client Component SSR]
    ./components/ui/toaster.tsx [Client Component SSR]
    ./components/ui/toaster.tsx [Server Component]
    ./app/layout.tsx [Server Component]

https://nextjs.org/docs/messages/module-not-found @ http://localhost:3000/_next/static/chunks/node_modules_next_dist_20ud_8w._.js:2099
[ 2866403ms] [ERROR] ./components/ui/toast.tsx:5:1
Module not found: Can't resolve 'class-variance-authority'
  3 | import * as React from "react"
  4 | import * as ToastPrimitives from "@radix-ui/react-toast"
> 5 | import { cva, type VariantProps } from "class-variance-authority"
    | ^^^^^^^^^^^^^^^^^^^^^^^^^^^^^^^^^^^^^^^^^^^^^^^^^^^^^^^^^^^^^^^^^
  6 | import { X } from "lucide-react"
  7 |
  8 | import { cn } from "@/lib/utils"

Import traces:
  Client Component Browser:
    ./components/ui/toast.tsx [Client Component Browser]
    ./components/ui/toaster.tsx [Client Component Browser]
    ./components/ui/toaster.tsx [Server Component]
    ./app/layout.tsx [Server Component]

  Client Component SSR:
    ./components/ui/toast.tsx [Client Component SSR]
    ./components/ui/toaster.tsx [Client Component SSR]
    ./components/ui/toaster.tsx [Server Component]
    ./app/layout.tsx [Server Component]

https://nextjs.org/docs/messages/module-not-found @ http://localhost:3000/_next/static/chunks/node_modules_next_dist_20ud_8w._.js:2099
[ 2866404ms] [ERROR] ./lib/utils.ts:1:1
Module not found: Can't resolve 'clsx'
> 1 | import { type ClassValue, clsx } from "clsx"
    | ^^^^^^^^^^^^^^^^^^^^^^^^^^^^^^^^^^^^^^^^^^^^
  2 | import { twMerge } from "tailwind-merge"
  3 |
  4 | export function cn(...inputs: ClassValue[]) {

Import traces:
  Client Component Browser:
    ./lib/utils.ts [Client Component Browser]
    ./components/ui/toast.tsx [Client Component Browser]
    ./components/ui/toaster.tsx [Client Component Browser]
    ./components/ui/toaster.tsx [Server Component]
    ./app/layout.tsx [Server Component]

  Client Component SSR:
    ./lib/utils.ts [Client Component SSR]
    ./components/ui/toast.tsx [Client Component SSR]
    ./components/ui/toaster.tsx [Client Component SSR]
    ./components/ui/toaster.tsx [Server Component]
    ./app/layout.tsx [Server Component]

https://nextjs.org/docs/messages/module-not-found @ http://localhost:3000/_next/static/chunks/node_modules_next_dist_20ud_8w._.js:2099
[ 2866404ms] [ERROR] ./app/page.tsx:2:1
Module not found: Can't resolve 'lucide-react'
  1 | import Link from "next/link"
> 2 | import { ArrowRight, FileText, GitPullRequest, Share2 } from "lucide-react"
    | ^^^^^^^^^^^^^^^^^^^^^^^^^^^^^^^^^^^^^^^^^^^^^^^^^^^^^^^^^^^^^^^^^^^^^^^^^^^
  3 |
  4 | const chain = [
  5 |   {

https://nextjs.org/docs/messages/module-not-found @ http://localhost:3000/_next/static/chunks/node_modules_next_dist_20ud_8w._.js:2099
[ 2866404ms] [ERROR] ./components/ui/toast.tsx:6:1
Module not found: Can't resolve 'lucide-react'
  4 | import * as ToastPrimitives from "@radix-ui/react-toast"
  5 | import { cva, type VariantProps } from "class-variance-authority"
> 6 | import { X } from "lucide-react"
    | ^^^^^^^^^^^^^^^^^^^^^^^^^^^^^^^^
  7 |
  8 | import { cn } from "@/lib/utils"
  9 |

Import traces:
  Client Component Browser:
    ./components/ui/toast.tsx [Client Component Browser]
    ./components/ui/toaster.tsx [Client Component Browser]
    ./components/ui/toaster.tsx [Server Component]
    ./app/layout.tsx [Server Component]

  Client Component SSR:
    ./components/ui/toast.tsx [Client Component SSR]
    ./components/ui/toaster.tsx [Client Component SSR]
    ./components/ui/toaster.tsx [Server Component]
    ./app/layout.tsx [Server Component]

https://nextjs.org/docs/messages/module-not-found @ http://localhost:3000/_next/static/chunks/node_modules_next_dist_20ud_8w._.js:2099
[ 2866404ms] [ERROR] ./lib/utils.ts:2:1
Module not found: Can't resolve 'tailwind-merge'
  1 | import { type ClassValue, clsx } from "clsx"
> 2 | import { twMerge } from "tailwind-merge"
    | ^^^^^^^^^^^^^^^^^^^^^^^^^^^^^^^^^^^^^^^^
  3 |
  4 | export function cn(...inputs: ClassValue[]) {
  5 |   return twMerge(clsx(inputs))

Import traces:
  Client Component Browser:
    ./lib/utils.ts [Client Component Browser]
    ./components/ui/toast.tsx [Client Component Browser]
    ./components/ui/toaster.tsx [Client Component Browser]
    ./components/ui/toaster.tsx [Server Component]
    ./app/layout.tsx [Server Component]

  Client Component SSR:
    ./lib/utils.ts [Client Component SSR]
    ./components/ui/toast.tsx [Client Component SSR]
    ./components/ui/toaster.tsx [Client Component SSR]
    ./components/ui/toaster.tsx [Server Component]
    ./app/layout.tsx [Server Component]

https://nextjs.org/docs/messages/module-not-found @ http://localhost:3000/_next/static/chunks/node_modules_next_dist_20ud_8w._.js:2099
[ 2866462ms] [LOG] [Fast Refresh] rebuilding @ http://localhost:3000/_next/static/chunks/node_modules_next_dist_20ud_8w._.js:1380
[ 2866719ms] [ERROR] ./app/globals.css
Error evaluating Node.js code
CssSyntaxError: tailwindcss: C:\Users\Lenovo\Desktop\线下黑客松\frontend\app\globals.css:1:1: Can't resolve 'tw-animate-css' in 'C:\Users\Lenovo\Desktop\线下黑客松\frontend\app'
    [at Input.error (turbopack:///[project]/node_modules/postcss/lib/input.js:135:16)]
    [at Root.error (turbopack:///[project]/node_modules/postcss/lib/node.js:166:32)]
    [at Object.Once (C:\Users\Lenovo\Desktop\线下黑客松\frontend\node_modules\@tailwindcss\postcss\dist\index.js:10:7013)]
    [at process.processTicksAndRejections (node:internal/process/task_queues:104:5)]
    [at async LazyResult.runAsync (turbopack:///[project]/node_modules/postcss/lib/lazy-result.js:299:11)]
    [at async transform (turbopack:///[turbopack-node]/transforms/postcss.ts:70:34)]
    [at async run (turbopack:///[turbopack-node]/child_process/evaluate.ts:89:23)]

Import trace:
  Client Component Browser:
    ./app/globals.css [Client Component Browser]
    ./app/layout.tsx [Server Component] @ http://localhost:3000/_next/static/chunks/node_modules_next_dist_20ud_8w._.js:2099
[ 2866720ms] [ERROR] ./components/ui/toast.tsx:4:1
Module not found: Can't resolve '@radix-ui/react-toast'
  2 |
  3 | import * as React from "react"
> 4 | import * as ToastPrimitives from "@radix-ui/react-toast"
    | ^^^^^^^^^^^^^^^^^^^^^^^^^^^^^^^^^^^^^^^^^^^^^^^^^^^^^^^^
  5 | import { cva, type VariantProps } from "class-variance-authority"
  6 | import { X } from "lucide-react"
  7 |

Import traces:
  Client Component Browser:
    ./components/ui/toast.tsx [Client Component Browser]
    ./components/ui/toaster.tsx [Client Component Browser]
    ./components/ui/toaster.tsx [Server Component]
    ./app/layout.tsx [Server Component]

  Client Component SSR:
    ./components/ui/toast.tsx [Client Component SSR]
    ./components/ui/toaster.tsx [Client Component SSR]
    ./components/ui/toaster.tsx [Server Component]
    ./app/layout.tsx [Server Component]

https://nextjs.org/docs/messages/module-not-found @ http://localhost:3000/_next/static/chunks/node_modules_next_dist_20ud_8w._.js:2099
[ 2866720ms] [ERROR] ./components/ui/toast.tsx:5:1
Module not found: Can't resolve 'class-variance-authority'
  3 | import * as React from "react"
  4 | import * as ToastPrimitives from "@radix-ui/react-toast"
> 5 | import { cva, type VariantProps } from "class-variance-authority"
    | ^^^^^^^^^^^^^^^^^^^^^^^^^^^^^^^^^^^^^^^^^^^^^^^^^^^^^^^^^^^^^^^^^
  6 | import { X } from "lucide-react"
  7 |
  8 | import { cn } from "@/lib/utils"

Import traces:
  Client Component Browser:
    ./components/ui/toast.tsx [Client Component Browser]
    ./components/ui/toaster.tsx [Client Component Browser]
    ./components/ui/toaster.tsx [Server Component]
    ./app/layout.tsx [Server Component]

  Client Component SSR:
    ./components/ui/toast.tsx [Client Component SSR]
    ./components/ui/toaster.tsx [Client Component SSR]
    ./components/ui/toaster.tsx [Server Component]
    ./app/layout.tsx [Server Component]

https://nextjs.org/docs/messages/module-not-found @ http://localhost:3000/_next/static/chunks/node_modules_next_dist_20ud_8w._.js:2099
[ 2866720ms] [ERROR] ./lib/utils.ts:1:1
Module not found: Can't resolve 'clsx'
> 1 | import { type ClassValue, clsx } from "clsx"
    | ^^^^^^^^^^^^^^^^^^^^^^^^^^^^^^^^^^^^^^^^^^^^
  2 | import { twMerge } from "tailwind-merge"
  3 |
  4 | export function cn(...inputs: ClassValue[]) {

Import traces:
  Client Component Browser:
    ./lib/utils.ts [Client Component Browser]
    ./components/ui/toast.tsx [Client Component Browser]
    ./components/ui/toaster.tsx [Client Component Browser]
    ./components/ui/toaster.tsx [Server Component]
    ./app/layout.tsx [Server Component]

  Client Component SSR:
    ./lib/utils.ts [Client Component SSR]
    ./components/ui/toast.tsx [Client Component SSR]
    ./components/ui/toaster.tsx [Client Component SSR]
    ./components/ui/toaster.tsx [Server Component]
    ./app/layout.tsx [Server Component]

https://nextjs.org/docs/messages/module-not-found @ http://localhost:3000/_next/static/chunks/node_modules_next_dist_20ud_8w._.js:2099
[ 2866720ms] [ERROR] ./app/page.tsx:2:1
Module not found: Can't resolve 'lucide-react'
  1 | import Link from "next/link"
> 2 | import { ArrowRight, FileText, GitPullRequest, Share2 } from "lucide-react"
    | ^^^^^^^^^^^^^^^^^^^^^^^^^^^^^^^^^^^^^^^^^^^^^^^^^^^^^^^^^^^^^^^^^^^^^^^^^^^
  3 |
  4 | const chain = [
  5 |   {

https://nextjs.org/docs/messages/module-not-found @ http://localhost:3000/_next/static/chunks/node_modules_next_dist_20ud_8w._.js:2099
[ 2866721ms] [ERROR] ./components/ui/toast.tsx:6:1
Module not found: Can't resolve 'lucide-react'
  4 | import * as ToastPrimitives from "@radix-ui/react-toast"
  5 | import { cva, type VariantProps } from "class-variance-authority"
> 6 | import { X } from "lucide-react"
    | ^^^^^^^^^^^^^^^^^^^^^^^^^^^^^^^^
  7 |
  8 | import { cn } from "@/lib/utils"
  9 |

Import traces:
  Client Component Browser:
    ./components/ui/toast.tsx [Client Component Browser]
    ./components/ui/toaster.tsx [Client Component Browser]
    ./components/ui/toaster.tsx [Server Component]
    ./app/layout.tsx [Server Component]

  Client Component SSR:
    ./components/ui/toast.tsx [Client Component SSR]
    ./components/ui/toaster.tsx [Client Component SSR]
    ./components/ui/toaster.tsx [Server Component]
    ./app/layout.tsx [Server Component]

https://nextjs.org/docs/messages/module-not-found @ http://localhost:3000/_next/static/chunks/node_modules_next_dist_20ud_8w._.js:2099
[ 2866721ms] [ERROR] ./lib/utils.ts:2:1
Module not found: Can't resolve 'tailwind-merge'
  1 | import { type ClassValue, clsx } from "clsx"
> 2 | import { twMerge } from "tailwind-merge"
    | ^^^^^^^^^^^^^^^^^^^^^^^^^^^^^^^^^^^^^^^^
  3 |
  4 | export function cn(...inputs: ClassValue[]) {
  5 |   return twMerge(clsx(inputs))

Import traces:
  Client Component Browser:
    ./lib/utils.ts [Client Component Browser]
    ./components/ui/toast.tsx [Client Component Browser]
    ./components/ui/toaster.tsx [Client Component Browser]
    ./components/ui/toaster.tsx [Server Component]
    ./app/layout.tsx [Server Component]

  Client Component SSR:
    ./lib/utils.ts [Client Component SSR]
    ./components/ui/toast.tsx [Client Component SSR]
    ./components/ui/toaster.tsx [Client Component SSR]
    ./components/ui/toaster.tsx [Server Component]
    ./app/layout.tsx [Server Component]

https://nextjs.org/docs/messages/module-not-found @ http://localhost:3000/_next/static/chunks/node_modules_next_dist_20ud_8w._.js:2099
[ 2866778ms] [LOG] [Fast Refresh] rebuilding @ http://localhost:3000/_next/static/chunks/node_modules_next_dist_20ud_8w._.js:1380
[ 2867146ms] [ERROR] ./app/globals.css
Error evaluating Node.js code
CssSyntaxError: tailwindcss: C:\Users\Lenovo\Desktop\线下黑客松\frontend\app\globals.css:1:1: Can't resolve 'tw-animate-css' in 'C:\Users\Lenovo\Desktop\线下黑客松\frontend\app'
    [at Input.error (turbopack:///[project]/node_modules/postcss/lib/input.js:135:16)]
    [at Root.error (turbopack:///[project]/node_modules/postcss/lib/node.js:166:32)]
    [at Object.Once (C:\Users\Lenovo\Desktop\线下黑客松\frontend\node_modules\@tailwindcss\postcss\dist\index.js:10:7013)]
    [at process.processTicksAndRejections (node:internal/process/task_queues:104:5)]
    [at async LazyResult.runAsync (turbopack:///[project]/node_modules/postcss/lib/lazy-result.js:299:11)]
    [at async transform (turbopack:///[turbopack-node]/transforms/postcss.ts:70:34)]
    [at async run (turbopack:///[turbopack-node]/child_process/evaluate.ts:89:23)]

Import trace:
  Client Component Browser:
    ./app/globals.css [Client Component Browser]
    ./app/layout.tsx [Server Component] @ http://localhost:3000/_next/static/chunks/node_modules_next_dist_20ud_8w._.js:2099
[ 2867146ms] [ERROR] ./components/ui/toast.tsx:4:1
Module not found: Can't resolve '@radix-ui/react-toast'
  2 |
  3 | import * as React from "react"
> 4 | import * as ToastPrimitives from "@radix-ui/react-toast"
    | ^^^^^^^^^^^^^^^^^^^^^^^^^^^^^^^^^^^^^^^^^^^^^^^^^^^^^^^^
  5 | import { cva, type VariantProps } from "class-variance-authority"
  6 | import { X } from "lucide-react"
  7 |

Import traces:
  Client Component Browser:
    ./components/ui/toast.tsx [Client Component Browser]
    ./components/ui/toaster.tsx [Client Component Browser]
    ./components/ui/toaster.tsx [Server Component]
    ./app/layout.tsx [Server Component]

  Client Component SSR:
    ./components/ui/toast.tsx [Client Component SSR]
    ./components/ui/toaster.tsx [Client Component SSR]
    ./components/ui/toaster.tsx [Server Component]
    ./app/layout.tsx [Server Component]

https://nextjs.org/docs/messages/module-not-found @ http://localhost:3000/_next/static/chunks/node_modules_next_dist_20ud_8w._.js:2099
[ 2867147ms] [ERROR] ./components/ui/toast.tsx:5:1
Module not found: Can't resolve 'class-variance-authority'
  3 | import * as React from "react"
  4 | import * as ToastPrimitives from "@radix-ui/react-toast"
> 5 | import { cva, type VariantProps } from "class-variance-authority"
    | ^^^^^^^^^^^^^^^^^^^^^^^^^^^^^^^^^^^^^^^^^^^^^^^^^^^^^^^^^^^^^^^^^
  6 | import { X } from "lucide-react"
  7 |
  8 | import { cn } from "@/lib/utils"

Import traces:
  Client Component Browser:
    ./components/ui/toast.tsx [Client Component Browser]
    ./components/ui/toaster.tsx [Client Component Browser]
    ./components/ui/toaster.tsx [Server Component]
    ./app/layout.tsx [Server Component]

  Client Component SSR:
    ./components/ui/toast.tsx [Client Component SSR]
    ./components/ui/toaster.tsx [Client Component SSR]
    ./components/ui/toaster.tsx [Server Component]
    ./app/layout.tsx [Server Component]

https://nextjs.org/docs/messages/module-not-found @ http://localhost:3000/_next/static/chunks/node_modules_next_dist_20ud_8w._.js:2099
[ 2867147ms] [ERROR] ./lib/utils.ts:1:1
Module not found: Can't resolve 'clsx'
> 1 | import { type ClassValue, clsx } from "clsx"
    | ^^^^^^^^^^^^^^^^^^^^^^^^^^^^^^^^^^^^^^^^^^^^
  2 | import { twMerge } from "tailwind-merge"
  3 |
  4 | export function cn(...inputs: ClassValue[]) {

Import traces:
  Client Component Browser:
    ./lib/utils.ts [Client Component Browser]
    ./components/ui/toast.tsx [Client Component Browser]
    ./components/ui/toaster.tsx [Client Component Browser]
    ./components/ui/toaster.tsx [Server Component]
    ./app/layout.tsx [Server Component]

  Client Component SSR:
    ./lib/utils.ts [Client Component SSR]
    ./components/ui/toast.tsx [Client Component SSR]
    ./components/ui/toaster.tsx [Client Component SSR]
    ./components/ui/toaster.tsx [Server Component]
    ./app/layout.tsx [Server Component]

https://nextjs.org/docs/messages/module-not-found @ http://localhost:3000/_next/static/chunks/node_modules_next_dist_20ud_8w._.js:2099
[ 2867147ms] [ERROR] ./app/page.tsx:2:1
Module not found: Can't resolve 'lucide-react'
  1 | import Link from "next/link"
> 2 | import { ArrowRight, FileText, GitPullRequest, Share2 } from "lucide-react"
    | ^^^^^^^^^^^^^^^^^^^^^^^^^^^^^^^^^^^^^^^^^^^^^^^^^^^^^^^^^^^^^^^^^^^^^^^^^^^
  3 |
  4 | const chain = [
  5 |   {

https://nextjs.org/docs/messages/module-not-found @ http://localhost:3000/_next/static/chunks/node_modules_next_dist_20ud_8w._.js:2099
[ 2867147ms] [ERROR] ./components/ui/toast.tsx:6:1
Module not found: Can't resolve 'lucide-react'
  4 | import * as ToastPrimitives from "@radix-ui/react-toast"
  5 | import { cva, type VariantProps } from "class-variance-authority"
> 6 | import { X } from "lucide-react"
    | ^^^^^^^^^^^^^^^^^^^^^^^^^^^^^^^^
  7 |
  8 | import { cn } from "@/lib/utils"
  9 |

Import traces:
  Client Component Browser:
    ./components/ui/toast.tsx [Client Component Browser]
    ./components/ui/toaster.tsx [Client Component Browser]
    ./components/ui/toaster.tsx [Server Component]
    ./app/layout.tsx [Server Component]

  Client Component SSR:
    ./components/ui/toast.tsx [Client Component SSR]
    ./components/ui/toaster.tsx [Client Component SSR]
    ./components/ui/toaster.tsx [Server Component]
    ./app/layout.tsx [Server Component]

https://nextjs.org/docs/messages/module-not-found @ http://localhost:3000/_next/static/chunks/node_modules_next_dist_20ud_8w._.js:2099
[ 2867148ms] [ERROR] ./lib/utils.ts:2:1
Module not found: Can't resolve 'tailwind-merge'
  1 | import { type ClassValue, clsx } from "clsx"
> 2 | import { twMerge } from "tailwind-merge"
    | ^^^^^^^^^^^^^^^^^^^^^^^^^^^^^^^^^^^^^^^^
  3 |
  4 | export function cn(...inputs: ClassValue[]) {
  5 |   return twMerge(clsx(inputs))

Import traces:
  Client Component Browser:
    ./lib/utils.ts [Client Component Browser]
    ./components/ui/toast.tsx [Client Component Browser]
    ./components/ui/toaster.tsx [Client Component Browser]
    ./components/ui/toaster.tsx [Server Component]
    ./app/layout.tsx [Server Component]

  Client Component SSR:
    ./lib/utils.ts [Client Component SSR]
    ./components/ui/toast.tsx [Client Component SSR]
    ./components/ui/toaster.tsx [Client Component SSR]
    ./components/ui/toaster.tsx [Server Component]
    ./app/layout.tsx [Server Component]

https://nextjs.org/docs/messages/module-not-found @ http://localhost:3000/_next/static/chunks/node_modules_next_dist_20ud_8w._.js:2099
[ 2867194ms] [ERROR] ./app/globals.css
Error evaluating Node.js code
CssSyntaxError: tailwindcss: C:\Users\Lenovo\Desktop\线下黑客松\frontend\app\globals.css:1:1: Can't resolve 'tw-animate-css' in 'C:\Users\Lenovo\Desktop\线下黑客松\frontend\app'
    [at Input.error (turbopack:///[project]/node_modules/postcss/lib/input.js:135:16)]
    [at Root.error (turbopack:///[project]/node_modules/postcss/lib/node.js:166:32)]
    [at Object.Once (C:\Users\Lenovo\Desktop\线下黑客松\frontend\node_modules\@tailwindcss\postcss\dist\index.js:10:7013)]
    [at process.processTicksAndRejections (node:internal/process/task_queues:104:5)]
    [at async LazyResult.runAsync (turbopack:///[project]/node_modules/postcss/lib/lazy-result.js:299:11)]
    [at async transform (turbopack:///[turbopack-node]/transforms/postcss.ts:70:34)]
    [at async run (turbopack:///[turbopack-node]/child_process/evaluate.ts:89:23)]

Import trace:
  Client Component Browser:
    ./app/globals.css [Client Component Browser]
    ./app/layout.tsx [Server Component] @ http://localhost:3000/_next/static/chunks/node_modules_next_dist_20ud_8w._.js:2099
[ 2867195ms] [ERROR] ./components/ui/toast.tsx:4:1
Module not found: Can't resolve '@radix-ui/react-toast'
  2 |
  3 | import * as React from "react"
> 4 | import * as ToastPrimitives from "@radix-ui/react-toast"
    | ^^^^^^^^^^^^^^^^^^^^^^^^^^^^^^^^^^^^^^^^^^^^^^^^^^^^^^^^
  5 | import { cva, type VariantProps } from "class-variance-authority"
  6 | import { X } from "lucide-react"
  7 |

Import traces:
  Client Component Browser:
    ./components/ui/toast.tsx [Client Component Browser]
    ./components/ui/toaster.tsx [Client Component Browser]
    ./components/ui/toaster.tsx [Server Component]
    ./app/layout.tsx [Server Component]

  Client Component SSR:
    ./components/ui/toast.tsx [Client Component SSR]
    ./components/ui/toaster.tsx [Client Component SSR]
    ./components/ui/toaster.tsx [Server Component]
    ./app/layout.tsx [Server Component]

https://nextjs.org/docs/messages/module-not-found @ http://localhost:3000/_next/static/chunks/node_modules_next_dist_20ud_8w._.js:2099
[ 2867195ms] [ERROR] ./components/ui/toast.tsx:5:1
Module not found: Can't resolve 'class-variance-authority'
  3 | import * as React from "react"
  4 | import * as ToastPrimitives from "@radix-ui/react-toast"
> 5 | import { cva, type VariantProps } from "class-variance-authority"
    | ^^^^^^^^^^^^^^^^^^^^^^^^^^^^^^^^^^^^^^^^^^^^^^^^^^^^^^^^^^^^^^^^^
  6 | import { X } from "lucide-react"
  7 |
  8 | import { cn } from "@/lib/utils"

Import traces:
  Client Component Browser:
    ./components/ui/toast.tsx [Client Component Browser]
    ./components/ui/toaster.tsx [Client Component Browser]
    ./components/ui/toaster.tsx [Server Component]
    ./app/layout.tsx [Server Component]

  Client Component SSR:
    ./components/ui/toast.tsx [Client Component SSR]
    ./components/ui/toaster.tsx [Client Component SSR]
    ./components/ui/toaster.tsx [Server Component]
    ./app/layout.tsx [Server Component]

https://nextjs.org/docs/messages/module-not-found @ http://localhost:3000/_next/static/chunks/node_modules_next_dist_20ud_8w._.js:2099
[ 2867196ms] [ERROR] ./lib/utils.ts:1:1
Module not found: Can't resolve 'clsx'
> 1 | import { type ClassValue, clsx } from "clsx"
    | ^^^^^^^^^^^^^^^^^^^^^^^^^^^^^^^^^^^^^^^^^^^^
  2 | import { twMerge } from "tailwind-merge"
  3 |
  4 | export function cn(...inputs: ClassValue[]) {

Import traces:
  Client Component Browser:
    ./lib/utils.ts [Client Component Browser]
    ./components/ui/toast.tsx [Client Component Browser]
    ./components/ui/toaster.tsx [Client Component Browser]
    ./components/ui/toaster.tsx [Server Component]
    ./app/layout.tsx [Server Component]

  Client Component SSR:
    ./lib/utils.ts [Client Component SSR]
    ./components/ui/toast.tsx [Client Component SSR]
    ./components/ui/toaster.tsx [Client Component SSR]
    ./components/ui/toaster.tsx [Server Component]
    ./app/layout.tsx [Server Component]

https://nextjs.org/docs/messages/module-not-found @ http://localhost:3000/_next/static/chunks/node_modules_next_dist_20ud_8w._.js:2099
[ 2867196ms] [ERROR] ./app/page.tsx:2:1
Module not found: Can't resolve 'lucide-react'
  1 | import Link from "next/link"
> 2 | import { ArrowRight, FileText, GitPullRequest, Share2 } from "lucide-react"
    | ^^^^^^^^^^^^^^^^^^^^^^^^^^^^^^^^^^^^^^^^^^^^^^^^^^^^^^^^^^^^^^^^^^^^^^^^^^^
  3 |
  4 | const chain = [
  5 |   {

https://nextjs.org/docs/messages/module-not-found @ http://localhost:3000/_next/static/chunks/node_modules_next_dist_20ud_8w._.js:2099
[ 2867196ms] [ERROR] ./components/ui/toast.tsx:6:1
Module not found: Can't resolve 'lucide-react'
  4 | import * as ToastPrimitives from "@radix-ui/react-toast"
  5 | import { cva, type VariantProps } from "class-variance-authority"
> 6 | import { X } from "lucide-react"
    | ^^^^^^^^^^^^^^^^^^^^^^^^^^^^^^^^
  7 |
  8 | import { cn } from "@/lib/utils"
  9 |

Import traces:
  Client Component Browser:
    ./components/ui/toast.tsx [Client Component Browser]
    ./components/ui/toaster.tsx [Client Component Browser]
    ./components/ui/toaster.tsx [Server Component]
    ./app/layout.tsx [Server Component]

  Client Component SSR:
    ./components/ui/toast.tsx [Client Component SSR]
    ./components/ui/toaster.tsx [Client Component SSR]
    ./components/ui/toaster.tsx [Server Component]
    ./app/layout.tsx [Server Component]

https://nextjs.org/docs/messages/module-not-found @ http://localhost:3000/_next/static/chunks/node_modules_next_dist_20ud_8w._.js:2099
[ 2867196ms] [ERROR] ./lib/utils.ts:2:1
Module not found: Can't resolve 'tailwind-merge'
  1 | import { type ClassValue, clsx } from "clsx"
> 2 | import { twMerge } from "tailwind-merge"
    | ^^^^^^^^^^^^^^^^^^^^^^^^^^^^^^^^^^^^^^^^
  3 |
  4 | export function cn(...inputs: ClassValue[]) {
  5 |   return twMerge(clsx(inputs))

Import traces:
  Client Component Browser:
    ./lib/utils.ts [Client Component Browser]
    ./components/ui/toast.tsx [Client Component Browser]
    ./components/ui/toaster.tsx [Client Component Browser]
    ./components/ui/toaster.tsx [Server Component]
    ./app/layout.tsx [Server Component]

  Client Component SSR:
    ./lib/utils.ts [Client Component SSR]
    ./components/ui/toast.tsx [Client Component SSR]
    ./components/ui/toaster.tsx [Client Component SSR]
    ./components/ui/toaster.tsx [Server Component]
    ./app/layout.tsx [Server Component]

https://nextjs.org/docs/messages/module-not-found @ http://localhost:3000/_next/static/chunks/node_modules_next_dist_20ud_8w._.js:2099
[ 2867254ms] [LOG] [Fast Refresh] rebuilding @ http://localhost:3000/_next/static/chunks/node_modules_next_dist_20ud_8w._.js:1380
[ 2867386ms] [ERROR] ./app/globals.css
Error evaluating Node.js code
CssSyntaxError: tailwindcss: C:\Users\Lenovo\Desktop\线下黑客松\frontend\app\globals.css:1:1: Can't resolve 'tw-animate-css' in 'C:\Users\Lenovo\Desktop\线下黑客松\frontend\app'
    [at Input.error (turbopack:///[project]/node_modules/postcss/lib/input.js:135:16)]
    [at Root.error (turbopack:///[project]/node_modules/postcss/lib/node.js:166:32)]
    [at Object.Once (C:\Users\Lenovo\Desktop\线下黑客松\frontend\node_modules\@tailwindcss\postcss\dist\index.js:10:7013)]
    [at process.processTicksAndRejections (node:internal/process/task_queues:104:5)]
    [at async LazyResult.runAsync (turbopack:///[project]/node_modules/postcss/lib/lazy-result.js:299:11)]
    [at async transform (turbopack:///[turbopack-node]/transforms/postcss.ts:70:34)]
    [at async run (turbopack:///[turbopack-node]/child_process/evaluate.ts:89:23)]

Import trace:
  Client Component Browser:
    ./app/globals.css [Client Component Browser]
    ./app/layout.tsx [Server Component] @ http://localhost:3000/_next/static/chunks/node_modules_next_dist_20ud_8w._.js:2099
[ 2867387ms] [ERROR] ./components/ui/toast.tsx:4:1
Module not found: Can't resolve '@radix-ui/react-toast'
  2 |
  3 | import * as React from "react"
> 4 | import * as ToastPrimitives from "@radix-ui/react-toast"
    | ^^^^^^^^^^^^^^^^^^^^^^^^^^^^^^^^^^^^^^^^^^^^^^^^^^^^^^^^
  5 | import { cva, type VariantProps } from "class-variance-authority"
  6 | import { X } from "lucide-react"
  7 |

Import traces:
  Client Component Browser:
    ./components/ui/toast.tsx [Client Component Browser]
    ./components/ui/toaster.tsx [Client Component Browser]
    ./components/ui/toaster.tsx [Server Component]
    ./app/layout.tsx [Server Component]

  Client Component SSR:
    ./components/ui/toast.tsx [Client Component SSR]
    ./components/ui/toaster.tsx [Client Component SSR]
    ./components/ui/toaster.tsx [Server Component]
    ./app/layout.tsx [Server Component]

https://nextjs.org/docs/messages/module-not-found @ http://localhost:3000/_next/static/chunks/node_modules_next_dist_20ud_8w._.js:2099
[ 2867387ms] [ERROR] ./components/ui/toast.tsx:5:1
Module not found: Can't resolve 'class-variance-authority'
  3 | import * as React from "react"
  4 | import * as ToastPrimitives from "@radix-ui/react-toast"
> 5 | import { cva, type VariantProps } from "class-variance-authority"
    | ^^^^^^^^^^^^^^^^^^^^^^^^^^^^^^^^^^^^^^^^^^^^^^^^^^^^^^^^^^^^^^^^^
  6 | import { X } from "lucide-react"
  7 |
  8 | import { cn } from "@/lib/utils"

Import traces:
  Client Component Browser:
    ./components/ui/toast.tsx [Client Component Browser]
    ./components/ui/toaster.tsx [Client Component Browser]
    ./components/ui/toaster.tsx [Server Component]
    ./app/layout.tsx [Server Component]

  Client Component SSR:
    ./components/ui/toast.tsx [Client Component SSR]
    ./components/ui/toaster.tsx [Client Component SSR]
    ./components/ui/toaster.tsx [Server Component]
    ./app/layout.tsx [Server Component]

https://nextjs.org/docs/messages/module-not-found @ http://localhost:3000/_next/static/chunks/node_modules_next_dist_20ud_8w._.js:2099
[ 2867387ms] [ERROR] ./lib/utils.ts:1:1
Module not found: Can't resolve 'clsx'
> 1 | import { type ClassValue, clsx } from "clsx"
    | ^^^^^^^^^^^^^^^^^^^^^^^^^^^^^^^^^^^^^^^^^^^^
  2 | import { twMerge } from "tailwind-merge"
  3 |
  4 | export function cn(...inputs: ClassValue[]) {

Import traces:
  Client Component Browser:
    ./lib/utils.ts [Client Component Browser]
    ./components/ui/toast.tsx [Client Component Browser]
    ./components/ui/toaster.tsx [Client Component Browser]
    ./components/ui/toaster.tsx [Server Component]
    ./app/layout.tsx [Server Component]

  Client Component SSR:
    ./lib/utils.ts [Client Component SSR]
    ./components/ui/toast.tsx [Client Component SSR]
    ./components/ui/toaster.tsx [Client Component SSR]
    ./components/ui/toaster.tsx [Server Component]
    ./app/layout.tsx [Server Component]

https://nextjs.org/docs/messages/module-not-found @ http://localhost:3000/_next/static/chunks/node_modules_next_dist_20ud_8w._.js:2099
[ 2867387ms] [ERROR] ./app/page.tsx:2:1
Module not found: Can't resolve 'lucide-react'
  1 | import Link from "next/link"
> 2 | import { ArrowRight, FileText, GitPullRequest, Share2 } from "lucide-react"
    | ^^^^^^^^^^^^^^^^^^^^^^^^^^^^^^^^^^^^^^^^^^^^^^^^^^^^^^^^^^^^^^^^^^^^^^^^^^^
  3 |
  4 | const chain = [
  5 |   {

https://nextjs.org/docs/messages/module-not-found @ http://localhost:3000/_next/static/chunks/node_modules_next_dist_20ud_8w._.js:2099
[ 2867388ms] [ERROR] ./components/ui/toast.tsx:6:1
Module not found: Can't resolve 'lucide-react'
  4 | import * as ToastPrimitives from "@radix-ui/react-toast"
  5 | import { cva, type VariantProps } from "class-variance-authority"
> 6 | import { X } from "lucide-react"
    | ^^^^^^^^^^^^^^^^^^^^^^^^^^^^^^^^
  7 |
  8 | import { cn } from "@/lib/utils"
  9 |

Import traces:
  Client Component Browser:
    ./components/ui/toast.tsx [Client Component Browser]
    ./components/ui/toaster.tsx [Client Component Browser]
    ./components/ui/toaster.tsx [Server Component]
    ./app/layout.tsx [Server Component]

  Client Component SSR:
    ./components/ui/toast.tsx [Client Component SSR]
    ./components/ui/toaster.tsx [Client Component SSR]
    ./components/ui/toaster.tsx [Server Component]
    ./app/layout.tsx [Server Component]

https://nextjs.org/docs/messages/module-not-found @ http://localhost:3000/_next/static/chunks/node_modules_next_dist_20ud_8w._.js:2099
[ 2867388ms] [ERROR] ./lib/utils.ts:2:1
Module not found: Can't resolve 'tailwind-merge'
  1 | import { type ClassValue, clsx } from "clsx"
> 2 | import { twMerge } from "tailwind-merge"
    | ^^^^^^^^^^^^^^^^^^^^^^^^^^^^^^^^^^^^^^^^
  3 |
  4 | export function cn(...inputs: ClassValue[]) {
  5 |   return twMerge(clsx(inputs))

Import traces:
  Client Component Browser:
    ./lib/utils.ts [Client Component Browser]
    ./components/ui/toast.tsx [Client Component Browser]
    ./components/ui/toaster.tsx [Client Component Browser]
    ./components/ui/toaster.tsx [Server Component]
    ./app/layout.tsx [Server Component]

  Client Component SSR:
    ./lib/utils.ts [Client Component SSR]
    ./components/ui/toast.tsx [Client Component SSR]
    ./components/ui/toaster.tsx [Client Component SSR]
    ./components/ui/toaster.tsx [Server Component]
    ./app/layout.tsx [Server Component]

https://nextjs.org/docs/messages/module-not-found @ http://localhost:3000/_next/static/chunks/node_modules_next_dist_20ud_8w._.js:2099
[ 2867461ms] [LOG] [Fast Refresh] rebuilding @ http://localhost:3000/_next/static/chunks/node_modules_next_dist_20ud_8w._.js:1380
[ 2867593ms] [ERROR] ./app/globals.css
Error evaluating Node.js code
CssSyntaxError: tailwindcss: C:\Users\Lenovo\Desktop\线下黑客松\frontend\app\globals.css:1:1: Can't resolve 'tw-animate-css' in 'C:\Users\Lenovo\Desktop\线下黑客松\frontend\app'
    [at Input.error (turbopack:///[project]/node_modules/postcss/lib/input.js:135:16)]
    [at Root.error (turbopack:///[project]/node_modules/postcss/lib/node.js:166:32)]
    [at Object.Once (C:\Users\Lenovo\Desktop\线下黑客松\frontend\node_modules\@tailwindcss\postcss\dist\index.js:10:7013)]
    [at process.processTicksAndRejections (node:internal/process/task_queues:104:5)]
    [at async LazyResult.runAsync (turbopack:///[project]/node_modules/postcss/lib/lazy-result.js:299:11)]
    [at async transform (turbopack:///[turbopack-node]/transforms/postcss.ts:70:34)]
    [at async run (turbopack:///[turbopack-node]/child_process/evaluate.ts:89:23)]

Import trace:
  Client Component Browser:
    ./app/globals.css [Client Component Browser]
    ./app/layout.tsx [Server Component] @ http://localhost:3000/_next/static/chunks/node_modules_next_dist_20ud_8w._.js:2099
[ 2867594ms] [ERROR] ./components/ui/toast.tsx:4:1
Module not found: Can't resolve '@radix-ui/react-toast'
  2 |
  3 | import * as React from "react"
> 4 | import * as ToastPrimitives from "@radix-ui/react-toast"
    | ^^^^^^^^^^^^^^^^^^^^^^^^^^^^^^^^^^^^^^^^^^^^^^^^^^^^^^^^
  5 | import { cva, type VariantProps } from "class-variance-authority"
  6 | import { X } from "lucide-react"
  7 |

Import traces:
  Client Component Browser:
    ./components/ui/toast.tsx [Client Component Browser]
    ./components/ui/toaster.tsx [Client Component Browser]
    ./components/ui/toaster.tsx [Server Component]
    ./app/layout.tsx [Server Component]

  Client Component SSR:
    ./components/ui/toast.tsx [Client Component SSR]
    ./components/ui/toaster.tsx [Client Component SSR]
    ./components/ui/toaster.tsx [Server Component]
    ./app/layout.tsx [Server Component]

https://nextjs.org/docs/messages/module-not-found @ http://localhost:3000/_next/static/chunks/node_modules_next_dist_20ud_8w._.js:2099
[ 2867594ms] [ERROR] ./components/ui/toast.tsx:5:1
Module not found: Can't resolve 'class-variance-authority'
  3 | import * as React from "react"
  4 | import * as ToastPrimitives from "@radix-ui/react-toast"
> 5 | import { cva, type VariantProps } from "class-variance-authority"
    | ^^^^^^^^^^^^^^^^^^^^^^^^^^^^^^^^^^^^^^^^^^^^^^^^^^^^^^^^^^^^^^^^^
  6 | import { X } from "lucide-react"
  7 |
  8 | import { cn } from "@/lib/utils"

Import traces:
  Client Component Browser:
    ./components/ui/toast.tsx [Client Component Browser]
    ./components/ui/toaster.tsx [Client Component Browser]
    ./components/ui/toaster.tsx [Server Component]
    ./app/layout.tsx [Server Component]

  Client Component SSR:
    ./components/ui/toast.tsx [Client Component SSR]
    ./components/ui/toaster.tsx [Client Component SSR]
    ./components/ui/toaster.tsx [Server Component]
    ./app/layout.tsx [Server Component]

https://nextjs.org/docs/messages/module-not-found @ http://localhost:3000/_next/static/chunks/node_modules_next_dist_20ud_8w._.js:2099
[ 2867594ms] [ERROR] ./lib/utils.ts:1:1
Module not found: Can't resolve 'clsx'
> 1 | import { type ClassValue, clsx } from "clsx"
    | ^^^^^^^^^^^^^^^^^^^^^^^^^^^^^^^^^^^^^^^^^^^^
  2 | import { twMerge } from "tailwind-merge"
  3 |
  4 | export function cn(...inputs: ClassValue[]) {

Import traces:
  Client Component Browser:
    ./lib/utils.ts [Client Component Browser]
    ./components/ui/toast.tsx [Client Component Browser]
    ./components/ui/toaster.tsx [Client Component Browser]
    ./components/ui/toaster.tsx [Server Component]
    ./app/layout.tsx [Server Component]

  Client Component SSR:
    ./lib/utils.ts [Client Component SSR]
    ./components/ui/toast.tsx [Client Component SSR]
    ./components/ui/toaster.tsx [Client Component SSR]
    ./components/ui/toaster.tsx [Server Component]
    ./app/layout.tsx [Server Component]

https://nextjs.org/docs/messages/module-not-found @ http://localhost:3000/_next/static/chunks/node_modules_next_dist_20ud_8w._.js:2099
[ 2867595ms] [ERROR] ./app/page.tsx:2:1
Module not found: Can't resolve 'lucide-react'
  1 | import Link from "next/link"
> 2 | import { ArrowRight, FileText, GitPullRequest, Share2 } from "lucide-react"
    | ^^^^^^^^^^^^^^^^^^^^^^^^^^^^^^^^^^^^^^^^^^^^^^^^^^^^^^^^^^^^^^^^^^^^^^^^^^^
  3 |
  4 | const chain = [
  5 |   {

https://nextjs.org/docs/messages/module-not-found @ http://localhost:3000/_next/static/chunks/node_modules_next_dist_20ud_8w._.js:2099
[ 2867595ms] [ERROR] ./components/ui/toast.tsx:6:1
Module not found: Can't resolve 'lucide-react'
  4 | import * as ToastPrimitives from "@radix-ui/react-toast"
  5 | import { cva, type VariantProps } from "class-variance-authority"
> 6 | import { X } from "lucide-react"
    | ^^^^^^^^^^^^^^^^^^^^^^^^^^^^^^^^
  7 |
  8 | import { cn } from "@/lib/utils"
  9 |

Import traces:
  Client Component Browser:
    ./components/ui/toast.tsx [Client Component Browser]
    ./components/ui/toaster.tsx [Client Component Browser]
    ./components/ui/toaster.tsx [Server Component]
    ./app/layout.tsx [Server Component]

  Client Component SSR:
    ./components/ui/toast.tsx [Client Component SSR]
    ./components/ui/toaster.tsx [Client Component SSR]
    ./components/ui/toaster.tsx [Server Component]
    ./app/layout.tsx [Server Component]

https://nextjs.org/docs/messages/module-not-found @ http://localhost:3000/_next/static/chunks/node_modules_next_dist_20ud_8w._.js:2099
[ 2867595ms] [ERROR] ./lib/utils.ts:2:1
Module not found: Can't resolve 'tailwind-merge'
  1 | import { type ClassValue, clsx } from "clsx"
> 2 | import { twMerge } from "tailwind-merge"
    | ^^^^^^^^^^^^^^^^^^^^^^^^^^^^^^^^^^^^^^^^
  3 |
  4 | export function cn(...inputs: ClassValue[]) {
  5 |   return twMerge(clsx(inputs))

Import traces:
  Client Component Browser:
    ./lib/utils.ts [Client Component Browser]
    ./components/ui/toast.tsx [Client Component Browser]
    ./components/ui/toaster.tsx [Client Component Browser]
    ./components/ui/toaster.tsx [Server Component]
    ./app/layout.tsx [Server Component]

  Client Component SSR:
    ./lib/utils.ts [Client Component SSR]
    ./components/ui/toast.tsx [Client Component SSR]
    ./components/ui/toaster.tsx [Client Component SSR]
    ./components/ui/toaster.tsx [Server Component]
    ./app/layout.tsx [Server Component]

https://nextjs.org/docs/messages/module-not-found @ http://localhost:3000/_next/static/chunks/node_modules_next_dist_20ud_8w._.js:2099
[ 2867656ms] [ERROR] ./app/globals.css
Error evaluating Node.js code
CssSyntaxError: tailwindcss: C:\Users\Lenovo\Desktop\线下黑客松\frontend\app\globals.css:1:1: Can't resolve 'tw-animate-css' in 'C:\Users\Lenovo\Desktop\线下黑客松\frontend\app'
    [at Input.error (turbopack:///[project]/node_modules/postcss/lib/input.js:135:16)]
    [at Root.error (turbopack:///[project]/node_modules/postcss/lib/node.js:166:32)]
    [at Object.Once (C:\Users\Lenovo\Desktop\线下黑客松\frontend\node_modules\@tailwindcss\postcss\dist\index.js:10:7013)]
    [at process.processTicksAndRejections (node:internal/process/task_queues:104:5)]
    [at async LazyResult.runAsync (turbopack:///[project]/node_modules/postcss/lib/lazy-result.js:299:11)]
    [at async transform (turbopack:///[turbopack-node]/transforms/postcss.ts:70:34)]
    [at async run (turbopack:///[turbopack-node]/child_process/evaluate.ts:89:23)]

Import trace:
  Client Component Browser:
    ./app/globals.css [Client Component Browser]
    ./app/layout.tsx [Server Component] @ http://localhost:3000/_next/static/chunks/node_modules_next_dist_20ud_8w._.js:2099
[ 2867657ms] [ERROR] ./components/ui/toast.tsx:4:1
Module not found: Can't resolve '@radix-ui/react-toast'
  2 |
  3 | import * as React from "react"
> 4 | import * as ToastPrimitives from "@radix-ui/react-toast"
    | ^^^^^^^^^^^^^^^^^^^^^^^^^^^^^^^^^^^^^^^^^^^^^^^^^^^^^^^^
  5 | import { cva, type VariantProps } from "class-variance-authority"
  6 | import { X } from "lucide-react"
  7 |

Import traces:
  Client Component Browser:
    ./components/ui/toast.tsx [Client Component Browser]
    ./components/ui/toaster.tsx [Client Component Browser]
    ./components/ui/toaster.tsx [Server Component]
    ./app/layout.tsx [Server Component]

  Client Component SSR:
    ./components/ui/toast.tsx [Client Component SSR]
    ./components/ui/toaster.tsx [Client Component SSR]
    ./components/ui/toaster.tsx [Server Component]
    ./app/layout.tsx [Server Component]

https://nextjs.org/docs/messages/module-not-found @ http://localhost:3000/_next/static/chunks/node_modules_next_dist_20ud_8w._.js:2099
[ 2867658ms] [ERROR] ./components/ui/toast.tsx:5:1
Module not found: Can't resolve 'class-variance-authority'
  3 | import * as React from "react"
  4 | import * as ToastPrimitives from "@radix-ui/react-toast"
> 5 | import { cva, type VariantProps } from "class-variance-authority"
    | ^^^^^^^^^^^^^^^^^^^^^^^^^^^^^^^^^^^^^^^^^^^^^^^^^^^^^^^^^^^^^^^^^
  6 | import { X } from "lucide-react"
  7 |
  8 | import { cn } from "@/lib/utils"

Import traces:
  Client Component Browser:
    ./components/ui/toast.tsx [Client Component Browser]
    ./components/ui/toaster.tsx [Client Component Browser]
    ./components/ui/toaster.tsx [Server Component]
    ./app/layout.tsx [Server Component]

  Client Component SSR:
    ./components/ui/toast.tsx [Client Component SSR]
    ./components/ui/toaster.tsx [Client Component SSR]
    ./components/ui/toaster.tsx [Server Component]
    ./app/layout.tsx [Server Component]

https://nextjs.org/docs/messages/module-not-found @ http://localhost:3000/_next/static/chunks/node_modules_next_dist_20ud_8w._.js:2099
[ 2867658ms] [ERROR] ./lib/utils.ts:1:1
Module not found: Can't resolve 'clsx'
> 1 | import { type ClassValue, clsx } from "clsx"
    | ^^^^^^^^^^^^^^^^^^^^^^^^^^^^^^^^^^^^^^^^^^^^
  2 | import { twMerge } from "tailwind-merge"
  3 |
  4 | export function cn(...inputs: ClassValue[]) {

Import traces:
  Client Component Browser:
    ./lib/utils.ts [Client Component Browser]
    ./components/ui/toast.tsx [Client Component Browser]
    ./components/ui/toaster.tsx [Client Component Browser]
    ./components/ui/toaster.tsx [Server Component]
    ./app/layout.tsx [Server Component]

  Client Component SSR:
    ./lib/utils.ts [Client Component SSR]
    ./components/ui/toast.tsx [Client Component SSR]
    ./components/ui/toaster.tsx [Client Component SSR]
    ./components/ui/toaster.tsx [Server Component]
    ./app/layout.tsx [Server Component]

https://nextjs.org/docs/messages/module-not-found @ http://localhost:3000/_next/static/chunks/node_modules_next_dist_20ud_8w._.js:2099
[ 2867658ms] [ERROR] ./app/page.tsx:2:1
Module not found: Can't resolve 'lucide-react'
  1 | import Link from "next/link"
> 2 | import { ArrowRight, FileText, GitPullRequest, Share2 } from "lucide-react"
    | ^^^^^^^^^^^^^^^^^^^^^^^^^^^^^^^^^^^^^^^^^^^^^^^^^^^^^^^^^^^^^^^^^^^^^^^^^^^
  3 |
  4 | const chain = [
  5 |   {

https://nextjs.org/docs/messages/module-not-found @ http://localhost:3000/_next/static/chunks/node_modules_next_dist_20ud_8w._.js:2099
[ 2867658ms] [ERROR] ./components/ui/toast.tsx:6:1
Module not found: Can't resolve 'lucide-react'
  4 | import * as ToastPrimitives from "@radix-ui/react-toast"
  5 | import { cva, type VariantProps } from "class-variance-authority"
> 6 | import { X } from "lucide-react"
    | ^^^^^^^^^^^^^^^^^^^^^^^^^^^^^^^^
  7 |
  8 | import { cn } from "@/lib/utils"
  9 |

Import traces:
  Client Component Browser:
    ./components/ui/toast.tsx [Client Component Browser]
    ./components/ui/toaster.tsx [Client Component Browser]
    ./components/ui/toaster.tsx [Server Component]
    ./app/layout.tsx [Server Component]

  Client Component SSR:
    ./components/ui/toast.tsx [Client Component SSR]
    ./components/ui/toaster.tsx [Client Component SSR]
    ./components/ui/toaster.tsx [Server Component]
    ./app/layout.tsx [Server Component]

https://nextjs.org/docs/messages/module-not-found @ http://localhost:3000/_next/static/chunks/node_modules_next_dist_20ud_8w._.js:2099
[ 2867659ms] [ERROR] ./lib/utils.ts:2:1
Module not found: Can't resolve 'tailwind-merge'
  1 | import { type ClassValue, clsx } from "clsx"
> 2 | import { twMerge } from "tailwind-merge"
    | ^^^^^^^^^^^^^^^^^^^^^^^^^^^^^^^^^^^^^^^^
  3 |
  4 | export function cn(...inputs: ClassValue[]) {
  5 |   return twMerge(clsx(inputs))

Import traces:
  Client Component Browser:
    ./lib/utils.ts [Client Component Browser]
    ./components/ui/toast.tsx [Client Component Browser]
    ./components/ui/toaster.tsx [Client Component Browser]
    ./components/ui/toaster.tsx [Server Component]
    ./app/layout.tsx [Server Component]

  Client Component SSR:
    ./lib/utils.ts [Client Component SSR]
    ./components/ui/toast.tsx [Client Component SSR]
    ./components/ui/toaster.tsx [Client Component SSR]
    ./components/ui/toaster.tsx [Server Component]
    ./app/layout.tsx [Server Component]

https://nextjs.org/docs/messages/module-not-found @ http://localhost:3000/_next/static/chunks/node_modules_next_dist_20ud_8w._.js:2099
[ 2867717ms] [LOG] [Fast Refresh] rebuilding @ http://localhost:3000/_next/static/chunks/node_modules_next_dist_20ud_8w._.js:1380
[ 2868039ms] [ERROR] ./app/globals.css
Error evaluating Node.js code
CssSyntaxError: tailwindcss: C:\Users\Lenovo\Desktop\线下黑客松\frontend\app\globals.css:1:1: Can't resolve 'tw-animate-css' in 'C:\Users\Lenovo\Desktop\线下黑客松\frontend\app'
    [at Input.error (turbopack:///[project]/node_modules/postcss/lib/input.js:135:16)]
    [at Root.error (turbopack:///[project]/node_modules/postcss/lib/node.js:166:32)]
    [at Object.Once (C:\Users\Lenovo\Desktop\线下黑客松\frontend\node_modules\@tailwindcss\postcss\dist\index.js:10:7013)]
    [at process.processTicksAndRejections (node:internal/process/task_queues:104:5)]
    [at async LazyResult.runAsync (turbopack:///[project]/node_modules/postcss/lib/lazy-result.js:299:11)]
    [at async transform (turbopack:///[turbopack-node]/transforms/postcss.ts:70:34)]
    [at async run (turbopack:///[turbopack-node]/child_process/evaluate.ts:89:23)]

Import trace:
  Client Component Browser:
    ./app/globals.css [Client Component Browser]
    ./app/layout.tsx [Server Component] @ http://localhost:3000/_next/static/chunks/node_modules_next_dist_20ud_8w._.js:2099
[ 2868040ms] [ERROR] ./components/ui/toast.tsx:4:1
Module not found: Can't resolve '@radix-ui/react-toast'
  2 |
  3 | import * as React from "react"
> 4 | import * as ToastPrimitives from "@radix-ui/react-toast"
    | ^^^^^^^^^^^^^^^^^^^^^^^^^^^^^^^^^^^^^^^^^^^^^^^^^^^^^^^^
  5 | import { cva, type VariantProps } from "class-variance-authority"
  6 | import { X } from "lucide-react"
  7 |

Import traces:
  Client Component Browser:
    ./components/ui/toast.tsx [Client Component Browser]
    ./components/ui/toaster.tsx [Client Component Browser]
    ./components/ui/toaster.tsx [Server Component]
    ./app/layout.tsx [Server Component]

  Client Component SSR:
    ./components/ui/toast.tsx [Client Component SSR]
    ./components/ui/toaster.tsx [Client Component SSR]
    ./components/ui/toaster.tsx [Server Component]
    ./app/layout.tsx [Server Component]

https://nextjs.org/docs/messages/module-not-found @ http://localhost:3000/_next/static/chunks/node_modules_next_dist_20ud_8w._.js:2099
[ 2868040ms] [ERROR] ./components/ui/toast.tsx:5:1
Module not found: Can't resolve 'class-variance-authority'
  3 | import * as React from "react"
  4 | import * as ToastPrimitives from "@radix-ui/react-toast"
> 5 | import { cva, type VariantProps } from "class-variance-authority"
    | ^^^^^^^^^^^^^^^^^^^^^^^^^^^^^^^^^^^^^^^^^^^^^^^^^^^^^^^^^^^^^^^^^
  6 | import { X } from "lucide-react"
  7 |
  8 | import { cn } from "@/lib/utils"

Import traces:
  Client Component Browser:
    ./components/ui/toast.tsx [Client Component Browser]
    ./components/ui/toaster.tsx [Client Component Browser]
    ./components/ui/toaster.tsx [Server Component]
    ./app/layout.tsx [Server Component]

  Client Component SSR:
    ./components/ui/toast.tsx [Client Component SSR]
    ./components/ui/toaster.tsx [Client Component SSR]
    ./components/ui/toaster.tsx [Server Component]
    ./app/layout.tsx [Server Component]

https://nextjs.org/docs/messages/module-not-found @ http://localhost:3000/_next/static/chunks/node_modules_next_dist_20ud_8w._.js:2099
[ 2868040ms] [ERROR] ./lib/utils.ts:1:1
Module not found: Can't resolve 'clsx'
> 1 | import { type ClassValue, clsx } from "clsx"
    | ^^^^^^^^^^^^^^^^^^^^^^^^^^^^^^^^^^^^^^^^^^^^
  2 | import { twMerge } from "tailwind-merge"
  3 |
  4 | export function cn(...inputs: ClassValue[]) {

Import traces:
  Client Component Browser:
    ./lib/utils.ts [Client Component Browser]
    ./components/ui/toast.tsx [Client Component Browser]
    ./components/ui/toaster.tsx [Client Component Browser]
    ./components/ui/toaster.tsx [Server Component]
    ./app/layout.tsx [Server Component]

  Client Component SSR:
    ./lib/utils.ts [Client Component SSR]
    ./components/ui/toast.tsx [Client Component SSR]
    ./components/ui/toaster.tsx [Client Component SSR]
    ./components/ui/toaster.tsx [Server Component]
    ./app/layout.tsx [Server Component]

https://nextjs.org/docs/messages/module-not-found @ http://localhost:3000/_next/static/chunks/node_modules_next_dist_20ud_8w._.js:2099
[ 2868041ms] [ERROR] ./app/page.tsx:2:1
Module not found: Can't resolve 'lucide-react'
  1 | import Link from "next/link"
> 2 | import { ArrowRight, FileText, GitPullRequest, Share2 } from "lucide-react"
    | ^^^^^^^^^^^^^^^^^^^^^^^^^^^^^^^^^^^^^^^^^^^^^^^^^^^^^^^^^^^^^^^^^^^^^^^^^^^
  3 |
  4 | const chain = [
  5 |   {

https://nextjs.org/docs/messages/module-not-found @ http://localhost:3000/_next/static/chunks/node_modules_next_dist_20ud_8w._.js:2099
[ 2868041ms] [ERROR] ./components/ui/toast.tsx:6:1
Module not found: Can't resolve 'lucide-react'
  4 | import * as ToastPrimitives from "@radix-ui/react-toast"
  5 | import { cva, type VariantProps } from "class-variance-authority"
> 6 | import { X } from "lucide-react"
    | ^^^^^^^^^^^^^^^^^^^^^^^^^^^^^^^^
  7 |
  8 | import { cn } from "@/lib/utils"
  9 |

Import traces:
  Client Component Browser:
    ./components/ui/toast.tsx [Client Component Browser]
    ./components/ui/toaster.tsx [Client Component Browser]
    ./components/ui/toaster.tsx [Server Component]
    ./app/layout.tsx [Server Component]

  Client Component SSR:
    ./components/ui/toast.tsx [Client Component SSR]
    ./components/ui/toaster.tsx [Client Component SSR]
    ./components/ui/toaster.tsx [Server Component]
    ./app/layout.tsx [Server Component]

https://nextjs.org/docs/messages/module-not-found @ http://localhost:3000/_next/static/chunks/node_modules_next_dist_20ud_8w._.js:2099
[ 2868041ms] [ERROR] ./lib/utils.ts:2:1
Module not found: Can't resolve 'tailwind-merge'
  1 | import { type ClassValue, clsx } from "clsx"
> 2 | import { twMerge } from "tailwind-merge"
    | ^^^^^^^^^^^^^^^^^^^^^^^^^^^^^^^^^^^^^^^^
  3 |
  4 | export function cn(...inputs: ClassValue[]) {
  5 |   return twMerge(clsx(inputs))

Import traces:
  Client Component Browser:
    ./lib/utils.ts [Client Component Browser]
    ./components/ui/toast.tsx [Client Component Browser]
    ./components/ui/toaster.tsx [Client Component Browser]
    ./components/ui/toaster.tsx [Server Component]
    ./app/layout.tsx [Server Component]

  Client Component SSR:
    ./lib/utils.ts [Client Component SSR]
    ./components/ui/toast.tsx [Client Component SSR]
    ./components/ui/toaster.tsx [Client Component SSR]
    ./components/ui/toaster.tsx [Server Component]
    ./app/layout.tsx [Server Component]

https://nextjs.org/docs/messages/module-not-found @ http://localhost:3000/_next/static/chunks/node_modules_next_dist_20ud_8w._.js:2099
[ 2868099ms] [LOG] [Fast Refresh] rebuilding @ http://localhost:3000/_next/static/chunks/node_modules_next_dist_20ud_8w._.js:1380
[ 2868167ms] [ERROR] ./app/globals.css
Error evaluating Node.js code
CssSyntaxError: tailwindcss: C:\Users\Lenovo\Desktop\线下黑客松\frontend\app\globals.css:1:1: Can't resolve 'tw-animate-css' in 'C:\Users\Lenovo\Desktop\线下黑客松\frontend\app'
    [at Input.error (turbopack:///[project]/node_modules/postcss/lib/input.js:135:16)]
    [at Root.error (turbopack:///[project]/node_modules/postcss/lib/node.js:166:32)]
    [at Object.Once (C:\Users\Lenovo\Desktop\线下黑客松\frontend\node_modules\@tailwindcss\postcss\dist\index.js:10:7013)]
    [at process.processTicksAndRejections (node:internal/process/task_queues:104:5)]
    [at async LazyResult.runAsync (turbopack:///[project]/node_modules/postcss/lib/lazy-result.js:299:11)]
    [at async transform (turbopack:///[turbopack-node]/transforms/postcss.ts:70:34)]
    [at async run (turbopack:///[turbopack-node]/child_process/evaluate.ts:89:23)]

Import trace:
  Client Component Browser:
    ./app/globals.css [Client Component Browser]
    ./app/layout.tsx [Server Component] @ http://localhost:3000/_next/static/chunks/node_modules_next_dist_20ud_8w._.js:2099
[ 2868168ms] [ERROR] ./components/ui/toast.tsx:4:1
Module not found: Can't resolve '@radix-ui/react-toast'
  2 |
  3 | import * as React from "react"
> 4 | import * as ToastPrimitives from "@radix-ui/react-toast"
    | ^^^^^^^^^^^^^^^^^^^^^^^^^^^^^^^^^^^^^^^^^^^^^^^^^^^^^^^^
  5 | import { cva, type VariantProps } from "class-variance-authority"
  6 | import { X } from "lucide-react"
  7 |

Import traces:
  Client Component Browser:
    ./components/ui/toast.tsx [Client Component Browser]
    ./components/ui/toaster.tsx [Client Component Browser]
    ./components/ui/toaster.tsx [Server Component]
    ./app/layout.tsx [Server Component]

  Client Component SSR:
    ./components/ui/toast.tsx [Client Component SSR]
    ./components/ui/toaster.tsx [Client Component SSR]
    ./components/ui/toaster.tsx [Server Component]
    ./app/layout.tsx [Server Component]

https://nextjs.org/docs/messages/module-not-found @ http://localhost:3000/_next/static/chunks/node_modules_next_dist_20ud_8w._.js:2099
[ 2868168ms] [ERROR] ./components/ui/toast.tsx:5:1
Module not found: Can't resolve 'class-variance-authority'
  3 | import * as React from "react"
  4 | import * as ToastPrimitives from "@radix-ui/react-toast"
> 5 | import { cva, type VariantProps } from "class-variance-authority"
    | ^^^^^^^^^^^^^^^^^^^^^^^^^^^^^^^^^^^^^^^^^^^^^^^^^^^^^^^^^^^^^^^^^
  6 | import { X } from "lucide-react"
  7 |
  8 | import { cn } from "@/lib/utils"

Import traces:
  Client Component Browser:
    ./components/ui/toast.tsx [Client Component Browser]
    ./components/ui/toaster.tsx [Client Component Browser]
    ./components/ui/toaster.tsx [Server Component]
    ./app/layout.tsx [Server Component]

  Client Component SSR:
    ./components/ui/toast.tsx [Client Component SSR]
    ./components/ui/toaster.tsx [Client Component SSR]
    ./components/ui/toaster.tsx [Server Component]
    ./app/layout.tsx [Server Component]

https://nextjs.org/docs/messages/module-not-found @ http://localhost:3000/_next/static/chunks/node_modules_next_dist_20ud_8w._.js:2099
[ 2868168ms] [ERROR] ./lib/utils.ts:1:1
Module not found: Can't resolve 'clsx'
> 1 | import { type ClassValue, clsx } from "clsx"
    | ^^^^^^^^^^^^^^^^^^^^^^^^^^^^^^^^^^^^^^^^^^^^
  2 | import { twMerge } from "tailwind-merge"
  3 |
  4 | export function cn(...inputs: ClassValue[]) {

Import traces:
  Client Component Browser:
    ./lib/utils.ts [Client Component Browser]
    ./components/ui/toast.tsx [Client Component Browser]
    ./components/ui/toaster.tsx [Client Component Browser]
    ./components/ui/toaster.tsx [Server Component]
    ./app/layout.tsx [Server Component]

  Client Component SSR:
    ./lib/utils.ts [Client Component SSR]
    ./components/ui/toast.tsx [Client Component SSR]
    ./components/ui/toaster.tsx [Client Component SSR]
    ./components/ui/toaster.tsx [Server Component]
    ./app/layout.tsx [Server Component]

https://nextjs.org/docs/messages/module-not-found @ http://localhost:3000/_next/static/chunks/node_modules_next_dist_20ud_8w._.js:2099
[ 2868168ms] [ERROR] ./app/page.tsx:2:1
Module not found: Can't resolve 'lucide-react'
  1 | import Link from "next/link"
> 2 | import { ArrowRight, FileText, GitPullRequest, Share2 } from "lucide-react"
    | ^^^^^^^^^^^^^^^^^^^^^^^^^^^^^^^^^^^^^^^^^^^^^^^^^^^^^^^^^^^^^^^^^^^^^^^^^^^
  3 |
  4 | const chain = [
  5 |   {

https://nextjs.org/docs/messages/module-not-found @ http://localhost:3000/_next/static/chunks/node_modules_next_dist_20ud_8w._.js:2099
[ 2868168ms] [ERROR] ./components/ui/toast.tsx:6:1
Module not found: Can't resolve 'lucide-react'
  4 | import * as ToastPrimitives from "@radix-ui/react-toast"
  5 | import { cva, type VariantProps } from "class-variance-authority"
> 6 | import { X } from "lucide-react"
    | ^^^^^^^^^^^^^^^^^^^^^^^^^^^^^^^^
  7 |
  8 | import { cn } from "@/lib/utils"
  9 |

Import traces:
  Client Component Browser:
    ./components/ui/toast.tsx [Client Component Browser]
    ./components/ui/toaster.tsx [Client Component Browser]
    ./components/ui/toaster.tsx [Server Component]
    ./app/layout.tsx [Server Component]

  Client Component SSR:
    ./components/ui/toast.tsx [Client Component SSR]
    ./components/ui/toaster.tsx [Client Component SSR]
    ./components/ui/toaster.tsx [Server Component]
    ./app/layout.tsx [Server Component]

https://nextjs.org/docs/messages/module-not-found @ http://localhost:3000/_next/static/chunks/node_modules_next_dist_20ud_8w._.js:2099
[ 2868169ms] [ERROR] ./lib/utils.ts:2:1
Module not found: Can't resolve 'tailwind-merge'
  1 | import { type ClassValue, clsx } from "clsx"
> 2 | import { twMerge } from "tailwind-merge"
    | ^^^^^^^^^^^^^^^^^^^^^^^^^^^^^^^^^^^^^^^^
  3 |
  4 | export function cn(...inputs: ClassValue[]) {
  5 |   return twMerge(clsx(inputs))

Import traces:
  Client Component Browser:
    ./lib/utils.ts [Client Component Browser]
    ./components/ui/toast.tsx [Client Component Browser]
    ./components/ui/toaster.tsx [Client Component Browser]
    ./components/ui/toaster.tsx [Server Component]
    ./app/layout.tsx [Server Component]

  Client Component SSR:
    ./lib/utils.ts [Client Component SSR]
    ./components/ui/toast.tsx [Client Component SSR]
    ./components/ui/toaster.tsx [Client Component SSR]
    ./components/ui/toaster.tsx [Server Component]
    ./app/layout.tsx [Server Component]

https://nextjs.org/docs/messages/module-not-found @ http://localhost:3000/_next/static/chunks/node_modules_next_dist_20ud_8w._.js:2099
[ 2868231ms] [ERROR] ./app/globals.css
Error evaluating Node.js code
CssSyntaxError: tailwindcss: C:\Users\Lenovo\Desktop\线下黑客松\frontend\app\globals.css:1:1: Can't resolve 'tw-animate-css' in 'C:\Users\Lenovo\Desktop\线下黑客松\frontend\app'
    [at Input.error (turbopack:///[project]/node_modules/postcss/lib/input.js:135:16)]
    [at Root.error (turbopack:///[project]/node_modules/postcss/lib/node.js:166:32)]
    [at Object.Once (C:\Users\Lenovo\Desktop\线下黑客松\frontend\node_modules\@tailwindcss\postcss\dist\index.js:10:7013)]
    [at process.processTicksAndRejections (node:internal/process/task_queues:104:5)]
    [at async LazyResult.runAsync (turbopack:///[project]/node_modules/postcss/lib/lazy-result.js:299:11)]
    [at async transform (turbopack:///[turbopack-node]/transforms/postcss.ts:70:34)]
    [at async run (turbopack:///[turbopack-node]/child_process/evaluate.ts:89:23)]

Import trace:
  Client Component Browser:
    ./app/globals.css [Client Component Browser]
    ./app/layout.tsx [Server Component] @ http://localhost:3000/_next/static/chunks/node_modules_next_dist_20ud_8w._.js:2099
[ 2868231ms] [ERROR] ./components/ui/toast.tsx:4:1
Module not found: Can't resolve '@radix-ui/react-toast'
  2 |
  3 | import * as React from "react"
> 4 | import * as ToastPrimitives from "@radix-ui/react-toast"
    | ^^^^^^^^^^^^^^^^^^^^^^^^^^^^^^^^^^^^^^^^^^^^^^^^^^^^^^^^
  5 | import { cva, type VariantProps } from "class-variance-authority"
  6 | import { X } from "lucide-react"
  7 |

Import traces:
  Client Component Browser:
    ./components/ui/toast.tsx [Client Component Browser]
    ./components/ui/toaster.tsx [Client Component Browser]
    ./components/ui/toaster.tsx [Server Component]
    ./app/layout.tsx [Server Component]

  Client Component SSR:
    ./components/ui/toast.tsx [Client Component SSR]
    ./components/ui/toaster.tsx [Client Component SSR]
    ./components/ui/toaster.tsx [Server Component]
    ./app/layout.tsx [Server Component]

https://nextjs.org/docs/messages/module-not-found @ http://localhost:3000/_next/static/chunks/node_modules_next_dist_20ud_8w._.js:2099
[ 2868232ms] [ERROR] ./components/ui/toast.tsx:5:1
Module not found: Can't resolve 'class-variance-authority'
  3 | import * as React from "react"
  4 | import * as ToastPrimitives from "@radix-ui/react-toast"
> 5 | import { cva, type VariantProps } from "class-variance-authority"
    | ^^^^^^^^^^^^^^^^^^^^^^^^^^^^^^^^^^^^^^^^^^^^^^^^^^^^^^^^^^^^^^^^^
  6 | import { X } from "lucide-react"
  7 |
  8 | import { cn } from "@/lib/utils"

Import traces:
  Client Component Browser:
    ./components/ui/toast.tsx [Client Component Browser]
    ./components/ui/toaster.tsx [Client Component Browser]
    ./components/ui/toaster.tsx [Server Component]
    ./app/layout.tsx [Server Component]

  Client Component SSR:
    ./components/ui/toast.tsx [Client Component SSR]
    ./components/ui/toaster.tsx [Client Component SSR]
    ./components/ui/toaster.tsx [Server Component]
    ./app/layout.tsx [Server Component]

https://nextjs.org/docs/messages/module-not-found @ http://localhost:3000/_next/static/chunks/node_modules_next_dist_20ud_8w._.js:2099
[ 2868232ms] [ERROR] ./lib/utils.ts:1:1
Module not found: Can't resolve 'clsx'
> 1 | import { type ClassValue, clsx } from "clsx"
    | ^^^^^^^^^^^^^^^^^^^^^^^^^^^^^^^^^^^^^^^^^^^^
  2 | import { twMerge } from "tailwind-merge"
  3 |
  4 | export function cn(...inputs: ClassValue[]) {

Import traces:
  Client Component Browser:
    ./lib/utils.ts [Client Component Browser]
    ./components/ui/toast.tsx [Client Component Browser]
    ./components/ui/toaster.tsx [Client Component Browser]
    ./components/ui/toaster.tsx [Server Component]
    ./app/layout.tsx [Server Component]

  Client Component SSR:
    ./lib/utils.ts [Client Component SSR]
    ./components/ui/toast.tsx [Client Component SSR]
    ./components/ui/toaster.tsx [Client Component SSR]
    ./components/ui/toaster.tsx [Server Component]
    ./app/layout.tsx [Server Component]

https://nextjs.org/docs/messages/module-not-found @ http://localhost:3000/_next/static/chunks/node_modules_next_dist_20ud_8w._.js:2099
[ 2868232ms] [ERROR] ./app/page.tsx:2:1
Module not found: Can't resolve 'lucide-react'
  1 | import Link from "next/link"
> 2 | import { ArrowRight, FileText, GitPullRequest, Share2 } from "lucide-react"
    | ^^^^^^^^^^^^^^^^^^^^^^^^^^^^^^^^^^^^^^^^^^^^^^^^^^^^^^^^^^^^^^^^^^^^^^^^^^^
  3 |
  4 | const chain = [
  5 |   {

https://nextjs.org/docs/messages/module-not-found @ http://localhost:3000/_next/static/chunks/node_modules_next_dist_20ud_8w._.js:2099
[ 2868232ms] [ERROR] ./components/ui/toast.tsx:6:1
Module not found: Can't resolve 'lucide-react'
  4 | import * as ToastPrimitives from "@radix-ui/react-toast"
  5 | import { cva, type VariantProps } from "class-variance-authority"
> 6 | import { X } from "lucide-react"
    | ^^^^^^^^^^^^^^^^^^^^^^^^^^^^^^^^
  7 |
  8 | import { cn } from "@/lib/utils"
  9 |

Import traces:
  Client Component Browser:
    ./components/ui/toast.tsx [Client Component Browser]
    ./components/ui/toaster.tsx [Client Component Browser]
    ./components/ui/toaster.tsx [Server Component]
    ./app/layout.tsx [Server Component]

  Client Component SSR:
    ./components/ui/toast.tsx [Client Component SSR]
    ./components/ui/toaster.tsx [Client Component SSR]
    ./components/ui/toaster.tsx [Server Component]
    ./app/layout.tsx [Server Component]

https://nextjs.org/docs/messages/module-not-found @ http://localhost:3000/_next/static/chunks/node_modules_next_dist_20ud_8w._.js:2099
[ 2868232ms] [ERROR] ./lib/utils.ts:2:1
Module not found: Can't resolve 'tailwind-merge'
  1 | import { type ClassValue, clsx } from "clsx"
> 2 | import { twMerge } from "tailwind-merge"
    | ^^^^^^^^^^^^^^^^^^^^^^^^^^^^^^^^^^^^^^^^
  3 |
  4 | export function cn(...inputs: ClassValue[]) {
  5 |   return twMerge(clsx(inputs))

Import traces:
  Client Component Browser:
    ./lib/utils.ts [Client Component Browser]
    ./components/ui/toast.tsx [Client Component Browser]
    ./components/ui/toaster.tsx [Client Component Browser]
    ./components/ui/toaster.tsx [Server Component]
    ./app/layout.tsx [Server Component]

  Client Component SSR:
    ./lib/utils.ts [Client Component SSR]
    ./components/ui/toast.tsx [Client Component SSR]
    ./components/ui/toaster.tsx [Client Component SSR]
    ./components/ui/toaster.tsx [Server Component]
    ./app/layout.tsx [Server Component]

https://nextjs.org/docs/messages/module-not-found @ http://localhost:3000/_next/static/chunks/node_modules_next_dist_20ud_8w._.js:2099
[ 2868291ms] [LOG] [Fast Refresh] rebuilding @ http://localhost:3000/_next/static/chunks/node_modules_next_dist_20ud_8w._.js:1380
[ 2868374ms] [ERROR] ./app/globals.css
Error evaluating Node.js code
CssSyntaxError: tailwindcss: C:\Users\Lenovo\Desktop\线下黑客松\frontend\app\globals.css:1:1: Can't resolve 'tw-animate-css' in 'C:\Users\Lenovo\Desktop\线下黑客松\frontend\app'
    [at Input.error (turbopack:///[project]/node_modules/postcss/lib/input.js:135:16)]
    [at Root.error (turbopack:///[project]/node_modules/postcss/lib/node.js:166:32)]
    [at Object.Once (C:\Users\Lenovo\Desktop\线下黑客松\frontend\node_modules\@tailwindcss\postcss\dist\index.js:10:7013)]
    [at process.processTicksAndRejections (node:internal/process/task_queues:104:5)]
    [at async LazyResult.runAsync (turbopack:///[project]/node_modules/postcss/lib/lazy-result.js:299:11)]
    [at async transform (turbopack:///[turbopack-node]/transforms/postcss.ts:70:34)]
    [at async run (turbopack:///[turbopack-node]/child_process/evaluate.ts:89:23)]

Import trace:
  Client Component Browser:
    ./app/globals.css [Client Component Browser]
    ./app/layout.tsx [Server Component] @ http://localhost:3000/_next/static/chunks/node_modules_next_dist_20ud_8w._.js:2099
[ 2868375ms] [ERROR] ./components/ui/toast.tsx:4:1
Module not found: Can't resolve '@radix-ui/react-toast'
  2 |
  3 | import * as React from "react"
> 4 | import * as ToastPrimitives from "@radix-ui/react-toast"
    | ^^^^^^^^^^^^^^^^^^^^^^^^^^^^^^^^^^^^^^^^^^^^^^^^^^^^^^^^
  5 | import { cva, type VariantProps } from "class-variance-authority"
  6 | import { X } from "lucide-react"
  7 |

Import traces:
  Client Component Browser:
    ./components/ui/toast.tsx [Client Component Browser]
    ./components/ui/toaster.tsx [Client Component Browser]
    ./components/ui/toaster.tsx [Server Component]
    ./app/layout.tsx [Server Component]

  Client Component SSR:
    ./components/ui/toast.tsx [Client Component SSR]
    ./components/ui/toaster.tsx [Client Component SSR]
    ./components/ui/toaster.tsx [Server Component]
    ./app/layout.tsx [Server Component]

https://nextjs.org/docs/messages/module-not-found @ http://localhost:3000/_next/static/chunks/node_modules_next_dist_20ud_8w._.js:2099
[ 2868375ms] [ERROR] ./components/ui/toast.tsx:5:1
Module not found: Can't resolve 'class-variance-authority'
  3 | import * as React from "react"
  4 | import * as ToastPrimitives from "@radix-ui/react-toast"
> 5 | import { cva, type VariantProps } from "class-variance-authority"
    | ^^^^^^^^^^^^^^^^^^^^^^^^^^^^^^^^^^^^^^^^^^^^^^^^^^^^^^^^^^^^^^^^^
  6 | import { X } from "lucide-react"
  7 |
  8 | import { cn } from "@/lib/utils"

Import traces:
  Client Component Browser:
    ./components/ui/toast.tsx [Client Component Browser]
    ./components/ui/toaster.tsx [Client Component Browser]
    ./components/ui/toaster.tsx [Server Component]
    ./app/layout.tsx [Server Component]

  Client Component SSR:
    ./components/ui/toast.tsx [Client Component SSR]
    ./components/ui/toaster.tsx [Client Component SSR]
    ./components/ui/toaster.tsx [Server Component]
    ./app/layout.tsx [Server Component]

https://nextjs.org/docs/messages/module-not-found @ http://localhost:3000/_next/static/chunks/node_modules_next_dist_20ud_8w._.js:2099
[ 2868375ms] [ERROR] ./lib/utils.ts:1:1
Module not found: Can't resolve 'clsx'
> 1 | import { type ClassValue, clsx } from "clsx"
    | ^^^^^^^^^^^^^^^^^^^^^^^^^^^^^^^^^^^^^^^^^^^^
  2 | import { twMerge } from "tailwind-merge"
  3 |
  4 | export function cn(...inputs: ClassValue[]) {

Import traces:
  Client Component Browser:
    ./lib/utils.ts [Client Component Browser]
    ./components/ui/toast.tsx [Client Component Browser]
    ./components/ui/toaster.tsx [Client Component Browser]
    ./components/ui/toaster.tsx [Server Component]
    ./app/layout.tsx [Server Component]

  Client Component SSR:
    ./lib/utils.ts [Client Component SSR]
    ./components/ui/toast.tsx [Client Component SSR]
    ./components/ui/toaster.tsx [Client Component SSR]
    ./components/ui/toaster.tsx [Server Component]
    ./app/layout.tsx [Server Component]

https://nextjs.org/docs/messages/module-not-found @ http://localhost:3000/_next/static/chunks/node_modules_next_dist_20ud_8w._.js:2099
[ 2868376ms] [ERROR] ./app/page.tsx:2:1
Module not found: Can't resolve 'lucide-react'
  1 | import Link from "next/link"
> 2 | import { ArrowRight, FileText, GitPullRequest, Share2 } from "lucide-react"
    | ^^^^^^^^^^^^^^^^^^^^^^^^^^^^^^^^^^^^^^^^^^^^^^^^^^^^^^^^^^^^^^^^^^^^^^^^^^^
  3 |
  4 | const chain = [
  5 |   {

https://nextjs.org/docs/messages/module-not-found @ http://localhost:3000/_next/static/chunks/node_modules_next_dist_20ud_8w._.js:2099
[ 2868376ms] [ERROR] ./components/ui/toast.tsx:6:1
Module not found: Can't resolve 'lucide-react'
  4 | import * as ToastPrimitives from "@radix-ui/react-toast"
  5 | import { cva, type VariantProps } from "class-variance-authority"
> 6 | import { X } from "lucide-react"
    | ^^^^^^^^^^^^^^^^^^^^^^^^^^^^^^^^
  7 |
  8 | import { cn } from "@/lib/utils"
  9 |

Import traces:
  Client Component Browser:
    ./components/ui/toast.tsx [Client Component Browser]
    ./components/ui/toaster.tsx [Client Component Browser]
    ./components/ui/toaster.tsx [Server Component]
    ./app/layout.tsx [Server Component]

  Client Component SSR:
    ./components/ui/toast.tsx [Client Component SSR]
    ./components/ui/toaster.tsx [Client Component SSR]
    ./components/ui/toaster.tsx [Server Component]
    ./app/layout.tsx [Server Component]

https://nextjs.org/docs/messages/module-not-found @ http://localhost:3000/_next/static/chunks/node_modules_next_dist_20ud_8w._.js:2099
[ 2868376ms] [ERROR] ./lib/utils.ts:2:1
Module not found: Can't resolve 'tailwind-merge'
  1 | import { type ClassValue, clsx } from "clsx"
> 2 | import { twMerge } from "tailwind-merge"
    | ^^^^^^^^^^^^^^^^^^^^^^^^^^^^^^^^^^^^^^^^
  3 |
  4 | export function cn(...inputs: ClassValue[]) {
  5 |   return twMerge(clsx(inputs))

Import traces:
  Client Component Browser:
    ./lib/utils.ts [Client Component Browser]
    ./components/ui/toast.tsx [Client Component Browser]
    ./components/ui/toaster.tsx [Client Component Browser]
    ./components/ui/toaster.tsx [Server Component]
    ./app/layout.tsx [Server Component]

  Client Component SSR:
    ./lib/utils.ts [Client Component SSR]
    ./components/ui/toast.tsx [Client Component SSR]
    ./components/ui/toaster.tsx [Client Component SSR]
    ./components/ui/toaster.tsx [Server Component]
    ./app/layout.tsx [Server Component]

https://nextjs.org/docs/messages/module-not-found @ http://localhost:3000/_next/static/chunks/node_modules_next_dist_20ud_8w._.js:2099
[ 2868419ms] [ERROR] ./app/globals.css
Error evaluating Node.js code
CssSyntaxError: tailwindcss: C:\Users\Lenovo\Desktop\线下黑客松\frontend\app\globals.css:1:1: Can't resolve 'tw-animate-css' in 'C:\Users\Lenovo\Desktop\线下黑客松\frontend\app'
    [at Input.error (turbopack:///[project]/node_modules/postcss/lib/input.js:135:16)]
    [at Root.error (turbopack:///[project]/node_modules/postcss/lib/node.js:166:32)]
    [at Object.Once (C:\Users\Lenovo\Desktop\线下黑客松\frontend\node_modules\@tailwindcss\postcss\dist\index.js:10:7013)]
    [at process.processTicksAndRejections (node:internal/process/task_queues:104:5)]
    [at async LazyResult.runAsync (turbopack:///[project]/node_modules/postcss/lib/lazy-result.js:299:11)]
    [at async transform (turbopack:///[turbopack-node]/transforms/postcss.ts:70:34)]
    [at async run (turbopack:///[turbopack-node]/child_process/evaluate.ts:89:23)]

Import trace:
  Client Component Browser:
    ./app/globals.css [Client Component Browser]
    ./app/layout.tsx [Server Component] @ http://localhost:3000/_next/static/chunks/node_modules_next_dist_20ud_8w._.js:2099
[ 2868419ms] [ERROR] ./components/ui/toast.tsx:4:1
Module not found: Can't resolve '@radix-ui/react-toast'
  2 |
  3 | import * as React from "react"
> 4 | import * as ToastPrimitives from "@radix-ui/react-toast"
    | ^^^^^^^^^^^^^^^^^^^^^^^^^^^^^^^^^^^^^^^^^^^^^^^^^^^^^^^^
  5 | import { cva, type VariantProps } from "class-variance-authority"
  6 | import { X } from "lucide-react"
  7 |

Import traces:
  Client Component Browser:
    ./components/ui/toast.tsx [Client Component Browser]
    ./components/ui/toaster.tsx [Client Component Browser]
    ./components/ui/toaster.tsx [Server Component]
    ./app/layout.tsx [Server Component]

  Client Component SSR:
    ./components/ui/toast.tsx [Client Component SSR]
    ./components/ui/toaster.tsx [Client Component SSR]
    ./components/ui/toaster.tsx [Server Component]
    ./app/layout.tsx [Server Component]

https://nextjs.org/docs/messages/module-not-found @ http://localhost:3000/_next/static/chunks/node_modules_next_dist_20ud_8w._.js:2099
[ 2868420ms] [ERROR] ./components/ui/toast.tsx:5:1
Module not found: Can't resolve 'class-variance-authority'
  3 | import * as React from "react"
  4 | import * as ToastPrimitives from "@radix-ui/react-toast"
> 5 | import { cva, type VariantProps } from "class-variance-authority"
    | ^^^^^^^^^^^^^^^^^^^^^^^^^^^^^^^^^^^^^^^^^^^^^^^^^^^^^^^^^^^^^^^^^
  6 | import { X } from "lucide-react"
  7 |
  8 | import { cn } from "@/lib/utils"

Import traces:
  Client Component Browser:
    ./components/ui/toast.tsx [Client Component Browser]
    ./components/ui/toaster.tsx [Client Component Browser]
    ./components/ui/toaster.tsx [Server Component]
    ./app/layout.tsx [Server Component]

  Client Component SSR:
    ./components/ui/toast.tsx [Client Component SSR]
    ./components/ui/toaster.tsx [Client Component SSR]
    ./components/ui/toaster.tsx [Server Component]
    ./app/layout.tsx [Server Component]

https://nextjs.org/docs/messages/module-not-found @ http://localhost:3000/_next/static/chunks/node_modules_next_dist_20ud_8w._.js:2099
[ 2868420ms] [ERROR] ./lib/utils.ts:1:1
Module not found: Can't resolve 'clsx'
> 1 | import { type ClassValue, clsx } from "clsx"
    | ^^^^^^^^^^^^^^^^^^^^^^^^^^^^^^^^^^^^^^^^^^^^
  2 | import { twMerge } from "tailwind-merge"
  3 |
  4 | export function cn(...inputs: ClassValue[]) {

Import traces:
  Client Component Browser:
    ./lib/utils.ts [Client Component Browser]
    ./components/ui/toast.tsx [Client Component Browser]
    ./components/ui/toaster.tsx [Client Component Browser]
    ./components/ui/toaster.tsx [Server Component]
    ./app/layout.tsx [Server Component]

  Client Component SSR:
    ./lib/utils.ts [Client Component SSR]
    ./components/ui/toast.tsx [Client Component SSR]
    ./components/ui/toaster.tsx [Client Component SSR]
    ./components/ui/toaster.tsx [Server Component]
    ./app/layout.tsx [Server Component]

https://nextjs.org/docs/messages/module-not-found @ http://localhost:3000/_next/static/chunks/node_modules_next_dist_20ud_8w._.js:2099
[ 2868420ms] [ERROR] ./app/page.tsx:2:1
Module not found: Can't resolve 'lucide-react'
  1 | import Link from "next/link"
> 2 | import { ArrowRight, FileText, GitPullRequest, Share2 } from "lucide-react"
    | ^^^^^^^^^^^^^^^^^^^^^^^^^^^^^^^^^^^^^^^^^^^^^^^^^^^^^^^^^^^^^^^^^^^^^^^^^^^
  3 |
  4 | const chain = [
  5 |   {

https://nextjs.org/docs/messages/module-not-found @ http://localhost:3000/_next/static/chunks/node_modules_next_dist_20ud_8w._.js:2099
[ 2868421ms] [ERROR] ./components/ui/toast.tsx:6:1
Module not found: Can't resolve 'lucide-react'
  4 | import * as ToastPrimitives from "@radix-ui/react-toast"
  5 | import { cva, type VariantProps } from "class-variance-authority"
> 6 | import { X } from "lucide-react"
    | ^^^^^^^^^^^^^^^^^^^^^^^^^^^^^^^^
  7 |
  8 | import { cn } from "@/lib/utils"
  9 |

Import traces:
  Client Component Browser:
    ./components/ui/toast.tsx [Client Component Browser]
    ./components/ui/toaster.tsx [Client Component Browser]
    ./components/ui/toaster.tsx [Server Component]
    ./app/layout.tsx [Server Component]

  Client Component SSR:
    ./components/ui/toast.tsx [Client Component SSR]
    ./components/ui/toaster.tsx [Client Component SSR]
    ./components/ui/toaster.tsx [Server Component]
    ./app/layout.tsx [Server Component]

https://nextjs.org/docs/messages/module-not-found @ http://localhost:3000/_next/static/chunks/node_modules_next_dist_20ud_8w._.js:2099
[ 2868421ms] [ERROR] ./lib/utils.ts:2:1
Module not found: Can't resolve 'tailwind-merge'
  1 | import { type ClassValue, clsx } from "clsx"
> 2 | import { twMerge } from "tailwind-merge"
    | ^^^^^^^^^^^^^^^^^^^^^^^^^^^^^^^^^^^^^^^^
  3 |
  4 | export function cn(...inputs: ClassValue[]) {
  5 |   return twMerge(clsx(inputs))

Import traces:
  Client Component Browser:
    ./lib/utils.ts [Client Component Browser]
    ./components/ui/toast.tsx [Client Component Browser]
    ./components/ui/toaster.tsx [Client Component Browser]
    ./components/ui/toaster.tsx [Server Component]
    ./app/layout.tsx [Server Component]

  Client Component SSR:
    ./lib/utils.ts [Client Component SSR]
    ./components/ui/toast.tsx [Client Component SSR]
    ./components/ui/toaster.tsx [Client Component SSR]
    ./components/ui/toaster.tsx [Server Component]
    ./app/layout.tsx [Server Component]

https://nextjs.org/docs/messages/module-not-found @ http://localhost:3000/_next/static/chunks/node_modules_next_dist_20ud_8w._.js:2099
[ 2868480ms] [LOG] [Fast Refresh] rebuilding @ http://localhost:3000/_next/static/chunks/node_modules_next_dist_20ud_8w._.js:1380
[ 2868535ms] [ERROR] ./app/globals.css
Error evaluating Node.js code
CssSyntaxError: tailwindcss: C:\Users\Lenovo\Desktop\线下黑客松\frontend\app\globals.css:1:1: Can't resolve 'tw-animate-css' in 'C:\Users\Lenovo\Desktop\线下黑客松\frontend\app'
    [at Input.error (turbopack:///[project]/node_modules/postcss/lib/input.js:135:16)]
    [at Root.error (turbopack:///[project]/node_modules/postcss/lib/node.js:166:32)]
    [at Object.Once (C:\Users\Lenovo\Desktop\线下黑客松\frontend\node_modules\@tailwindcss\postcss\dist\index.js:10:7013)]
    [at process.processTicksAndRejections (node:internal/process/task_queues:104:5)]
    [at async LazyResult.runAsync (turbopack:///[project]/node_modules/postcss/lib/lazy-result.js:299:11)]
    [at async transform (turbopack:///[turbopack-node]/transforms/postcss.ts:70:34)]
    [at async run (turbopack:///[turbopack-node]/child_process/evaluate.ts:89:23)]

Import trace:
  Client Component Browser:
    ./app/globals.css [Client Component Browser]
    ./app/layout.tsx [Server Component] @ http://localhost:3000/_next/static/chunks/node_modules_next_dist_20ud_8w._.js:2099
[ 2868535ms] [ERROR] ./components/ui/toast.tsx:4:1
Module not found: Can't resolve '@radix-ui/react-toast'
  2 |
  3 | import * as React from "react"
> 4 | import * as ToastPrimitives from "@radix-ui/react-toast"
    | ^^^^^^^^^^^^^^^^^^^^^^^^^^^^^^^^^^^^^^^^^^^^^^^^^^^^^^^^
  5 | import { cva, type VariantProps } from "class-variance-authority"
  6 | import { X } from "lucide-react"
  7 |

Import traces:
  Client Component Browser:
    ./components/ui/toast.tsx [Client Component Browser]
    ./components/ui/toaster.tsx [Client Component Browser]
    ./components/ui/toaster.tsx [Server Component]
    ./app/layout.tsx [Server Component]

  Client Component SSR:
    ./components/ui/toast.tsx [Client Component SSR]
    ./components/ui/toaster.tsx [Client Component SSR]
    ./components/ui/toaster.tsx [Server Component]
    ./app/layout.tsx [Server Component]

https://nextjs.org/docs/messages/module-not-found @ http://localhost:3000/_next/static/chunks/node_modules_next_dist_20ud_8w._.js:2099
[ 2868536ms] [ERROR] ./components/ui/toast.tsx:5:1
Module not found: Can't resolve 'class-variance-authority'
  3 | import * as React from "react"
  4 | import * as ToastPrimitives from "@radix-ui/react-toast"
> 5 | import { cva, type VariantProps } from "class-variance-authority"
    | ^^^^^^^^^^^^^^^^^^^^^^^^^^^^^^^^^^^^^^^^^^^^^^^^^^^^^^^^^^^^^^^^^
  6 | import { X } from "lucide-react"
  7 |
  8 | import { cn } from "@/lib/utils"

Import traces:
  Client Component Browser:
    ./components/ui/toast.tsx [Client Component Browser]
    ./components/ui/toaster.tsx [Client Component Browser]
    ./components/ui/toaster.tsx [Server Component]
    ./app/layout.tsx [Server Component]

  Client Component SSR:
    ./components/ui/toast.tsx [Client Component SSR]
    ./components/ui/toaster.tsx [Client Component SSR]
    ./components/ui/toaster.tsx [Server Component]
    ./app/layout.tsx [Server Component]

https://nextjs.org/docs/messages/module-not-found @ http://localhost:3000/_next/static/chunks/node_modules_next_dist_20ud_8w._.js:2099
[ 2868536ms] [ERROR] ./lib/utils.ts:1:1
Module not found: Can't resolve 'clsx'
> 1 | import { type ClassValue, clsx } from "clsx"
    | ^^^^^^^^^^^^^^^^^^^^^^^^^^^^^^^^^^^^^^^^^^^^
  2 | import { twMerge } from "tailwind-merge"
  3 |
  4 | export function cn(...inputs: ClassValue[]) {

Import traces:
  Client Component Browser:
    ./lib/utils.ts [Client Component Browser]
    ./components/ui/toast.tsx [Client Component Browser]
    ./components/ui/toaster.tsx [Client Component Browser]
    ./components/ui/toaster.tsx [Server Component]
    ./app/layout.tsx [Server Component]

  Client Component SSR:
    ./lib/utils.ts [Client Component SSR]
    ./components/ui/toast.tsx [Client Component SSR]
    ./components/ui/toaster.tsx [Client Component SSR]
    ./components/ui/toaster.tsx [Server Component]
    ./app/layout.tsx [Server Component]

https://nextjs.org/docs/messages/module-not-found @ http://localhost:3000/_next/static/chunks/node_modules_next_dist_20ud_8w._.js:2099
[ 2868536ms] [ERROR] ./app/page.tsx:2:1
Module not found: Can't resolve 'lucide-react'
  1 | import Link from "next/link"
> 2 | import { ArrowRight, FileText, GitPullRequest, Share2 } from "lucide-react"
    | ^^^^^^^^^^^^^^^^^^^^^^^^^^^^^^^^^^^^^^^^^^^^^^^^^^^^^^^^^^^^^^^^^^^^^^^^^^^
  3 |
  4 | const chain = [
  5 |   {

https://nextjs.org/docs/messages/module-not-found @ http://localhost:3000/_next/static/chunks/node_modules_next_dist_20ud_8w._.js:2099
[ 2868536ms] [ERROR] ./components/ui/toast.tsx:6:1
Module not found: Can't resolve 'lucide-react'
  4 | import * as ToastPrimitives from "@radix-ui/react-toast"
  5 | import { cva, type VariantProps } from "class-variance-authority"
> 6 | import { X } from "lucide-react"
    | ^^^^^^^^^^^^^^^^^^^^^^^^^^^^^^^^
  7 |
  8 | import { cn } from "@/lib/utils"
  9 |

Import traces:
  Client Component Browser:
    ./components/ui/toast.tsx [Client Component Browser]
    ./components/ui/toaster.tsx [Client Component Browser]
    ./components/ui/toaster.tsx [Server Component]
    ./app/layout.tsx [Server Component]

  Client Component SSR:
    ./components/ui/toast.tsx [Client Component SSR]
    ./components/ui/toaster.tsx [Client Component SSR]
    ./components/ui/toaster.tsx [Server Component]
    ./app/layout.tsx [Server Component]

https://nextjs.org/docs/messages/module-not-found @ http://localhost:3000/_next/static/chunks/node_modules_next_dist_20ud_8w._.js:2099
[ 2868536ms] [ERROR] ./lib/utils.ts:2:1
Module not found: Can't resolve 'tailwind-merge'
  1 | import { type ClassValue, clsx } from "clsx"
> 2 | import { twMerge } from "tailwind-merge"
    | ^^^^^^^^^^^^^^^^^^^^^^^^^^^^^^^^^^^^^^^^
  3 |
  4 | export function cn(...inputs: ClassValue[]) {
  5 |   return twMerge(clsx(inputs))

Import traces:
  Client Component Browser:
    ./lib/utils.ts [Client Component Browser]
    ./components/ui/toast.tsx [Client Component Browser]
    ./components/ui/toaster.tsx [Client Component Browser]
    ./components/ui/toaster.tsx [Server Component]
    ./app/layout.tsx [Server Component]

  Client Component SSR:
    ./lib/utils.ts [Client Component SSR]
    ./components/ui/toast.tsx [Client Component SSR]
    ./components/ui/toaster.tsx [Client Component SSR]
    ./components/ui/toaster.tsx [Server Component]
    ./app/layout.tsx [Server Component]

https://nextjs.org/docs/messages/module-not-found @ http://localhost:3000/_next/static/chunks/node_modules_next_dist_20ud_8w._.js:2099
[ 2868608ms] [LOG] [Fast Refresh] rebuilding @ http://localhost:3000/_next/static/chunks/node_modules_next_dist_20ud_8w._.js:1380
[ 2868722ms] [ERROR] ./app/globals.css
Error evaluating Node.js code
CssSyntaxError: tailwindcss: C:\Users\Lenovo\Desktop\线下黑客松\frontend\app\globals.css:1:1: Can't resolve 'tw-animate-css' in 'C:\Users\Lenovo\Desktop\线下黑客松\frontend\app'
    [at Input.error (turbopack:///[project]/node_modules/postcss/lib/input.js:135:16)]
    [at Root.error (turbopack:///[project]/node_modules/postcss/lib/node.js:166:32)]
    [at Object.Once (C:\Users\Lenovo\Desktop\线下黑客松\frontend\node_modules\@tailwindcss\postcss\dist\index.js:10:7013)]
    [at process.processTicksAndRejections (node:internal/process/task_queues:104:5)]
    [at async LazyResult.runAsync (turbopack:///[project]/node_modules/postcss/lib/lazy-result.js:299:11)]
    [at async transform (turbopack:///[turbopack-node]/transforms/postcss.ts:70:34)]
    [at async run (turbopack:///[turbopack-node]/child_process/evaluate.ts:89:23)]

Import trace:
  Client Component Browser:
    ./app/globals.css [Client Component Browser]
    ./app/layout.tsx [Server Component] @ http://localhost:3000/_next/static/chunks/node_modules_next_dist_20ud_8w._.js:2099
[ 2868722ms] [ERROR] ./components/ui/toast.tsx:4:1
Module not found: Can't resolve '@radix-ui/react-toast'
  2 |
  3 | import * as React from "react"
> 4 | import * as ToastPrimitives from "@radix-ui/react-toast"
    | ^^^^^^^^^^^^^^^^^^^^^^^^^^^^^^^^^^^^^^^^^^^^^^^^^^^^^^^^
  5 | import { cva, type VariantProps } from "class-variance-authority"
  6 | import { X } from "lucide-react"
  7 |

Import traces:
  Client Component Browser:
    ./components/ui/toast.tsx [Client Component Browser]
    ./components/ui/toaster.tsx [Client Component Browser]
    ./components/ui/toaster.tsx [Server Component]
    ./app/layout.tsx [Server Component]

  Client Component SSR:
    ./components/ui/toast.tsx [Client Component SSR]
    ./components/ui/toaster.tsx [Client Component SSR]
    ./components/ui/toaster.tsx [Server Component]
    ./app/layout.tsx [Server Component]

https://nextjs.org/docs/messages/module-not-found @ http://localhost:3000/_next/static/chunks/node_modules_next_dist_20ud_8w._.js:2099
[ 2868722ms] [ERROR] ./components/ui/toast.tsx:5:1
Module not found: Can't resolve 'class-variance-authority'
  3 | import * as React from "react"
  4 | import * as ToastPrimitives from "@radix-ui/react-toast"
> 5 | import { cva, type VariantProps } from "class-variance-authority"
    | ^^^^^^^^^^^^^^^^^^^^^^^^^^^^^^^^^^^^^^^^^^^^^^^^^^^^^^^^^^^^^^^^^
  6 | import { X } from "lucide-react"
  7 |
  8 | import { cn } from "@/lib/utils"

Import traces:
  Client Component Browser:
    ./components/ui/toast.tsx [Client Component Browser]
    ./components/ui/toaster.tsx [Client Component Browser]
    ./components/ui/toaster.tsx [Server Component]
    ./app/layout.tsx [Server Component]

  Client Component SSR:
    ./components/ui/toast.tsx [Client Component SSR]
    ./components/ui/toaster.tsx [Client Component SSR]
    ./components/ui/toaster.tsx [Server Component]
    ./app/layout.tsx [Server Component]

https://nextjs.org/docs/messages/module-not-found @ http://localhost:3000/_next/static/chunks/node_modules_next_dist_20ud_8w._.js:2099
[ 2868722ms] [ERROR] ./lib/utils.ts:1:1
Module not found: Can't resolve 'clsx'
> 1 | import { type ClassValue, clsx } from "clsx"
    | ^^^^^^^^^^^^^^^^^^^^^^^^^^^^^^^^^^^^^^^^^^^^
  2 | import { twMerge } from "tailwind-merge"
  3 |
  4 | export function cn(...inputs: ClassValue[]) {

Import traces:
  Client Component Browser:
    ./lib/utils.ts [Client Component Browser]
    ./components/ui/toast.tsx [Client Component Browser]
    ./components/ui/toaster.tsx [Client Component Browser]
    ./components/ui/toaster.tsx [Server Component]
    ./app/layout.tsx [Server Component]

  Client Component SSR:
    ./lib/utils.ts [Client Component SSR]
    ./components/ui/toast.tsx [Client Component SSR]
    ./components/ui/toaster.tsx [Client Component SSR]
    ./components/ui/toaster.tsx [Server Component]
    ./app/layout.tsx [Server Component]

https://nextjs.org/docs/messages/module-not-found @ http://localhost:3000/_next/static/chunks/node_modules_next_dist_20ud_8w._.js:2099
[ 2868723ms] [ERROR] ./app/page.tsx:2:1
Module not found: Can't resolve 'lucide-react'
  1 | import Link from "next/link"
> 2 | import { ArrowRight, FileText, GitPullRequest, Share2 } from "lucide-react"
    | ^^^^^^^^^^^^^^^^^^^^^^^^^^^^^^^^^^^^^^^^^^^^^^^^^^^^^^^^^^^^^^^^^^^^^^^^^^^
  3 |
  4 | const chain = [
  5 |   {

https://nextjs.org/docs/messages/module-not-found @ http://localhost:3000/_next/static/chunks/node_modules_next_dist_20ud_8w._.js:2099
[ 2868723ms] [ERROR] ./components/ui/toast.tsx:6:1
Module not found: Can't resolve 'lucide-react'
  4 | import * as ToastPrimitives from "@radix-ui/react-toast"
  5 | import { cva, type VariantProps } from "class-variance-authority"
> 6 | import { X } from "lucide-react"
    | ^^^^^^^^^^^^^^^^^^^^^^^^^^^^^^^^
  7 |
  8 | import { cn } from "@/lib/utils"
  9 |

Import traces:
  Client Component Browser:
    ./components/ui/toast.tsx [Client Component Browser]
    ./components/ui/toaster.tsx [Client Component Browser]
    ./components/ui/toaster.tsx [Server Component]
    ./app/layout.tsx [Server Component]

  Client Component SSR:
    ./components/ui/toast.tsx [Client Component SSR]
    ./components/ui/toaster.tsx [Client Component SSR]
    ./components/ui/toaster.tsx [Server Component]
    ./app/layout.tsx [Server Component]

https://nextjs.org/docs/messages/module-not-found @ http://localhost:3000/_next/static/chunks/node_modules_next_dist_20ud_8w._.js:2099
[ 2868723ms] [ERROR] ./lib/utils.ts:2:1
Module not found: Can't resolve 'tailwind-merge'
  1 | import { type ClassValue, clsx } from "clsx"
> 2 | import { twMerge } from "tailwind-merge"
    | ^^^^^^^^^^^^^^^^^^^^^^^^^^^^^^^^^^^^^^^^
  3 |
  4 | export function cn(...inputs: ClassValue[]) {
  5 |   return twMerge(clsx(inputs))

Import traces:
  Client Component Browser:
    ./lib/utils.ts [Client Component Browser]
    ./components/ui/toast.tsx [Client Component Browser]
    ./components/ui/toaster.tsx [Client Component Browser]
    ./components/ui/toaster.tsx [Server Component]
    ./app/layout.tsx [Server Component]

  Client Component SSR:
    ./lib/utils.ts [Client Component SSR]
    ./components/ui/toast.tsx [Client Component SSR]
    ./components/ui/toaster.tsx [Client Component SSR]
    ./components/ui/toaster.tsx [Server Component]
    ./app/layout.tsx [Server Component]

https://nextjs.org/docs/messages/module-not-found @ http://localhost:3000/_next/static/chunks/node_modules_next_dist_20ud_8w._.js:2099
[ 2868800ms] [ERROR] ./app/globals.css
Error evaluating Node.js code
CssSyntaxError: tailwindcss: C:\Users\Lenovo\Desktop\线下黑客松\frontend\app\globals.css:1:1: Can't resolve 'tw-animate-css' in 'C:\Users\Lenovo\Desktop\线下黑客松\frontend\app'
    [at Input.error (turbopack:///[project]/node_modules/postcss/lib/input.js:135:16)]
    [at Root.error (turbopack:///[project]/node_modules/postcss/lib/node.js:166:32)]
    [at Object.Once (C:\Users\Lenovo\Desktop\线下黑客松\frontend\node_modules\@tailwindcss\postcss\dist\index.js:10:7013)]
    [at process.processTicksAndRejections (node:internal/process/task_queues:104:5)]
    [at async LazyResult.runAsync (turbopack:///[project]/node_modules/postcss/lib/lazy-result.js:299:11)]
    [at async transform (turbopack:///[turbopack-node]/transforms/postcss.ts:70:34)]
    [at async run (turbopack:///[turbopack-node]/child_process/evaluate.ts:89:23)]

Import trace:
  Client Component Browser:
    ./app/globals.css [Client Component Browser]
    ./app/layout.tsx [Server Component] @ http://localhost:3000/_next/static/chunks/node_modules_next_dist_20ud_8w._.js:2099
[ 2868801ms] [ERROR] ./components/ui/toast.tsx:4:1
Module not found: Can't resolve '@radix-ui/react-toast'
  2 |
  3 | import * as React from "react"
> 4 | import * as ToastPrimitives from "@radix-ui/react-toast"
    | ^^^^^^^^^^^^^^^^^^^^^^^^^^^^^^^^^^^^^^^^^^^^^^^^^^^^^^^^
  5 | import { cva, type VariantProps } from "class-variance-authority"
  6 | import { X } from "lucide-react"
  7 |

Import traces:
  Client Component Browser:
    ./components/ui/toast.tsx [Client Component Browser]
    ./components/ui/toaster.tsx [Client Component Browser]
    ./components/ui/toaster.tsx [Server Component]
    ./app/layout.tsx [Server Component]

  Client Component SSR:
    ./components/ui/toast.tsx [Client Component SSR]
    ./components/ui/toaster.tsx [Client Component SSR]
    ./components/ui/toaster.tsx [Server Component]
    ./app/layout.tsx [Server Component]

https://nextjs.org/docs/messages/module-not-found @ http://localhost:3000/_next/static/chunks/node_modules_next_dist_20ud_8w._.js:2099
[ 2868801ms] [ERROR] ./components/ui/toast.tsx:5:1
Module not found: Can't resolve 'class-variance-authority'
  3 | import * as React from "react"
  4 | import * as ToastPrimitives from "@radix-ui/react-toast"
> 5 | import { cva, type VariantProps } from "class-variance-authority"
    | ^^^^^^^^^^^^^^^^^^^^^^^^^^^^^^^^^^^^^^^^^^^^^^^^^^^^^^^^^^^^^^^^^
  6 | import { X } from "lucide-react"
  7 |
  8 | import { cn } from "@/lib/utils"

Import traces:
  Client Component Browser:
    ./components/ui/toast.tsx [Client Component Browser]
    ./components/ui/toaster.tsx [Client Component Browser]
    ./components/ui/toaster.tsx [Server Component]
    ./app/layout.tsx [Server Component]

  Client Component SSR:
    ./components/ui/toast.tsx [Client Component SSR]
    ./components/ui/toaster.tsx [Client Component SSR]
    ./components/ui/toaster.tsx [Server Component]
    ./app/layout.tsx [Server Component]

https://nextjs.org/docs/messages/module-not-found @ http://localhost:3000/_next/static/chunks/node_modules_next_dist_20ud_8w._.js:2099
[ 2868801ms] [ERROR] ./lib/utils.ts:1:1
Module not found: Can't resolve 'clsx'
> 1 | import { type ClassValue, clsx } from "clsx"
    | ^^^^^^^^^^^^^^^^^^^^^^^^^^^^^^^^^^^^^^^^^^^^
  2 | import { twMerge } from "tailwind-merge"
  3 |
  4 | export function cn(...inputs: ClassValue[]) {

Import traces:
  Client Component Browser:
    ./lib/utils.ts [Client Component Browser]
    ./components/ui/toast.tsx [Client Component Browser]
    ./components/ui/toaster.tsx [Client Component Browser]
    ./components/ui/toaster.tsx [Server Component]
    ./app/layout.tsx [Server Component]

  Client Component SSR:
    ./lib/utils.ts [Client Component SSR]
    ./components/ui/toast.tsx [Client Component SSR]
    ./components/ui/toaster.tsx [Client Component SSR]
    ./components/ui/toaster.tsx [Server Component]
    ./app/layout.tsx [Server Component]

https://nextjs.org/docs/messages/module-not-found @ http://localhost:3000/_next/static/chunks/node_modules_next_dist_20ud_8w._.js:2099
[ 2868802ms] [ERROR] ./app/page.tsx:2:1
Module not found: Can't resolve 'lucide-react'
  1 | import Link from "next/link"
> 2 | import { ArrowRight, FileText, GitPullRequest, Share2 } from "lucide-react"
    | ^^^^^^^^^^^^^^^^^^^^^^^^^^^^^^^^^^^^^^^^^^^^^^^^^^^^^^^^^^^^^^^^^^^^^^^^^^^
  3 |
  4 | const chain = [
  5 |   {

https://nextjs.org/docs/messages/module-not-found @ http://localhost:3000/_next/static/chunks/node_modules_next_dist_20ud_8w._.js:2099
[ 2868802ms] [ERROR] ./components/ui/toast.tsx:6:1
Module not found: Can't resolve 'lucide-react'
  4 | import * as ToastPrimitives from "@radix-ui/react-toast"
  5 | import { cva, type VariantProps } from "class-variance-authority"
> 6 | import { X } from "lucide-react"
    | ^^^^^^^^^^^^^^^^^^^^^^^^^^^^^^^^
  7 |
  8 | import { cn } from "@/lib/utils"
  9 |

Import traces:
  Client Component Browser:
    ./components/ui/toast.tsx [Client Component Browser]
    ./components/ui/toaster.tsx [Client Component Browser]
    ./components/ui/toaster.tsx [Server Component]
    ./app/layout.tsx [Server Component]

  Client Component SSR:
    ./components/ui/toast.tsx [Client Component SSR]
    ./components/ui/toaster.tsx [Client Component SSR]
    ./components/ui/toaster.tsx [Server Component]
    ./app/layout.tsx [Server Component]

https://nextjs.org/docs/messages/module-not-found @ http://localhost:3000/_next/static/chunks/node_modules_next_dist_20ud_8w._.js:2099
[ 2868802ms] [ERROR] ./lib/utils.ts:2:1
Module not found: Can't resolve 'tailwind-merge'
  1 | import { type ClassValue, clsx } from "clsx"
> 2 | import { twMerge } from "tailwind-merge"
    | ^^^^^^^^^^^^^^^^^^^^^^^^^^^^^^^^^^^^^^^^
  3 |
  4 | export function cn(...inputs: ClassValue[]) {
  5 |   return twMerge(clsx(inputs))

Import traces:
  Client Component Browser:
    ./lib/utils.ts [Client Component Browser]
    ./components/ui/toast.tsx [Client Component Browser]
    ./components/ui/toaster.tsx [Client Component Browser]
    ./components/ui/toaster.tsx [Server Component]
    ./app/layout.tsx [Server Component]

  Client Component SSR:
    ./lib/utils.ts [Client Component SSR]
    ./components/ui/toast.tsx [Client Component SSR]
    ./components/ui/toaster.tsx [Client Component SSR]
    ./components/ui/toaster.tsx [Server Component]
    ./app/layout.tsx [Server Component]

https://nextjs.org/docs/messages/module-not-found @ http://localhost:3000/_next/static/chunks/node_modules_next_dist_20ud_8w._.js:2099
[ 2868861ms] [LOG] [Fast Refresh] rebuilding @ http://localhost:3000/_next/static/chunks/node_modules_next_dist_20ud_8w._.js:1380
[ 2878500ms] [ERROR] ./app/globals.css
Error evaluating Node.js code
CssSyntaxError: tailwindcss: C:\Users\Lenovo\Desktop\线下黑客松\frontend\app\globals.css:1:1: Can't resolve 'tw-animate-css' in 'C:\Users\Lenovo\Desktop\线下黑客松\frontend\app'
    [at Input.error (turbopack:///[project]/node_modules/postcss/lib/input.js:135:16)]
    [at Root.error (turbopack:///[project]/node_modules/postcss/lib/node.js:166:32)]
    [at Object.Once (C:\Users\Lenovo\Desktop\线下黑客松\frontend\node_modules\@tailwindcss\postcss\dist\index.js:10:7013)]
    [at process.processTicksAndRejections (node:internal/process/task_queues:104:5)]
    [at async LazyResult.runAsync (turbopack:///[project]/node_modules/postcss/lib/lazy-result.js:299:11)]
    [at async transform (turbopack:///[turbopack-node]/transforms/postcss.ts:70:34)]
    [at async run (turbopack:///[turbopack-node]/child_process/evaluate.ts:89:23)]

Import trace:
  Client Component Browser:
    ./app/globals.css [Client Component Browser]
    ./app/layout.tsx [Server Component] @ http://localhost:3000/_next/static/chunks/node_modules_next_dist_20ud_8w._.js:2099
[ 2878500ms] [ERROR] ./components/ui/toast.tsx:4:1
Module not found: Can't resolve '@radix-ui/react-toast'
  2 |
  3 | import * as React from "react"
> 4 | import * as ToastPrimitives from "@radix-ui/react-toast"
    | ^^^^^^^^^^^^^^^^^^^^^^^^^^^^^^^^^^^^^^^^^^^^^^^^^^^^^^^^
  5 | import { cva, type VariantProps } from "class-variance-authority"
  6 | import { X } from "lucide-react"
  7 |

Import traces:
  Client Component Browser:
    ./components/ui/toast.tsx [Client Component Browser]
    ./components/ui/toaster.tsx [Client Component Browser]
    ./components/ui/toaster.tsx [Server Component]
    ./app/layout.tsx [Server Component]

  Client Component SSR:
    ./components/ui/toast.tsx [Client Component SSR]
    ./components/ui/toaster.tsx [Client Component SSR]
    ./components/ui/toaster.tsx [Server Component]
    ./app/layout.tsx [Server Component]

https://nextjs.org/docs/messages/module-not-found @ http://localhost:3000/_next/static/chunks/node_modules_next_dist_20ud_8w._.js:2099
[ 2878500ms] [ERROR] ./components/ui/toast.tsx:5:1
Module not found: Can't resolve 'class-variance-authority'
  3 | import * as React from "react"
  4 | import * as ToastPrimitives from "@radix-ui/react-toast"
> 5 | import { cva, type VariantProps } from "class-variance-authority"
    | ^^^^^^^^^^^^^^^^^^^^^^^^^^^^^^^^^^^^^^^^^^^^^^^^^^^^^^^^^^^^^^^^^
  6 | import { X } from "lucide-react"
  7 |
  8 | import { cn } from "@/lib/utils"

Import traces:
  Client Component Browser:
    ./components/ui/toast.tsx [Client Component Browser]
    ./components/ui/toaster.tsx [Client Component Browser]
    ./components/ui/toaster.tsx [Server Component]
    ./app/layout.tsx [Server Component]

  Client Component SSR:
    ./components/ui/toast.tsx [Client Component SSR]
    ./components/ui/toaster.tsx [Client Component SSR]
    ./components/ui/toaster.tsx [Server Component]
    ./app/layout.tsx [Server Component]

https://nextjs.org/docs/messages/module-not-found @ http://localhost:3000/_next/static/chunks/node_modules_next_dist_20ud_8w._.js:2099
[ 2878500ms] [ERROR] ./lib/utils.ts:1:1
Module not found: Can't resolve 'clsx'
> 1 | import { type ClassValue, clsx } from "clsx"
    | ^^^^^^^^^^^^^^^^^^^^^^^^^^^^^^^^^^^^^^^^^^^^
  2 | import { twMerge } from "tailwind-merge"
  3 |
  4 | export function cn(...inputs: ClassValue[]) {

Import traces:
  Client Component Browser:
    ./lib/utils.ts [Client Component Browser]
    ./components/ui/toast.tsx [Client Component Browser]
    ./components/ui/toaster.tsx [Client Component Browser]
    ./components/ui/toaster.tsx [Server Component]
    ./app/layout.tsx [Server Component]

  Client Component SSR:
    ./lib/utils.ts [Client Component SSR]
    ./components/ui/toast.tsx [Client Component SSR]
    ./components/ui/toaster.tsx [Client Component SSR]
    ./components/ui/toaster.tsx [Server Component]
    ./app/layout.tsx [Server Component]

https://nextjs.org/docs/messages/module-not-found @ http://localhost:3000/_next/static/chunks/node_modules_next_dist_20ud_8w._.js:2099
[ 2878501ms] [ERROR] ./app/page.tsx:2:1
Module not found: Can't resolve 'lucide-react'
  1 | import Link from "next/link"
> 2 | import { ArrowRight, FileText, GitPullRequest, Share2 } from "lucide-react"
    | ^^^^^^^^^^^^^^^^^^^^^^^^^^^^^^^^^^^^^^^^^^^^^^^^^^^^^^^^^^^^^^^^^^^^^^^^^^^
  3 |
  4 | const chain = [
  5 |   {

https://nextjs.org/docs/messages/module-not-found @ http://localhost:3000/_next/static/chunks/node_modules_next_dist_20ud_8w._.js:2099
[ 2878501ms] [ERROR] ./components/ui/toast.tsx:6:1
Module not found: Can't resolve 'lucide-react'
  4 | import * as ToastPrimitives from "@radix-ui/react-toast"
  5 | import { cva, type VariantProps } from "class-variance-authority"
> 6 | import { X } from "lucide-react"
    | ^^^^^^^^^^^^^^^^^^^^^^^^^^^^^^^^
  7 |
  8 | import { cn } from "@/lib/utils"
  9 |

Import traces:
  Client Component Browser:
    ./components/ui/toast.tsx [Client Component Browser]
    ./components/ui/toaster.tsx [Client Component Browser]
    ./components/ui/toaster.tsx [Server Component]
    ./app/layout.tsx [Server Component]

  Client Component SSR:
    ./components/ui/toast.tsx [Client Component SSR]
    ./components/ui/toaster.tsx [Client Component SSR]
    ./components/ui/toaster.tsx [Server Component]
    ./app/layout.tsx [Server Component]

https://nextjs.org/docs/messages/module-not-found @ http://localhost:3000/_next/static/chunks/node_modules_next_dist_20ud_8w._.js:2099
[ 2878501ms] [ERROR] ./lib/utils.ts:2:1
Module not found: Can't resolve 'tailwind-merge'
  1 | import { type ClassValue, clsx } from "clsx"
> 2 | import { twMerge } from "tailwind-merge"
    | ^^^^^^^^^^^^^^^^^^^^^^^^^^^^^^^^^^^^^^^^
  3 |
  4 | export function cn(...inputs: ClassValue[]) {
  5 |   return twMerge(clsx(inputs))

Import traces:
  Client Component Browser:
    ./lib/utils.ts [Client Component Browser]
    ./components/ui/toast.tsx [Client Component Browser]
    ./components/ui/toaster.tsx [Client Component Browser]
    ./components/ui/toaster.tsx [Server Component]
    ./app/layout.tsx [Server Component]

  Client Component SSR:
    ./lib/utils.ts [Client Component SSR]
    ./components/ui/toast.tsx [Client Component SSR]
    ./components/ui/toaster.tsx [Client Component SSR]
    ./components/ui/toaster.tsx [Server Component]
    ./app/layout.tsx [Server Component]

https://nextjs.org/docs/messages/module-not-found @ http://localhost:3000/_next/static/chunks/node_modules_next_dist_20ud_8w._.js:2099
[ 2878559ms] [LOG] [Fast Refresh] rebuilding @ http://localhost:3000/_next/static/chunks/node_modules_next_dist_20ud_8w._.js:1380
[ 2888075ms] [ERROR] ./app/globals.css
Error evaluating Node.js code
CssSyntaxError: tailwindcss: C:\Users\Lenovo\Desktop\线下黑客松\frontend\app\globals.css:1:1: Can't resolve 'tw-animate-css' in 'C:\Users\Lenovo\Desktop\线下黑客松\frontend\app'
    [at Input.error (turbopack:///[project]/node_modules/postcss/lib/input.js:135:16)]
    [at Root.error (turbopack:///[project]/node_modules/postcss/lib/node.js:166:32)]
    [at Object.Once (C:\Users\Lenovo\Desktop\线下黑客松\frontend\node_modules\@tailwindcss\postcss\dist\index.js:10:7013)]
    [at process.processTicksAndRejections (node:internal/process/task_queues:104:5)]
    [at async LazyResult.runAsync (turbopack:///[project]/node_modules/postcss/lib/lazy-result.js:299:11)]
    [at async transform (turbopack:///[turbopack-node]/transforms/postcss.ts:70:34)]
    [at async run (turbopack:///[turbopack-node]/child_process/evaluate.ts:89:23)]

Import trace:
  Client Component Browser:
    ./app/globals.css [Client Component Browser]
    ./app/layout.tsx [Server Component] @ http://localhost:3000/_next/static/chunks/node_modules_next_dist_20ud_8w._.js:2099
[ 2888075ms] [ERROR] ./components/ui/toast.tsx:4:1
Module not found: Can't resolve '@radix-ui/react-toast'
  2 |
  3 | import * as React from "react"
> 4 | import * as ToastPrimitives from "@radix-ui/react-toast"
    | ^^^^^^^^^^^^^^^^^^^^^^^^^^^^^^^^^^^^^^^^^^^^^^^^^^^^^^^^
  5 | import { cva, type VariantProps } from "class-variance-authority"
  6 | import { X } from "lucide-react"
  7 |

Import traces:
  Client Component Browser:
    ./components/ui/toast.tsx [Client Component Browser]
    ./components/ui/toaster.tsx [Client Component Browser]
    ./components/ui/toaster.tsx [Server Component]
    ./app/layout.tsx [Server Component]

  Client Component SSR:
    ./components/ui/toast.tsx [Client Component SSR]
    ./components/ui/toaster.tsx [Client Component SSR]
    ./components/ui/toaster.tsx [Server Component]
    ./app/layout.tsx [Server Component]

https://nextjs.org/docs/messages/module-not-found @ http://localhost:3000/_next/static/chunks/node_modules_next_dist_20ud_8w._.js:2099
[ 2888076ms] [ERROR] ./components/ui/toast.tsx:5:1
Module not found: Can't resolve 'class-variance-authority'
  3 | import * as React from "react"
  4 | import * as ToastPrimitives from "@radix-ui/react-toast"
> 5 | import { cva, type VariantProps } from "class-variance-authority"
    | ^^^^^^^^^^^^^^^^^^^^^^^^^^^^^^^^^^^^^^^^^^^^^^^^^^^^^^^^^^^^^^^^^
  6 | import { X } from "lucide-react"
  7 |
  8 | import { cn } from "@/lib/utils"

Import traces:
  Client Component Browser:
    ./components/ui/toast.tsx [Client Component Browser]
    ./components/ui/toaster.tsx [Client Component Browser]
    ./components/ui/toaster.tsx [Server Component]
    ./app/layout.tsx [Server Component]

  Client Component SSR:
    ./components/ui/toast.tsx [Client Component SSR]
    ./components/ui/toaster.tsx [Client Component SSR]
    ./components/ui/toaster.tsx [Server Component]
    ./app/layout.tsx [Server Component]

https://nextjs.org/docs/messages/module-not-found @ http://localhost:3000/_next/static/chunks/node_modules_next_dist_20ud_8w._.js:2099
[ 2888076ms] [ERROR] ./lib/utils.ts:1:1
Module not found: Can't resolve 'clsx'
> 1 | import { type ClassValue, clsx } from "clsx"
    | ^^^^^^^^^^^^^^^^^^^^^^^^^^^^^^^^^^^^^^^^^^^^
  2 | import { twMerge } from "tailwind-merge"
  3 |
  4 | export function cn(...inputs: ClassValue[]) {

Import traces:
  Client Component Browser:
    ./lib/utils.ts [Client Component Browser]
    ./components/ui/toast.tsx [Client Component Browser]
    ./components/ui/toaster.tsx [Client Component Browser]
    ./components/ui/toaster.tsx [Server Component]
    ./app/layout.tsx [Server Component]

  Client Component SSR:
    ./lib/utils.ts [Client Component SSR]
    ./components/ui/toast.tsx [Client Component SSR]
    ./components/ui/toaster.tsx [Client Component SSR]
    ./components/ui/toaster.tsx [Server Component]
    ./app/layout.tsx [Server Component]

https://nextjs.org/docs/messages/module-not-found @ http://localhost:3000/_next/static/chunks/node_modules_next_dist_20ud_8w._.js:2099
[ 2888076ms] [ERROR] ./app/page.tsx:2:1
Module not found: Can't resolve 'lucide-react'
  1 | import Link from "next/link"
> 2 | import { ArrowRight, FileText, GitPullRequest, Share2 } from "lucide-react"
    | ^^^^^^^^^^^^^^^^^^^^^^^^^^^^^^^^^^^^^^^^^^^^^^^^^^^^^^^^^^^^^^^^^^^^^^^^^^^
  3 |
  4 | const chain = [
  5 |   {

https://nextjs.org/docs/messages/module-not-found @ http://localhost:3000/_next/static/chunks/node_modules_next_dist_20ud_8w._.js:2099
[ 2888076ms] [ERROR] ./components/ui/toast.tsx:6:1
Module not found: Can't resolve 'lucide-react'
  4 | import * as ToastPrimitives from "@radix-ui/react-toast"
  5 | import { cva, type VariantProps } from "class-variance-authority"
> 6 | import { X } from "lucide-react"
    | ^^^^^^^^^^^^^^^^^^^^^^^^^^^^^^^^
  7 |
  8 | import { cn } from "@/lib/utils"
  9 |

Import traces:
  Client Component Browser:
    ./components/ui/toast.tsx [Client Component Browser]
    ./components/ui/toaster.tsx [Client Component Browser]
    ./components/ui/toaster.tsx [Server Component]
    ./app/layout.tsx [Server Component]

  Client Component SSR:
    ./components/ui/toast.tsx [Client Component SSR]
    ./components/ui/toaster.tsx [Client Component SSR]
    ./components/ui/toaster.tsx [Server Component]
    ./app/layout.tsx [Server Component]

https://nextjs.org/docs/messages/module-not-found @ http://localhost:3000/_next/static/chunks/node_modules_next_dist_20ud_8w._.js:2099
[ 2888077ms] [ERROR] ./lib/utils.ts:2:1
Module not found: Can't resolve 'tailwind-merge'
  1 | import { type ClassValue, clsx } from "clsx"
> 2 | import { twMerge } from "tailwind-merge"
    | ^^^^^^^^^^^^^^^^^^^^^^^^^^^^^^^^^^^^^^^^
  3 |
  4 | export function cn(...inputs: ClassValue[]) {
  5 |   return twMerge(clsx(inputs))

Import traces:
  Client Component Browser:
    ./lib/utils.ts [Client Component Browser]
    ./components/ui/toast.tsx [Client Component Browser]
    ./components/ui/toaster.tsx [Client Component Browser]
    ./components/ui/toaster.tsx [Server Component]
    ./app/layout.tsx [Server Component]

  Client Component SSR:
    ./lib/utils.ts [Client Component SSR]
    ./components/ui/toast.tsx [Client Component SSR]
    ./components/ui/toaster.tsx [Client Component SSR]
    ./components/ui/toaster.tsx [Server Component]
    ./app/layout.tsx [Server Component]

https://nextjs.org/docs/messages/module-not-found @ http://localhost:3000/_next/static/chunks/node_modules_next_dist_20ud_8w._.js:2099
[ 2888133ms] [LOG] [Fast Refresh] rebuilding @ http://localhost:3000/_next/static/chunks/node_modules_next_dist_20ud_8w._.js:1380
[ 2970574ms] [ERROR] ./app/globals.css
Error evaluating Node.js code
CssSyntaxError: tailwindcss: C:\Users\Lenovo\Desktop\线下黑客松\frontend\app\globals.css:1:1: Can't resolve 'tw-animate-css' in 'C:\Users\Lenovo\Desktop\线下黑客松\frontend\app'
    [at Input.error (turbopack:///[project]/node_modules/postcss/lib/input.js:135:16)]
    [at Root.error (turbopack:///[project]/node_modules/postcss/lib/node.js:166:32)]
    [at Object.Once (C:\Users\Lenovo\Desktop\线下黑客松\frontend\node_modules\@tailwindcss\postcss\dist\index.js:10:7013)]
    [at process.processTicksAndRejections (node:internal/process/task_queues:104:5)]
    [at async LazyResult.runAsync (turbopack:///[project]/node_modules/postcss/lib/lazy-result.js:299:11)]
    [at async transform (turbopack:///[turbopack-node]/transforms/postcss.ts:70:34)]
    [at async run (turbopack:///[turbopack-node]/child_process/evaluate.ts:89:23)]

Import trace:
  Client Component Browser:
    ./app/globals.css [Client Component Browser]
    ./app/layout.tsx [Server Component] @ http://localhost:3000/_next/static/chunks/node_modules_next_dist_20ud_8w._.js:2099
[ 2970574ms] [ERROR] ./components/ui/toast.tsx:4:1
Module not found: Can't resolve '@radix-ui/react-toast'
  2 |
  3 | import * as React from "react"
> 4 | import * as ToastPrimitives from "@radix-ui/react-toast"
    | ^^^^^^^^^^^^^^^^^^^^^^^^^^^^^^^^^^^^^^^^^^^^^^^^^^^^^^^^
  5 | import { cva, type VariantProps } from "class-variance-authority"
  6 | import { X } from "lucide-react"
  7 |

Import traces:
  Client Component Browser:
    ./components/ui/toast.tsx [Client Component Browser]
    ./components/ui/toaster.tsx [Client Component Browser]
    ./components/ui/toaster.tsx [Server Component]
    ./app/layout.tsx [Server Component]

  Client Component SSR:
    ./components/ui/toast.tsx [Client Component SSR]
    ./components/ui/toaster.tsx [Client Component SSR]
    ./components/ui/toaster.tsx [Server Component]
    ./app/layout.tsx [Server Component]

https://nextjs.org/docs/messages/module-not-found @ http://localhost:3000/_next/static/chunks/node_modules_next_dist_20ud_8w._.js:2099
[ 2970574ms] [ERROR] ./components/ui/toast.tsx:5:1
Module not found: Can't resolve 'class-variance-authority'
  3 | import * as React from "react"
  4 | import * as ToastPrimitives from "@radix-ui/react-toast"
> 5 | import { cva, type VariantProps } from "class-variance-authority"
    | ^^^^^^^^^^^^^^^^^^^^^^^^^^^^^^^^^^^^^^^^^^^^^^^^^^^^^^^^^^^^^^^^^
  6 | import { X } from "lucide-react"
  7 |
  8 | import { cn } from "@/lib/utils"

Import traces:
  Client Component Browser:
    ./components/ui/toast.tsx [Client Component Browser]
    ./components/ui/toaster.tsx [Client Component Browser]
    ./components/ui/toaster.tsx [Server Component]
    ./app/layout.tsx [Server Component]

  Client Component SSR:
    ./components/ui/toast.tsx [Client Component SSR]
    ./components/ui/toaster.tsx [Client Component SSR]
    ./components/ui/toaster.tsx [Server Component]
    ./app/layout.tsx [Server Component]

https://nextjs.org/docs/messages/module-not-found @ http://localhost:3000/_next/static/chunks/node_modules_next_dist_20ud_8w._.js:2099
[ 2970575ms] [ERROR] ./lib/utils.ts:1:1
Module not found: Can't resolve 'clsx'
> 1 | import { type ClassValue, clsx } from "clsx"
    | ^^^^^^^^^^^^^^^^^^^^^^^^^^^^^^^^^^^^^^^^^^^^
  2 | import { twMerge } from "tailwind-merge"
  3 |
  4 | export function cn(...inputs: ClassValue[]) {

Import traces:
  Client Component Browser:
    ./lib/utils.ts [Client Component Browser]
    ./components/ui/toast.tsx [Client Component Browser]
    ./components/ui/toaster.tsx [Client Component Browser]
    ./components/ui/toaster.tsx [Server Component]
    ./app/layout.tsx [Server Component]

  Client Component SSR:
    ./lib/utils.ts [Client Component SSR]
    ./components/ui/toast.tsx [Client Component SSR]
    ./components/ui/toaster.tsx [Client Component SSR]
    ./components/ui/toaster.tsx [Server Component]
    ./app/layout.tsx [Server Component]

https://nextjs.org/docs/messages/module-not-found @ http://localhost:3000/_next/static/chunks/node_modules_next_dist_20ud_8w._.js:2099
[ 2970575ms] [ERROR] ./app/page.tsx:2:1
Module not found: Can't resolve 'lucide-react'
  1 | import Link from "next/link"
> 2 | import { ArrowRight, FileText, GitPullRequest, Share2 } from "lucide-react"
    | ^^^^^^^^^^^^^^^^^^^^^^^^^^^^^^^^^^^^^^^^^^^^^^^^^^^^^^^^^^^^^^^^^^^^^^^^^^^
  3 |
  4 | const chain = [
  5 |   {

https://nextjs.org/docs/messages/module-not-found @ http://localhost:3000/_next/static/chunks/node_modules_next_dist_20ud_8w._.js:2099
[ 2970575ms] [ERROR] ./components/ui/toast.tsx:6:1
Module not found: Can't resolve 'lucide-react'
  4 | import * as ToastPrimitives from "@radix-ui/react-toast"
  5 | import { cva, type VariantProps } from "class-variance-authority"
> 6 | import { X } from "lucide-react"
    | ^^^^^^^^^^^^^^^^^^^^^^^^^^^^^^^^
  7 |
  8 | import { cn } from "@/lib/utils"
  9 |

Import traces:
  Client Component Browser:
    ./components/ui/toast.tsx [Client Component Browser]
    ./components/ui/toaster.tsx [Client Component Browser]
    ./components/ui/toaster.tsx [Server Component]
    ./app/layout.tsx [Server Component]

  Client Component SSR:
    ./components/ui/toast.tsx [Client Component SSR]
    ./components/ui/toaster.tsx [Client Component SSR]
    ./components/ui/toaster.tsx [Server Component]
    ./app/layout.tsx [Server Component]

https://nextjs.org/docs/messages/module-not-found @ http://localhost:3000/_next/static/chunks/node_modules_next_dist_20ud_8w._.js:2099
[ 2970575ms] [ERROR] ./lib/utils.ts:2:1
Module not found: Can't resolve 'tailwind-merge'
  1 | import { type ClassValue, clsx } from "clsx"
> 2 | import { twMerge } from "tailwind-merge"
    | ^^^^^^^^^^^^^^^^^^^^^^^^^^^^^^^^^^^^^^^^
  3 |
  4 | export function cn(...inputs: ClassValue[]) {
  5 |   return twMerge(clsx(inputs))

Import traces:
  Client Component Browser:
    ./lib/utils.ts [Client Component Browser]
    ./components/ui/toast.tsx [Client Component Browser]
    ./components/ui/toaster.tsx [Client Component Browser]
    ./components/ui/toaster.tsx [Server Component]
    ./app/layout.tsx [Server Component]

  Client Component SSR:
    ./lib/utils.ts [Client Component SSR]
    ./components/ui/toast.tsx [Client Component SSR]
    ./components/ui/toaster.tsx [Client Component SSR]
    ./components/ui/toaster.tsx [Server Component]
    ./app/layout.tsx [Server Component]

https://nextjs.org/docs/messages/module-not-found @ http://localhost:3000/_next/static/chunks/node_modules_next_dist_20ud_8w._.js:2099
[ 2970634ms] [LOG] [Fast Refresh] rebuilding @ http://localhost:3000/_next/static/chunks/node_modules_next_dist_20ud_8w._.js:1380
[ 2985009ms] [ERROR] ./app/globals.css
Error evaluating Node.js code
CssSyntaxError: tailwindcss: C:\Users\Lenovo\Desktop\线下黑客松\frontend\app\globals.css:1:1: Can't resolve 'tw-animate-css' in 'C:\Users\Lenovo\Desktop\线下黑客松\frontend\app'
    [at Input.error (turbopack:///[project]/node_modules/postcss/lib/input.js:135:16)]
    [at Root.error (turbopack:///[project]/node_modules/postcss/lib/node.js:166:32)]
    [at Object.Once (C:\Users\Lenovo\Desktop\线下黑客松\frontend\node_modules\@tailwindcss\postcss\dist\index.js:10:7013)]
    [at process.processTicksAndRejections (node:internal/process/task_queues:104:5)]
    [at async LazyResult.runAsync (turbopack:///[project]/node_modules/postcss/lib/lazy-result.js:299:11)]
    [at async transform (turbopack:///[turbopack-node]/transforms/postcss.ts:70:34)]
    [at async run (turbopack:///[turbopack-node]/child_process/evaluate.ts:89:23)]

Import trace:
  Client Component Browser:
    ./app/globals.css [Client Component Browser]
    ./app/layout.tsx [Server Component] @ http://localhost:3000/_next/static/chunks/node_modules_next_dist_20ud_8w._.js:2099
[ 2985010ms] [ERROR] ./components/ui/toast.tsx:4:1
Module not found: Can't resolve '@radix-ui/react-toast'
  2 |
  3 | import * as React from "react"
> 4 | import * as ToastPrimitives from "@radix-ui/react-toast"
    | ^^^^^^^^^^^^^^^^^^^^^^^^^^^^^^^^^^^^^^^^^^^^^^^^^^^^^^^^
  5 | import { cva, type VariantProps } from "class-variance-authority"
  6 | import { X } from "lucide-react"
  7 |

Import traces:
  Client Component Browser:
    ./components/ui/toast.tsx [Client Component Browser]
    ./components/ui/toaster.tsx [Client Component Browser]
    ./components/ui/toaster.tsx [Server Component]
    ./app/layout.tsx [Server Component]

  Client Component SSR:
    ./components/ui/toast.tsx [Client Component SSR]
    ./components/ui/toaster.tsx [Client Component SSR]
    ./components/ui/toaster.tsx [Server Component]
    ./app/layout.tsx [Server Component]

https://nextjs.org/docs/messages/module-not-found @ http://localhost:3000/_next/static/chunks/node_modules_next_dist_20ud_8w._.js:2099
[ 2985010ms] [ERROR] ./components/ui/toast.tsx:5:1
Module not found: Can't resolve 'class-variance-authority'
  3 | import * as React from "react"
  4 | import * as ToastPrimitives from "@radix-ui/react-toast"
> 5 | import { cva, type VariantProps } from "class-variance-authority"
    | ^^^^^^^^^^^^^^^^^^^^^^^^^^^^^^^^^^^^^^^^^^^^^^^^^^^^^^^^^^^^^^^^^
  6 | import { X } from "lucide-react"
  7 |
  8 | import { cn } from "@/lib/utils"

Import traces:
  Client Component Browser:
    ./components/ui/toast.tsx [Client Component Browser]
    ./components/ui/toaster.tsx [Client Component Browser]
    ./components/ui/toaster.tsx [Server Component]
    ./app/layout.tsx [Server Component]

  Client Component SSR:
    ./components/ui/toast.tsx [Client Component SSR]
    ./components/ui/toaster.tsx [Client Component SSR]
    ./components/ui/toaster.tsx [Server Component]
    ./app/layout.tsx [Server Component]

https://nextjs.org/docs/messages/module-not-found @ http://localhost:3000/_next/static/chunks/node_modules_next_dist_20ud_8w._.js:2099
[ 2985011ms] [ERROR] ./lib/utils.ts:1:1
Module not found: Can't resolve 'clsx'
> 1 | import { type ClassValue, clsx } from "clsx"
    | ^^^^^^^^^^^^^^^^^^^^^^^^^^^^^^^^^^^^^^^^^^^^
  2 | import { twMerge } from "tailwind-merge"
  3 |
  4 | export function cn(...inputs: ClassValue[]) {

Import traces:
  Client Component Browser:
    ./lib/utils.ts [Client Component Browser]
    ./components/ui/toast.tsx [Client Component Browser]
    ./components/ui/toaster.tsx [Client Component Browser]
    ./components/ui/toaster.tsx [Server Component]
    ./app/layout.tsx [Server Component]

  Client Component SSR:
    ./lib/utils.ts [Client Component SSR]
    ./components/ui/toast.tsx [Client Component SSR]
    ./components/ui/toaster.tsx [Client Component SSR]
    ./components/ui/toaster.tsx [Server Component]
    ./app/layout.tsx [Server Component]

https://nextjs.org/docs/messages/module-not-found @ http://localhost:3000/_next/static/chunks/node_modules_next_dist_20ud_8w._.js:2099
[ 2985011ms] [ERROR] ./app/page.tsx:2:1
Module not found: Can't resolve 'lucide-react'
  1 | import Link from "next/link"
> 2 | import { ArrowRight, FileText, GitPullRequest, Share2 } from "lucide-react"
    | ^^^^^^^^^^^^^^^^^^^^^^^^^^^^^^^^^^^^^^^^^^^^^^^^^^^^^^^^^^^^^^^^^^^^^^^^^^^
  3 |
  4 | const chain = [
  5 |   {

https://nextjs.org/docs/messages/module-not-found @ http://localhost:3000/_next/static/chunks/node_modules_next_dist_20ud_8w._.js:2099
[ 2985011ms] [ERROR] ./components/ui/toast.tsx:6:1
Module not found: Can't resolve 'lucide-react'
  4 | import * as ToastPrimitives from "@radix-ui/react-toast"
  5 | import { cva, type VariantProps } from "class-variance-authority"
> 6 | import { X } from "lucide-react"
    | ^^^^^^^^^^^^^^^^^^^^^^^^^^^^^^^^
  7 |
  8 | import { cn } from "@/lib/utils"
  9 |

Import traces:
  Client Component Browser:
    ./components/ui/toast.tsx [Client Component Browser]
    ./components/ui/toaster.tsx [Client Component Browser]
    ./components/ui/toaster.tsx [Server Component]
    ./app/layout.tsx [Server Component]

  Client Component SSR:
    ./components/ui/toast.tsx [Client Component SSR]
    ./components/ui/toaster.tsx [Client Component SSR]
    ./components/ui/toaster.tsx [Server Component]
    ./app/layout.tsx [Server Component]

https://nextjs.org/docs/messages/module-not-found @ http://localhost:3000/_next/static/chunks/node_modules_next_dist_20ud_8w._.js:2099
[ 2985011ms] [ERROR] ./lib/utils.ts:2:1
Module not found: Can't resolve 'tailwind-merge'
  1 | import { type ClassValue, clsx } from "clsx"
> 2 | import { twMerge } from "tailwind-merge"
    | ^^^^^^^^^^^^^^^^^^^^^^^^^^^^^^^^^^^^^^^^
  3 |
  4 | export function cn(...inputs: ClassValue[]) {
  5 |   return twMerge(clsx(inputs))

Import traces:
  Client Component Browser:
    ./lib/utils.ts [Client Component Browser]
    ./components/ui/toast.tsx [Client Component Browser]
    ./components/ui/toaster.tsx [Client Component Browser]
    ./components/ui/toaster.tsx [Server Component]
    ./app/layout.tsx [Server Component]

  Client Component SSR:
    ./lib/utils.ts [Client Component SSR]
    ./components/ui/toast.tsx [Client Component SSR]
    ./components/ui/toaster.tsx [Client Component SSR]
    ./components/ui/toaster.tsx [Server Component]
    ./app/layout.tsx [Server Component]

https://nextjs.org/docs/messages/module-not-found @ http://localhost:3000/_next/static/chunks/node_modules_next_dist_20ud_8w._.js:2099
[ 2985069ms] [LOG] [Fast Refresh] rebuilding @ http://localhost:3000/_next/static/chunks/node_modules_next_dist_20ud_8w._.js:1380
[ 2996218ms] [ERROR] ./app/globals.css
Error evaluating Node.js code
CssSyntaxError: tailwindcss: C:\Users\Lenovo\Desktop\线下黑客松\frontend\app\globals.css:1:1: Can't resolve 'tw-animate-css' in 'C:\Users\Lenovo\Desktop\线下黑客松\frontend\app'
    [at Input.error (turbopack:///[project]/node_modules/postcss/lib/input.js:135:16)]
    [at Root.error (turbopack:///[project]/node_modules/postcss/lib/node.js:166:32)]
    [at Object.Once (C:\Users\Lenovo\Desktop\线下黑客松\frontend\node_modules\@tailwindcss\postcss\dist\index.js:10:7013)]
    [at process.processTicksAndRejections (node:internal/process/task_queues:104:5)]
    [at async LazyResult.runAsync (turbopack:///[project]/node_modules/postcss/lib/lazy-result.js:299:11)]
    [at async transform (turbopack:///[turbopack-node]/transforms/postcss.ts:70:34)]
    [at async run (turbopack:///[turbopack-node]/child_process/evaluate.ts:89:23)]

Import trace:
  Client Component Browser:
    ./app/globals.css [Client Component Browser]
    ./app/layout.tsx [Server Component] @ http://localhost:3000/_next/static/chunks/node_modules_next_dist_20ud_8w._.js:2099
[ 2996218ms] [ERROR] ./components/ui/toast.tsx:4:1
Module not found: Can't resolve '@radix-ui/react-toast'
  2 |
  3 | import * as React from "react"
> 4 | import * as ToastPrimitives from "@radix-ui/react-toast"
    | ^^^^^^^^^^^^^^^^^^^^^^^^^^^^^^^^^^^^^^^^^^^^^^^^^^^^^^^^
  5 | import { cva, type VariantProps } from "class-variance-authority"
  6 | import { X } from "lucide-react"
  7 |

Import traces:
  Client Component Browser:
    ./components/ui/toast.tsx [Client Component Browser]
    ./components/ui/toaster.tsx [Client Component Browser]
    ./components/ui/toaster.tsx [Server Component]
    ./app/layout.tsx [Server Component]

  Client Component SSR:
    ./components/ui/toast.tsx [Client Component SSR]
    ./components/ui/toaster.tsx [Client Component SSR]
    ./components/ui/toaster.tsx [Server Component]
    ./app/layout.tsx [Server Component]

https://nextjs.org/docs/messages/module-not-found @ http://localhost:3000/_next/static/chunks/node_modules_next_dist_20ud_8w._.js:2099
[ 2996219ms] [ERROR] ./components/ui/toast.tsx:5:1
Module not found: Can't resolve 'class-variance-authority'
  3 | import * as React from "react"
  4 | import * as ToastPrimitives from "@radix-ui/react-toast"
> 5 | import { cva, type VariantProps } from "class-variance-authority"
    | ^^^^^^^^^^^^^^^^^^^^^^^^^^^^^^^^^^^^^^^^^^^^^^^^^^^^^^^^^^^^^^^^^
  6 | import { X } from "lucide-react"
  7 |
  8 | import { cn } from "@/lib/utils"

Import traces:
  Client Component Browser:
    ./components/ui/toast.tsx [Client Component Browser]
    ./components/ui/toaster.tsx [Client Component Browser]
    ./components/ui/toaster.tsx [Server Component]
    ./app/layout.tsx [Server Component]

  Client Component SSR:
    ./components/ui/toast.tsx [Client Component SSR]
    ./components/ui/toaster.tsx [Client Component SSR]
    ./components/ui/toaster.tsx [Server Component]
    ./app/layout.tsx [Server Component]

https://nextjs.org/docs/messages/module-not-found @ http://localhost:3000/_next/static/chunks/node_modules_next_dist_20ud_8w._.js:2099
[ 2996219ms] [ERROR] ./lib/utils.ts:1:1
Module not found: Can't resolve 'clsx'
> 1 | import { type ClassValue, clsx } from "clsx"
    | ^^^^^^^^^^^^^^^^^^^^^^^^^^^^^^^^^^^^^^^^^^^^
  2 | import { twMerge } from "tailwind-merge"
  3 |
  4 | export function cn(...inputs: ClassValue[]) {

Import traces:
  Client Component Browser:
    ./lib/utils.ts [Client Component Browser]
    ./components/ui/toast.tsx [Client Component Browser]
    ./components/ui/toaster.tsx [Client Component Browser]
    ./components/ui/toaster.tsx [Server Component]
    ./app/layout.tsx [Server Component]

  Client Component SSR:
    ./lib/utils.ts [Client Component SSR]
    ./components/ui/toast.tsx [Client Component SSR]
    ./components/ui/toaster.tsx [Client Component SSR]
    ./components/ui/toaster.tsx [Server Component]
    ./app/layout.tsx [Server Component]

https://nextjs.org/docs/messages/module-not-found @ http://localhost:3000/_next/static/chunks/node_modules_next_dist_20ud_8w._.js:2099
[ 2996219ms] [ERROR] ./app/page.tsx:2:1
Module not found: Can't resolve 'lucide-react'
  1 | import Link from "next/link"
> 2 | import { ArrowRight, FileText, GitPullRequest, Share2 } from "lucide-react"
    | ^^^^^^^^^^^^^^^^^^^^^^^^^^^^^^^^^^^^^^^^^^^^^^^^^^^^^^^^^^^^^^^^^^^^^^^^^^^
  3 |
  4 | const chain = [
  5 |   {

https://nextjs.org/docs/messages/module-not-found @ http://localhost:3000/_next/static/chunks/node_modules_next_dist_20ud_8w._.js:2099
[ 2996219ms] [ERROR] ./components/ui/toast.tsx:6:1
Module not found: Can't resolve 'lucide-react'
  4 | import * as ToastPrimitives from "@radix-ui/react-toast"
  5 | import { cva, type VariantProps } from "class-variance-authority"
> 6 | import { X } from "lucide-react"
    | ^^^^^^^^^^^^^^^^^^^^^^^^^^^^^^^^
  7 |
  8 | import { cn } from "@/lib/utils"
  9 |

Import traces:
  Client Component Browser:
    ./components/ui/toast.tsx [Client Component Browser]
    ./components/ui/toaster.tsx [Client Component Browser]
    ./components/ui/toaster.tsx [Server Component]
    ./app/layout.tsx [Server Component]

  Client Component SSR:
    ./components/ui/toast.tsx [Client Component SSR]
    ./components/ui/toaster.tsx [Client Component SSR]
    ./components/ui/toaster.tsx [Server Component]
    ./app/layout.tsx [Server Component]

https://nextjs.org/docs/messages/module-not-found @ http://localhost:3000/_next/static/chunks/node_modules_next_dist_20ud_8w._.js:2099
[ 2996220ms] [ERROR] ./lib/utils.ts:2:1
Module not found: Can't resolve 'tailwind-merge'
  1 | import { type ClassValue, clsx } from "clsx"
> 2 | import { twMerge } from "tailwind-merge"
    | ^^^^^^^^^^^^^^^^^^^^^^^^^^^^^^^^^^^^^^^^
  3 |
  4 | export function cn(...inputs: ClassValue[]) {
  5 |   return twMerge(clsx(inputs))

Import traces:
  Client Component Browser:
    ./lib/utils.ts [Client Component Browser]
    ./components/ui/toast.tsx [Client Component Browser]
    ./components/ui/toaster.tsx [Client Component Browser]
    ./components/ui/toaster.tsx [Server Component]
    ./app/layout.tsx [Server Component]

  Client Component SSR:
    ./lib/utils.ts [Client Component SSR]
    ./components/ui/toast.tsx [Client Component SSR]
    ./components/ui/toaster.tsx [Client Component SSR]
    ./components/ui/toaster.tsx [Server Component]
    ./app/layout.tsx [Server Component]

https://nextjs.org/docs/messages/module-not-found @ http://localhost:3000/_next/static/chunks/node_modules_next_dist_20ud_8w._.js:2099
[ 2996295ms] [LOG] [Fast Refresh] rebuilding @ http://localhost:3000/_next/static/chunks/node_modules_next_dist_20ud_8w._.js:1380
[ 3008554ms] [ERROR] ./app/globals.css
Error evaluating Node.js code
CssSyntaxError: tailwindcss: C:\Users\Lenovo\Desktop\线下黑客松\frontend\app\globals.css:1:1: Can't resolve 'tw-animate-css' in 'C:\Users\Lenovo\Desktop\线下黑客松\frontend\app'
    [at Input.error (turbopack:///[project]/node_modules/postcss/lib/input.js:135:16)]
    [at Root.error (turbopack:///[project]/node_modules/postcss/lib/node.js:166:32)]
    [at Object.Once (C:\Users\Lenovo\Desktop\线下黑客松\frontend\node_modules\@tailwindcss\postcss\dist\index.js:10:7013)]
    [at process.processTicksAndRejections (node:internal/process/task_queues:104:5)]
    [at async LazyResult.runAsync (turbopack:///[project]/node_modules/postcss/lib/lazy-result.js:299:11)]
    [at async transform (turbopack:///[turbopack-node]/transforms/postcss.ts:70:34)]
    [at async run (turbopack:///[turbopack-node]/child_process/evaluate.ts:89:23)]

Import trace:
  Client Component Browser:
    ./app/globals.css [Client Component Browser]
    ./app/layout.tsx [Server Component] @ http://localhost:3000/_next/static/chunks/node_modules_next_dist_20ud_8w._.js:2099
[ 3008554ms] [ERROR] ./components/ui/toast.tsx:4:1
Module not found: Can't resolve '@radix-ui/react-toast'
  2 |
  3 | import * as React from "react"
> 4 | import * as ToastPrimitives from "@radix-ui/react-toast"
    | ^^^^^^^^^^^^^^^^^^^^^^^^^^^^^^^^^^^^^^^^^^^^^^^^^^^^^^^^
  5 | import { cva, type VariantProps } from "class-variance-authority"
  6 | import { X } from "lucide-react"
  7 |

Import traces:
  Client Component Browser:
    ./components/ui/toast.tsx [Client Component Browser]
    ./components/ui/toaster.tsx [Client Component Browser]
    ./components/ui/toaster.tsx [Server Component]
    ./app/layout.tsx [Server Component]

  Client Component SSR:
    ./components/ui/toast.tsx [Client Component SSR]
    ./components/ui/toaster.tsx [Client Component SSR]
    ./components/ui/toaster.tsx [Server Component]
    ./app/layout.tsx [Server Component]

https://nextjs.org/docs/messages/module-not-found @ http://localhost:3000/_next/static/chunks/node_modules_next_dist_20ud_8w._.js:2099
[ 3008555ms] [ERROR] ./components/ui/toast.tsx:5:1
Module not found: Can't resolve 'class-variance-authority'
  3 | import * as React from "react"
  4 | import * as ToastPrimitives from "@radix-ui/react-toast"
> 5 | import { cva, type VariantProps } from "class-variance-authority"
    | ^^^^^^^^^^^^^^^^^^^^^^^^^^^^^^^^^^^^^^^^^^^^^^^^^^^^^^^^^^^^^^^^^
  6 | import { X } from "lucide-react"
  7 |
  8 | import { cn } from "@/lib/utils"

Import traces:
  Client Component Browser:
    ./components/ui/toast.tsx [Client Component Browser]
    ./components/ui/toaster.tsx [Client Component Browser]
    ./components/ui/toaster.tsx [Server Component]
    ./app/layout.tsx [Server Component]

  Client Component SSR:
    ./components/ui/toast.tsx [Client Component SSR]
    ./components/ui/toaster.tsx [Client Component SSR]
    ./components/ui/toaster.tsx [Server Component]
    ./app/layout.tsx [Server Component]

https://nextjs.org/docs/messages/module-not-found @ http://localhost:3000/_next/static/chunks/node_modules_next_dist_20ud_8w._.js:2099
[ 3008555ms] [ERROR] ./lib/utils.ts:1:1
Module not found: Can't resolve 'clsx'
> 1 | import { type ClassValue, clsx } from "clsx"
    | ^^^^^^^^^^^^^^^^^^^^^^^^^^^^^^^^^^^^^^^^^^^^
  2 | import { twMerge } from "tailwind-merge"
  3 |
  4 | export function cn(...inputs: ClassValue[]) {

Import traces:
  Client Component Browser:
    ./lib/utils.ts [Client Component Browser]
    ./components/ui/toast.tsx [Client Component Browser]
    ./components/ui/toaster.tsx [Client Component Browser]
    ./components/ui/toaster.tsx [Server Component]
    ./app/layout.tsx [Server Component]

  Client Component SSR:
    ./lib/utils.ts [Client Component SSR]
    ./components/ui/toast.tsx [Client Component SSR]
    ./components/ui/toaster.tsx [Client Component SSR]
    ./components/ui/toaster.tsx [Server Component]
    ./app/layout.tsx [Server Component]

https://nextjs.org/docs/messages/module-not-found @ http://localhost:3000/_next/static/chunks/node_modules_next_dist_20ud_8w._.js:2099
[ 3008555ms] [ERROR] ./app/page.tsx:2:1
Module not found: Can't resolve 'lucide-react'
  1 | import Link from "next/link"
> 2 | import { ArrowRight, FileText, GitPullRequest, Share2 } from "lucide-react"
    | ^^^^^^^^^^^^^^^^^^^^^^^^^^^^^^^^^^^^^^^^^^^^^^^^^^^^^^^^^^^^^^^^^^^^^^^^^^^
  3 |
  4 | const chain = [
  5 |   {

https://nextjs.org/docs/messages/module-not-found @ http://localhost:3000/_next/static/chunks/node_modules_next_dist_20ud_8w._.js:2099
[ 3008555ms] [ERROR] ./components/ui/toast.tsx:6:1
Module not found: Can't resolve 'lucide-react'
  4 | import * as ToastPrimitives from "@radix-ui/react-toast"
  5 | import { cva, type VariantProps } from "class-variance-authority"
> 6 | import { X } from "lucide-react"
    | ^^^^^^^^^^^^^^^^^^^^^^^^^^^^^^^^
  7 |
  8 | import { cn } from "@/lib/utils"
  9 |

Import traces:
  Client Component Browser:
    ./components/ui/toast.tsx [Client Component Browser]
    ./components/ui/toaster.tsx [Client Component Browser]
    ./components/ui/toaster.tsx [Server Component]
    ./app/layout.tsx [Server Component]

  Client Component SSR:
    ./components/ui/toast.tsx [Client Component SSR]
    ./components/ui/toaster.tsx [Client Component SSR]
    ./components/ui/toaster.tsx [Server Component]
    ./app/layout.tsx [Server Component]

https://nextjs.org/docs/messages/module-not-found @ http://localhost:3000/_next/static/chunks/node_modules_next_dist_20ud_8w._.js:2099
[ 3008556ms] [ERROR] ./lib/utils.ts:2:1
Module not found: Can't resolve 'tailwind-merge'
  1 | import { type ClassValue, clsx } from "clsx"
> 2 | import { twMerge } from "tailwind-merge"
    | ^^^^^^^^^^^^^^^^^^^^^^^^^^^^^^^^^^^^^^^^
  3 |
  4 | export function cn(...inputs: ClassValue[]) {
  5 |   return twMerge(clsx(inputs))

Import traces:
  Client Component Browser:
    ./lib/utils.ts [Client Component Browser]
    ./components/ui/toast.tsx [Client Component Browser]
    ./components/ui/toaster.tsx [Client Component Browser]
    ./components/ui/toaster.tsx [Server Component]
    ./app/layout.tsx [Server Component]

  Client Component SSR:
    ./lib/utils.ts [Client Component SSR]
    ./components/ui/toast.tsx [Client Component SSR]
    ./components/ui/toaster.tsx [Client Component SSR]
    ./components/ui/toaster.tsx [Server Component]
    ./app/layout.tsx [Server Component]

https://nextjs.org/docs/messages/module-not-found @ http://localhost:3000/_next/static/chunks/node_modules_next_dist_20ud_8w._.js:2099
[ 3008614ms] [LOG] [Fast Refresh] rebuilding @ http://localhost:3000/_next/static/chunks/node_modules_next_dist_20ud_8w._.js:1380
[ 3024682ms] [ERROR] ./app/globals.css
Error evaluating Node.js code
CssSyntaxError: tailwindcss: C:\Users\Lenovo\Desktop\线下黑客松\frontend\app\globals.css:1:1: Can't resolve 'tw-animate-css' in 'C:\Users\Lenovo\Desktop\线下黑客松\frontend\app'
    [at Input.error (turbopack:///[project]/node_modules/postcss/lib/input.js:135:16)]
    [at Root.error (turbopack:///[project]/node_modules/postcss/lib/node.js:166:32)]
    [at Object.Once (C:\Users\Lenovo\Desktop\线下黑客松\frontend\node_modules\@tailwindcss\postcss\dist\index.js:10:7013)]
    [at process.processTicksAndRejections (node:internal/process/task_queues:104:5)]
    [at async LazyResult.runAsync (turbopack:///[project]/node_modules/postcss/lib/lazy-result.js:299:11)]
    [at async transform (turbopack:///[turbopack-node]/transforms/postcss.ts:70:34)]
    [at async run (turbopack:///[turbopack-node]/child_process/evaluate.ts:89:23)]

Import trace:
  Client Component Browser:
    ./app/globals.css [Client Component Browser]
    ./app/layout.tsx [Server Component] @ http://localhost:3000/_next/static/chunks/node_modules_next_dist_20ud_8w._.js:2099
[ 3024682ms] [ERROR] ./components/ui/toast.tsx:4:1
Module not found: Can't resolve '@radix-ui/react-toast'
  2 |
  3 | import * as React from "react"
> 4 | import * as ToastPrimitives from "@radix-ui/react-toast"
    | ^^^^^^^^^^^^^^^^^^^^^^^^^^^^^^^^^^^^^^^^^^^^^^^^^^^^^^^^
  5 | import { cva, type VariantProps } from "class-variance-authority"
  6 | import { X } from "lucide-react"
  7 |

Import traces:
  Client Component Browser:
    ./components/ui/toast.tsx [Client Component Browser]
    ./components/ui/toaster.tsx [Client Component Browser]
    ./components/ui/toaster.tsx [Server Component]
    ./app/layout.tsx [Server Component]

  Client Component SSR:
    ./components/ui/toast.tsx [Client Component SSR]
    ./components/ui/toaster.tsx [Client Component SSR]
    ./components/ui/toaster.tsx [Server Component]
    ./app/layout.tsx [Server Component]

https://nextjs.org/docs/messages/module-not-found @ http://localhost:3000/_next/static/chunks/node_modules_next_dist_20ud_8w._.js:2099
[ 3024682ms] [ERROR] ./components/ui/toast.tsx:5:1
Module not found: Can't resolve 'class-variance-authority'
  3 | import * as React from "react"
  4 | import * as ToastPrimitives from "@radix-ui/react-toast"
> 5 | import { cva, type VariantProps } from "class-variance-authority"
    | ^^^^^^^^^^^^^^^^^^^^^^^^^^^^^^^^^^^^^^^^^^^^^^^^^^^^^^^^^^^^^^^^^
  6 | import { X } from "lucide-react"
  7 |
  8 | import { cn } from "@/lib/utils"

Import traces:
  Client Component Browser:
    ./components/ui/toast.tsx [Client Component Browser]
    ./components/ui/toaster.tsx [Client Component Browser]
    ./components/ui/toaster.tsx [Server Component]
    ./app/layout.tsx [Server Component]

  Client Component SSR:
    ./components/ui/toast.tsx [Client Component SSR]
    ./components/ui/toaster.tsx [Client Component SSR]
    ./components/ui/toaster.tsx [Server Component]
    ./app/layout.tsx [Server Component]

https://nextjs.org/docs/messages/module-not-found @ http://localhost:3000/_next/static/chunks/node_modules_next_dist_20ud_8w._.js:2099
[ 3024683ms] [ERROR] ./lib/utils.ts:1:1
Module not found: Can't resolve 'clsx'
> 1 | import { type ClassValue, clsx } from "clsx"
    | ^^^^^^^^^^^^^^^^^^^^^^^^^^^^^^^^^^^^^^^^^^^^
  2 | import { twMerge } from "tailwind-merge"
  3 |
  4 | export function cn(...inputs: ClassValue[]) {

Import traces:
  Client Component Browser:
    ./lib/utils.ts [Client Component Browser]
    ./components/ui/toast.tsx [Client Component Browser]
    ./components/ui/toaster.tsx [Client Component Browser]
    ./components/ui/toaster.tsx [Server Component]
    ./app/layout.tsx [Server Component]

  Client Component SSR:
    ./lib/utils.ts [Client Component SSR]
    ./components/ui/toast.tsx [Client Component SSR]
    ./components/ui/toaster.tsx [Client Component SSR]
    ./components/ui/toaster.tsx [Server Component]
    ./app/layout.tsx [Server Component]

https://nextjs.org/docs/messages/module-not-found @ http://localhost:3000/_next/static/chunks/node_modules_next_dist_20ud_8w._.js:2099
[ 3024683ms] [ERROR] ./app/page.tsx:2:1
Module not found: Can't resolve 'lucide-react'
  1 | import Link from "next/link"
> 2 | import { ArrowRight, FileText, GitPullRequest, Share2 } from "lucide-react"
    | ^^^^^^^^^^^^^^^^^^^^^^^^^^^^^^^^^^^^^^^^^^^^^^^^^^^^^^^^^^^^^^^^^^^^^^^^^^^
  3 |
  4 | const chain = [
  5 |   {

https://nextjs.org/docs/messages/module-not-found @ http://localhost:3000/_next/static/chunks/node_modules_next_dist_20ud_8w._.js:2099
[ 3024683ms] [ERROR] ./components/ui/toast.tsx:6:1
Module not found: Can't resolve 'lucide-react'
  4 | import * as ToastPrimitives from "@radix-ui/react-toast"
  5 | import { cva, type VariantProps } from "class-variance-authority"
> 6 | import { X } from "lucide-react"
    | ^^^^^^^^^^^^^^^^^^^^^^^^^^^^^^^^
  7 |
  8 | import { cn } from "@/lib/utils"
  9 |

Import traces:
  Client Component Browser:
    ./components/ui/toast.tsx [Client Component Browser]
    ./components/ui/toaster.tsx [Client Component Browser]
    ./components/ui/toaster.tsx [Server Component]
    ./app/layout.tsx [Server Component]

  Client Component SSR:
    ./components/ui/toast.tsx [Client Component SSR]
    ./components/ui/toaster.tsx [Client Component SSR]
    ./components/ui/toaster.tsx [Server Component]
    ./app/layout.tsx [Server Component]

https://nextjs.org/docs/messages/module-not-found @ http://localhost:3000/_next/static/chunks/node_modules_next_dist_20ud_8w._.js:2099
[ 3024684ms] [ERROR] ./lib/utils.ts:2:1
Module not found: Can't resolve 'tailwind-merge'
  1 | import { type ClassValue, clsx } from "clsx"
> 2 | import { twMerge } from "tailwind-merge"
    | ^^^^^^^^^^^^^^^^^^^^^^^^^^^^^^^^^^^^^^^^
  3 |
  4 | export function cn(...inputs: ClassValue[]) {
  5 |   return twMerge(clsx(inputs))

Import traces:
  Client Component Browser:
    ./lib/utils.ts [Client Component Browser]
    ./components/ui/toast.tsx [Client Component Browser]
    ./components/ui/toaster.tsx [Client Component Browser]
    ./components/ui/toaster.tsx [Server Component]
    ./app/layout.tsx [Server Component]

  Client Component SSR:
    ./lib/utils.ts [Client Component SSR]
    ./components/ui/toast.tsx [Client Component SSR]
    ./components/ui/toaster.tsx [Client Component SSR]
    ./components/ui/toaster.tsx [Server Component]
    ./app/layout.tsx [Server Component]

https://nextjs.org/docs/messages/module-not-found @ http://localhost:3000/_next/static/chunks/node_modules_next_dist_20ud_8w._.js:2099
[ 3024757ms] [LOG] [Fast Refresh] rebuilding @ http://localhost:3000/_next/static/chunks/node_modules_next_dist_20ud_8w._.js:1380
[ 3099991ms] [ERROR] ./app/globals.css
Error evaluating Node.js code
CssSyntaxError: tailwindcss: C:\Users\Lenovo\Desktop\线下黑客松\frontend\app\globals.css:1:1: Can't resolve 'tw-animate-css' in 'C:\Users\Lenovo\Desktop\线下黑客松\frontend\app'
    [at Input.error (turbopack:///[project]/node_modules/postcss/lib/input.js:135:16)]
    [at Root.error (turbopack:///[project]/node_modules/postcss/lib/node.js:166:32)]
    [at Object.Once (C:\Users\Lenovo\Desktop\线下黑客松\frontend\node_modules\@tailwindcss\postcss\dist\index.js:10:7013)]
    [at process.processTicksAndRejections (node:internal/process/task_queues:104:5)]
    [at async LazyResult.runAsync (turbopack:///[project]/node_modules/postcss/lib/lazy-result.js:299:11)]
    [at async transform (turbopack:///[turbopack-node]/transforms/postcss.ts:70:34)]
    [at async run (turbopack:///[turbopack-node]/child_process/evaluate.ts:89:23)]

Import trace:
  Client Component Browser:
    ./app/globals.css [Client Component Browser]
    ./app/layout.tsx [Server Component] @ http://localhost:3000/_next/static/chunks/node_modules_next_dist_20ud_8w._.js:2099
[ 3099992ms] [ERROR] ./components/ui/toast.tsx:4:1
Module not found: Can't resolve '@radix-ui/react-toast'
  2 |
  3 | import * as React from "react"
> 4 | import * as ToastPrimitives from "@radix-ui/react-toast"
    | ^^^^^^^^^^^^^^^^^^^^^^^^^^^^^^^^^^^^^^^^^^^^^^^^^^^^^^^^
  5 | import { cva, type VariantProps } from "class-variance-authority"
  6 | import { X } from "lucide-react"
  7 |

Import traces:
  Client Component Browser:
    ./components/ui/toast.tsx [Client Component Browser]
    ./components/ui/toaster.tsx [Client Component Browser]
    ./components/ui/toaster.tsx [Server Component]
    ./app/layout.tsx [Server Component]

  Client Component SSR:
    ./components/ui/toast.tsx [Client Component SSR]
    ./components/ui/toaster.tsx [Client Component SSR]
    ./components/ui/toaster.tsx [Server Component]
    ./app/layout.tsx [Server Component]

https://nextjs.org/docs/messages/module-not-found @ http://localhost:3000/_next/static/chunks/node_modules_next_dist_20ud_8w._.js:2099
[ 3099994ms] [ERROR] ./components/ui/toast.tsx:5:1
Module not found: Can't resolve 'class-variance-authority'
  3 | import * as React from "react"
  4 | import * as ToastPrimitives from "@radix-ui/react-toast"
> 5 | import { cva, type VariantProps } from "class-variance-authority"
    | ^^^^^^^^^^^^^^^^^^^^^^^^^^^^^^^^^^^^^^^^^^^^^^^^^^^^^^^^^^^^^^^^^
  6 | import { X } from "lucide-react"
  7 |
  8 | import { cn } from "@/lib/utils"

Import traces:
  Client Component Browser:
    ./components/ui/toast.tsx [Client Component Browser]
    ./components/ui/toaster.tsx [Client Component Browser]
    ./components/ui/toaster.tsx [Server Component]
    ./app/layout.tsx [Server Component]

  Client Component SSR:
    ./components/ui/toast.tsx [Client Component SSR]
    ./components/ui/toaster.tsx [Client Component SSR]
    ./components/ui/toaster.tsx [Server Component]
    ./app/layout.tsx [Server Component]

https://nextjs.org/docs/messages/module-not-found @ http://localhost:3000/_next/static/chunks/node_modules_next_dist_20ud_8w._.js:2099
[ 3099995ms] [ERROR] ./lib/utils.ts:1:1
Module not found: Can't resolve 'clsx'
> 1 | import { type ClassValue, clsx } from "clsx"
    | ^^^^^^^^^^^^^^^^^^^^^^^^^^^^^^^^^^^^^^^^^^^^
  2 | import { twMerge } from "tailwind-merge"
  3 |
  4 | export function cn(...inputs: ClassValue[]) {

Import traces:
  Client Component Browser:
    ./lib/utils.ts [Client Component Browser]
    ./components/ui/toast.tsx [Client Component Browser]
    ./components/ui/toaster.tsx [Client Component Browser]
    ./components/ui/toaster.tsx [Server Component]
    ./app/layout.tsx [Server Component]

  Client Component SSR:
    ./lib/utils.ts [Client Component SSR]
    ./components/ui/toast.tsx [Client Component SSR]
    ./components/ui/toaster.tsx [Client Component SSR]
    ./components/ui/toaster.tsx [Server Component]
    ./app/layout.tsx [Server Component]

https://nextjs.org/docs/messages/module-not-found @ http://localhost:3000/_next/static/chunks/node_modules_next_dist_20ud_8w._.js:2099
[ 3099997ms] [ERROR] ./app/page.tsx:2:1
Module not found: Can't resolve 'lucide-react'
  1 | import Link from "next/link"
> 2 | import { ArrowRight, FileText, GitPullRequest, Share2 } from "lucide-react"
    | ^^^^^^^^^^^^^^^^^^^^^^^^^^^^^^^^^^^^^^^^^^^^^^^^^^^^^^^^^^^^^^^^^^^^^^^^^^^
  3 |
  4 | const chain = [
  5 |   {

https://nextjs.org/docs/messages/module-not-found @ http://localhost:3000/_next/static/chunks/node_modules_next_dist_20ud_8w._.js:2099
[ 3099999ms] [ERROR] ./components/ui/toast.tsx:6:1
Module not found: Can't resolve 'lucide-react'
  4 | import * as ToastPrimitives from "@radix-ui/react-toast"
  5 | import { cva, type VariantProps } from "class-variance-authority"
> 6 | import { X } from "lucide-react"
    | ^^^^^^^^^^^^^^^^^^^^^^^^^^^^^^^^
  7 |
  8 | import { cn } from "@/lib/utils"
  9 |

Import traces:
  Client Component Browser:
    ./components/ui/toast.tsx [Client Component Browser]
    ./components/ui/toaster.tsx [Client Component Browser]
    ./components/ui/toaster.tsx [Server Component]
    ./app/layout.tsx [Server Component]

  Client Component SSR:
    ./components/ui/toast.tsx [Client Component SSR]
    ./components/ui/toaster.tsx [Client Component SSR]
    ./components/ui/toaster.tsx [Server Component]
    ./app/layout.tsx [Server Component]

https://nextjs.org/docs/messages/module-not-found @ http://localhost:3000/_next/static/chunks/node_modules_next_dist_20ud_8w._.js:2099
[ 3100000ms] [ERROR] ./lib/utils.ts:2:1
Module not found: Can't resolve 'tailwind-merge'
  1 | import { type ClassValue, clsx } from "clsx"
> 2 | import { twMerge } from "tailwind-merge"
    | ^^^^^^^^^^^^^^^^^^^^^^^^^^^^^^^^^^^^^^^^
  3 |
  4 | export function cn(...inputs: ClassValue[]) {
  5 |   return twMerge(clsx(inputs))

Import traces:
  Client Component Browser:
    ./lib/utils.ts [Client Component Browser]
    ./components/ui/toast.tsx [Client Component Browser]
    ./components/ui/toaster.tsx [Client Component Browser]
    ./components/ui/toaster.tsx [Server Component]
    ./app/layout.tsx [Server Component]

  Client Component SSR:
    ./lib/utils.ts [Client Component SSR]
    ./components/ui/toast.tsx [Client Component SSR]
    ./components/ui/toaster.tsx [Client Component SSR]
    ./components/ui/toaster.tsx [Server Component]
    ./app/layout.tsx [Server Component]

https://nextjs.org/docs/messages/module-not-found @ http://localhost:3000/_next/static/chunks/node_modules_next_dist_20ud_8w._.js:2099
[ 3100031ms] [LOG] [Fast Refresh] rebuilding @ http://localhost:3000/_next/static/chunks/node_modules_next_dist_20ud_8w._.js:1380
[ 3125473ms] [ERROR] ./app/globals.css
Error evaluating Node.js code
CssSyntaxError: tailwindcss: C:\Users\Lenovo\Desktop\线下黑客松\frontend\app\globals.css:1:1: Can't resolve 'tw-animate-css' in 'C:\Users\Lenovo\Desktop\线下黑客松\frontend\app'
    [at Input.error (turbopack:///[project]/node_modules/postcss/lib/input.js:135:16)]
    [at Root.error (turbopack:///[project]/node_modules/postcss/lib/node.js:166:32)]
    [at Object.Once (C:\Users\Lenovo\Desktop\线下黑客松\frontend\node_modules\@tailwindcss\postcss\dist\index.js:10:7013)]
    [at process.processTicksAndRejections (node:internal/process/task_queues:104:5)]
    [at async LazyResult.runAsync (turbopack:///[project]/node_modules/postcss/lib/lazy-result.js:299:11)]
    [at async transform (turbopack:///[turbopack-node]/transforms/postcss.ts:70:34)]
    [at async run (turbopack:///[turbopack-node]/child_process/evaluate.ts:89:23)]

Import trace:
  Client Component Browser:
    ./app/globals.css [Client Component Browser]
    ./app/layout.tsx [Server Component] @ http://localhost:3000/_next/static/chunks/node_modules_next_dist_20ud_8w._.js:2099
[ 3125475ms] [ERROR] ./components/ui/toast.tsx:4:1
Module not found: Can't resolve '@radix-ui/react-toast'
  2 |
  3 | import * as React from "react"
> 4 | import * as ToastPrimitives from "@radix-ui/react-toast"
    | ^^^^^^^^^^^^^^^^^^^^^^^^^^^^^^^^^^^^^^^^^^^^^^^^^^^^^^^^
  5 | import { cva, type VariantProps } from "class-variance-authority"
  6 | import { X } from "lucide-react"
  7 |

Import traces:
  Client Component Browser:
    ./components/ui/toast.tsx [Client Component Browser]
    ./components/ui/toaster.tsx [Client Component Browser]
    ./components/ui/toaster.tsx [Server Component]
    ./app/layout.tsx [Server Component]

  Client Component SSR:
    ./components/ui/toast.tsx [Client Component SSR]
    ./components/ui/toaster.tsx [Client Component SSR]
    ./components/ui/toaster.tsx [Server Component]
    ./app/layout.tsx [Server Component]

https://nextjs.org/docs/messages/module-not-found @ http://localhost:3000/_next/static/chunks/node_modules_next_dist_20ud_8w._.js:2099
[ 3125476ms] [ERROR] ./components/ui/toast.tsx:5:1
Module not found: Can't resolve 'class-variance-authority'
  3 | import * as React from "react"
  4 | import * as ToastPrimitives from "@radix-ui/react-toast"
> 5 | import { cva, type VariantProps } from "class-variance-authority"
    | ^^^^^^^^^^^^^^^^^^^^^^^^^^^^^^^^^^^^^^^^^^^^^^^^^^^^^^^^^^^^^^^^^
  6 | import { X } from "lucide-react"
  7 |
  8 | import { cn } from "@/lib/utils"

Import traces:
  Client Component Browser:
    ./components/ui/toast.tsx [Client Component Browser]
    ./components/ui/toaster.tsx [Client Component Browser]
    ./components/ui/toaster.tsx [Server Component]
    ./app/layout.tsx [Server Component]

  Client Component SSR:
    ./components/ui/toast.tsx [Client Component SSR]
    ./components/ui/toaster.tsx [Client Component SSR]
    ./components/ui/toaster.tsx [Server Component]
    ./app/layout.tsx [Server Component]

https://nextjs.org/docs/messages/module-not-found @ http://localhost:3000/_next/static/chunks/node_modules_next_dist_20ud_8w._.js:2099
[ 3125477ms] [ERROR] ./lib/utils.ts:1:1
Module not found: Can't resolve 'clsx'
> 1 | import { type ClassValue, clsx } from "clsx"
    | ^^^^^^^^^^^^^^^^^^^^^^^^^^^^^^^^^^^^^^^^^^^^
  2 | import { twMerge } from "tailwind-merge"
  3 |
  4 | export function cn(...inputs: ClassValue[]) {

Import traces:
  Client Component Browser:
    ./lib/utils.ts [Client Component Browser]
    ./components/ui/toast.tsx [Client Component Browser]
    ./components/ui/toaster.tsx [Client Component Browser]
    ./components/ui/toaster.tsx [Server Component]
    ./app/layout.tsx [Server Component]

  Client Component SSR:
    ./lib/utils.ts [Client Component SSR]
    ./components/ui/toast.tsx [Client Component SSR]
    ./components/ui/toaster.tsx [Client Component SSR]
    ./components/ui/toaster.tsx [Server Component]
    ./app/layout.tsx [Server Component]

https://nextjs.org/docs/messages/module-not-found @ http://localhost:3000/_next/static/chunks/node_modules_next_dist_20ud_8w._.js:2099
[ 3125477ms] [ERROR] ./app/page.tsx:2:1
Module not found: Can't resolve 'lucide-react'
  1 | import Link from "next/link"
> 2 | import { ArrowRight, FileText, GitPullRequest, Share2 } from "lucide-react"
    | ^^^^^^^^^^^^^^^^^^^^^^^^^^^^^^^^^^^^^^^^^^^^^^^^^^^^^^^^^^^^^^^^^^^^^^^^^^^
  3 |
  4 | const chain = [
  5 |   {

https://nextjs.org/docs/messages/module-not-found @ http://localhost:3000/_next/static/chunks/node_modules_next_dist_20ud_8w._.js:2099
[ 3125478ms] [ERROR] ./components/ui/toast.tsx:6:1
Module not found: Can't resolve 'lucide-react'
  4 | import * as ToastPrimitives from "@radix-ui/react-toast"
  5 | import { cva, type VariantProps } from "class-variance-authority"
> 6 | import { X } from "lucide-react"
    | ^^^^^^^^^^^^^^^^^^^^^^^^^^^^^^^^
  7 |
  8 | import { cn } from "@/lib/utils"
  9 |

Import traces:
  Client Component Browser:
    ./components/ui/toast.tsx [Client Component Browser]
    ./components/ui/toaster.tsx [Client Component Browser]
    ./components/ui/toaster.tsx [Server Component]
    ./app/layout.tsx [Server Component]

  Client Component SSR:
    ./components/ui/toast.tsx [Client Component SSR]
    ./components/ui/toaster.tsx [Client Component SSR]
    ./components/ui/toaster.tsx [Server Component]
    ./app/layout.tsx [Server Component]

https://nextjs.org/docs/messages/module-not-found @ http://localhost:3000/_next/static/chunks/node_modules_next_dist_20ud_8w._.js:2099
[ 3125479ms] [ERROR] ./lib/utils.ts:2:1
Module not found: Can't resolve 'tailwind-merge'
  1 | import { type ClassValue, clsx } from "clsx"
> 2 | import { twMerge } from "tailwind-merge"
    | ^^^^^^^^^^^^^^^^^^^^^^^^^^^^^^^^^^^^^^^^
  3 |
  4 | export function cn(...inputs: ClassValue[]) {
  5 |   return twMerge(clsx(inputs))

Import traces:
  Client Component Browser:
    ./lib/utils.ts [Client Component Browser]
    ./components/ui/toast.tsx [Client Component Browser]
    ./components/ui/toaster.tsx [Client Component Browser]
    ./components/ui/toaster.tsx [Server Component]
    ./app/layout.tsx [Server Component]

  Client Component SSR:
    ./lib/utils.ts [Client Component SSR]
    ./components/ui/toast.tsx [Client Component SSR]
    ./components/ui/toaster.tsx [Client Component SSR]
    ./components/ui/toaster.tsx [Server Component]
    ./app/layout.tsx [Server Component]

https://nextjs.org/docs/messages/module-not-found @ http://localhost:3000/_next/static/chunks/node_modules_next_dist_20ud_8w._.js:2099
[ 3125534ms] [LOG] [Fast Refresh] rebuilding @ http://localhost:3000/_next/static/chunks/node_modules_next_dist_20ud_8w._.js:1380
[ 3140420ms] [ERROR] ./app/globals.css
Error evaluating Node.js code
CssSyntaxError: tailwindcss: C:\Users\Lenovo\Desktop\线下黑客松\frontend\app\globals.css:1:1: Can't resolve 'tw-animate-css' in 'C:\Users\Lenovo\Desktop\线下黑客松\frontend\app'
    [at Input.error (turbopack:///[project]/node_modules/postcss/lib/input.js:135:16)]
    [at Root.error (turbopack:///[project]/node_modules/postcss/lib/node.js:166:32)]
    [at Object.Once (C:\Users\Lenovo\Desktop\线下黑客松\frontend\node_modules\@tailwindcss\postcss\dist\index.js:10:7013)]
    [at process.processTicksAndRejections (node:internal/process/task_queues:104:5)]
    [at async LazyResult.runAsync (turbopack:///[project]/node_modules/postcss/lib/lazy-result.js:299:11)]
    [at async transform (turbopack:///[turbopack-node]/transforms/postcss.ts:70:34)]
    [at async run (turbopack:///[turbopack-node]/child_process/evaluate.ts:89:23)]

Import trace:
  Client Component Browser:
    ./app/globals.css [Client Component Browser]
    ./app/layout.tsx [Server Component] @ http://localhost:3000/_next/static/chunks/node_modules_next_dist_20ud_8w._.js:2099
[ 3140422ms] [ERROR] ./components/ui/toast.tsx:4:1
Module not found: Can't resolve '@radix-ui/react-toast'
  2 |
  3 | import * as React from "react"
> 4 | import * as ToastPrimitives from "@radix-ui/react-toast"
    | ^^^^^^^^^^^^^^^^^^^^^^^^^^^^^^^^^^^^^^^^^^^^^^^^^^^^^^^^
  5 | import { cva, type VariantProps } from "class-variance-authority"
  6 | import { X } from "lucide-react"
  7 |

Import traces:
  Client Component Browser:
    ./components/ui/toast.tsx [Client Component Browser]
    ./components/ui/toaster.tsx [Client Component Browser]
    ./components/ui/toaster.tsx [Server Component]
    ./app/layout.tsx [Server Component]

  Client Component SSR:
    ./components/ui/toast.tsx [Client Component SSR]
    ./components/ui/toaster.tsx [Client Component SSR]
    ./components/ui/toaster.tsx [Server Component]
    ./app/layout.tsx [Server Component]

https://nextjs.org/docs/messages/module-not-found @ http://localhost:3000/_next/static/chunks/node_modules_next_dist_20ud_8w._.js:2099
[ 3140426ms] [ERROR] ./components/ui/toast.tsx:5:1
Module not found: Can't resolve 'class-variance-authority'
  3 | import * as React from "react"
  4 | import * as ToastPrimitives from "@radix-ui/react-toast"
> 5 | import { cva, type VariantProps } from "class-variance-authority"
    | ^^^^^^^^^^^^^^^^^^^^^^^^^^^^^^^^^^^^^^^^^^^^^^^^^^^^^^^^^^^^^^^^^
  6 | import { X } from "lucide-react"
  7 |
  8 | import { cn } from "@/lib/utils"

Import traces:
  Client Component Browser:
    ./components/ui/toast.tsx [Client Component Browser]
    ./components/ui/toaster.tsx [Client Component Browser]
    ./components/ui/toaster.tsx [Server Component]
    ./app/layout.tsx [Server Component]

  Client Component SSR:
    ./components/ui/toast.tsx [Client Component SSR]
    ./components/ui/toaster.tsx [Client Component SSR]
    ./components/ui/toaster.tsx [Server Component]
    ./app/layout.tsx [Server Component]

https://nextjs.org/docs/messages/module-not-found @ http://localhost:3000/_next/static/chunks/node_modules_next_dist_20ud_8w._.js:2099
[ 3140428ms] [ERROR] ./lib/utils.ts:1:1
Module not found: Can't resolve 'clsx'
> 1 | import { type ClassValue, clsx } from "clsx"
    | ^^^^^^^^^^^^^^^^^^^^^^^^^^^^^^^^^^^^^^^^^^^^
  2 | import { twMerge } from "tailwind-merge"
  3 |
  4 | export function cn(...inputs: ClassValue[]) {

Import traces:
  Client Component Browser:
    ./lib/utils.ts [Client Component Browser]
    ./components/ui/toast.tsx [Client Component Browser]
    ./components/ui/toaster.tsx [Client Component Browser]
    ./components/ui/toaster.tsx [Server Component]
    ./app/layout.tsx [Server Component]

  Client Component SSR:
    ./lib/utils.ts [Client Component SSR]
    ./components/ui/toast.tsx [Client Component SSR]
    ./components/ui/toaster.tsx [Client Component SSR]
    ./components/ui/toaster.tsx [Server Component]
    ./app/layout.tsx [Server Component]

https://nextjs.org/docs/messages/module-not-found @ http://localhost:3000/_next/static/chunks/node_modules_next_dist_20ud_8w._.js:2099
[ 3140429ms] [ERROR] ./app/page.tsx:2:1
Module not found: Can't resolve 'lucide-react'
  1 | import Link from "next/link"
> 2 | import { ArrowRight, FileText, GitPullRequest, Share2 } from "lucide-react"
    | ^^^^^^^^^^^^^^^^^^^^^^^^^^^^^^^^^^^^^^^^^^^^^^^^^^^^^^^^^^^^^^^^^^^^^^^^^^^
  3 |
  4 | const chain = [
  5 |   {

https://nextjs.org/docs/messages/module-not-found @ http://localhost:3000/_next/static/chunks/node_modules_next_dist_20ud_8w._.js:2099
[ 3140431ms] [ERROR] ./components/ui/toast.tsx:6:1
Module not found: Can't resolve 'lucide-react'
  4 | import * as ToastPrimitives from "@radix-ui/react-toast"
  5 | import { cva, type VariantProps } from "class-variance-authority"
> 6 | import { X } from "lucide-react"
    | ^^^^^^^^^^^^^^^^^^^^^^^^^^^^^^^^
  7 |
  8 | import { cn } from "@/lib/utils"
  9 |

Import traces:
  Client Component Browser:
    ./components/ui/toast.tsx [Client Component Browser]
    ./components/ui/toaster.tsx [Client Component Browser]
    ./components/ui/toaster.tsx [Server Component]
    ./app/layout.tsx [Server Component]

  Client Component SSR:
    ./components/ui/toast.tsx [Client Component SSR]
    ./components/ui/toaster.tsx [Client Component SSR]
    ./components/ui/toaster.tsx [Server Component]
    ./app/layout.tsx [Server Component]

https://nextjs.org/docs/messages/module-not-found @ http://localhost:3000/_next/static/chunks/node_modules_next_dist_20ud_8w._.js:2099
[ 3140432ms] [ERROR] ./lib/utils.ts:2:1
Module not found: Can't resolve 'tailwind-merge'
  1 | import { type ClassValue, clsx } from "clsx"
> 2 | import { twMerge } from "tailwind-merge"
    | ^^^^^^^^^^^^^^^^^^^^^^^^^^^^^^^^^^^^^^^^
  3 |
  4 | export function cn(...inputs: ClassValue[]) {
  5 |   return twMerge(clsx(inputs))

Import traces:
  Client Component Browser:
    ./lib/utils.ts [Client Component Browser]
    ./components/ui/toast.tsx [Client Component Browser]
    ./components/ui/toaster.tsx [Client Component Browser]
    ./components/ui/toaster.tsx [Server Component]
    ./app/layout.tsx [Server Component]

  Client Component SSR:
    ./lib/utils.ts [Client Component SSR]
    ./components/ui/toast.tsx [Client Component SSR]
    ./components/ui/toaster.tsx [Client Component SSR]
    ./components/ui/toaster.tsx [Server Component]
    ./app/layout.tsx [Server Component]

https://nextjs.org/docs/messages/module-not-found @ http://localhost:3000/_next/static/chunks/node_modules_next_dist_20ud_8w._.js:2099
[ 3140510ms] [ERROR] ./app/globals.css
Error evaluating Node.js code
CssSyntaxError: tailwindcss: C:\Users\Lenovo\Desktop\线下黑客松\frontend\app\globals.css:1:1: Can't resolve 'tw-animate-css' in 'C:\Users\Lenovo\Desktop\线下黑客松\frontend\app'
    [at Input.error (turbopack:///[project]/node_modules/postcss/lib/input.js:135:16)]
    [at Root.error (turbopack:///[project]/node_modules/postcss/lib/node.js:166:32)]
    [at Object.Once (C:\Users\Lenovo\Desktop\线下黑客松\frontend\node_modules\@tailwindcss\postcss\dist\index.js:10:7013)]
    [at process.processTicksAndRejections (node:internal/process/task_queues:104:5)]
    [at async LazyResult.runAsync (turbopack:///[project]/node_modules/postcss/lib/lazy-result.js:299:11)]
    [at async transform (turbopack:///[turbopack-node]/transforms/postcss.ts:70:34)]
    [at async run (turbopack:///[turbopack-node]/child_process/evaluate.ts:89:23)]

Import trace:
  Client Component Browser:
    ./app/globals.css [Client Component Browser]
    ./app/layout.tsx [Server Component] @ http://localhost:3000/_next/static/chunks/node_modules_next_dist_20ud_8w._.js:2099
[ 3140511ms] [ERROR] ./components/ui/toast.tsx:4:1
Module not found: Can't resolve '@radix-ui/react-toast'
  2 |
  3 | import * as React from "react"
> 4 | import * as ToastPrimitives from "@radix-ui/react-toast"
    | ^^^^^^^^^^^^^^^^^^^^^^^^^^^^^^^^^^^^^^^^^^^^^^^^^^^^^^^^
  5 | import { cva, type VariantProps } from "class-variance-authority"
  6 | import { X } from "lucide-react"
  7 |

Import traces:
  Client Component Browser:
    ./components/ui/toast.tsx [Client Component Browser]
    ./components/ui/toaster.tsx [Client Component Browser]
    ./components/ui/toaster.tsx [Server Component]
    ./app/layout.tsx [Server Component]

  Client Component SSR:
    ./components/ui/toast.tsx [Client Component SSR]
    ./components/ui/toaster.tsx [Client Component SSR]
    ./components/ui/toaster.tsx [Server Component]
    ./app/layout.tsx [Server Component]

https://nextjs.org/docs/messages/module-not-found @ http://localhost:3000/_next/static/chunks/node_modules_next_dist_20ud_8w._.js:2099
[ 3140511ms] [ERROR] ./components/ui/toast.tsx:5:1
Module not found: Can't resolve 'class-variance-authority'
  3 | import * as React from "react"
  4 | import * as ToastPrimitives from "@radix-ui/react-toast"
> 5 | import { cva, type VariantProps } from "class-variance-authority"
    | ^^^^^^^^^^^^^^^^^^^^^^^^^^^^^^^^^^^^^^^^^^^^^^^^^^^^^^^^^^^^^^^^^
  6 | import { X } from "lucide-react"
  7 |
  8 | import { cn } from "@/lib/utils"

Import traces:
  Client Component Browser:
    ./components/ui/toast.tsx [Client Component Browser]
    ./components/ui/toaster.tsx [Client Component Browser]
    ./components/ui/toaster.tsx [Server Component]
    ./app/layout.tsx [Server Component]

  Client Component SSR:
    ./components/ui/toast.tsx [Client Component SSR]
    ./components/ui/toaster.tsx [Client Component SSR]
    ./components/ui/toaster.tsx [Server Component]
    ./app/layout.tsx [Server Component]

https://nextjs.org/docs/messages/module-not-found @ http://localhost:3000/_next/static/chunks/node_modules_next_dist_20ud_8w._.js:2099
[ 3140512ms] [ERROR] ./lib/utils.ts:1:1
Module not found: Can't resolve 'clsx'
> 1 | import { type ClassValue, clsx } from "clsx"
    | ^^^^^^^^^^^^^^^^^^^^^^^^^^^^^^^^^^^^^^^^^^^^
  2 | import { twMerge } from "tailwind-merge"
  3 |
  4 | export function cn(...inputs: ClassValue[]) {

Import traces:
  Client Component Browser:
    ./lib/utils.ts [Client Component Browser]
    ./components/ui/toast.tsx [Client Component Browser]
    ./components/ui/toaster.tsx [Client Component Browser]
    ./components/ui/toaster.tsx [Server Component]
    ./app/layout.tsx [Server Component]

  Client Component SSR:
    ./lib/utils.ts [Client Component SSR]
    ./components/ui/toast.tsx [Client Component SSR]
    ./components/ui/toaster.tsx [Client Component SSR]
    ./components/ui/toaster.tsx [Server Component]
    ./app/layout.tsx [Server Component]

https://nextjs.org/docs/messages/module-not-found @ http://localhost:3000/_next/static/chunks/node_modules_next_dist_20ud_8w._.js:2099
[ 3140513ms] [ERROR] ./app/page.tsx:2:1
Module not found: Can't resolve 'lucide-react'
  1 | import Link from "next/link"
> 2 | import { ArrowRight, FileText, GitPullRequest, Share2 } from "lucide-react"
    | ^^^^^^^^^^^^^^^^^^^^^^^^^^^^^^^^^^^^^^^^^^^^^^^^^^^^^^^^^^^^^^^^^^^^^^^^^^^
  3 |
  4 | const chain = [
  5 |   {

https://nextjs.org/docs/messages/module-not-found @ http://localhost:3000/_next/static/chunks/node_modules_next_dist_20ud_8w._.js:2099
[ 3140514ms] [ERROR] ./components/ui/toast.tsx:6:1
Module not found: Can't resolve 'lucide-react'
  4 | import * as ToastPrimitives from "@radix-ui/react-toast"
  5 | import { cva, type VariantProps } from "class-variance-authority"
> 6 | import { X } from "lucide-react"
    | ^^^^^^^^^^^^^^^^^^^^^^^^^^^^^^^^
  7 |
  8 | import { cn } from "@/lib/utils"
  9 |

Import traces:
  Client Component Browser:
    ./components/ui/toast.tsx [Client Component Browser]
    ./components/ui/toaster.tsx [Client Component Browser]
    ./components/ui/toaster.tsx [Server Component]
    ./app/layout.tsx [Server Component]

  Client Component SSR:
    ./components/ui/toast.tsx [Client Component SSR]
    ./components/ui/toaster.tsx [Client Component SSR]
    ./components/ui/toaster.tsx [Server Component]
    ./app/layout.tsx [Server Component]

https://nextjs.org/docs/messages/module-not-found @ http://localhost:3000/_next/static/chunks/node_modules_next_dist_20ud_8w._.js:2099
[ 3140514ms] [ERROR] ./lib/utils.ts:2:1
Module not found: Can't resolve 'tailwind-merge'
  1 | import { type ClassValue, clsx } from "clsx"
> 2 | import { twMerge } from "tailwind-merge"
    | ^^^^^^^^^^^^^^^^^^^^^^^^^^^^^^^^^^^^^^^^
  3 |
  4 | export function cn(...inputs: ClassValue[]) {
  5 |   return twMerge(clsx(inputs))

Import traces:
  Client Component Browser:
    ./lib/utils.ts [Client Component Browser]
    ./components/ui/toast.tsx [Client Component Browser]
    ./components/ui/toaster.tsx [Client Component Browser]
    ./components/ui/toaster.tsx [Server Component]
    ./app/layout.tsx [Server Component]

  Client Component SSR:
    ./lib/utils.ts [Client Component SSR]
    ./components/ui/toast.tsx [Client Component SSR]
    ./components/ui/toaster.tsx [Client Component SSR]
    ./components/ui/toaster.tsx [Server Component]
    ./app/layout.tsx [Server Component]

https://nextjs.org/docs/messages/module-not-found @ http://localhost:3000/_next/static/chunks/node_modules_next_dist_20ud_8w._.js:2099
[ 3140567ms] [LOG] [Fast Refresh] rebuilding @ http://localhost:3000/_next/static/chunks/node_modules_next_dist_20ud_8w._.js:1380
[ 3165462ms] [ERROR] ./app/globals.css
Error evaluating Node.js code
CssSyntaxError: tailwindcss: C:\Users\Lenovo\Desktop\线下黑客松\frontend\app\globals.css:1:1: Can't resolve 'tw-animate-css' in 'C:\Users\Lenovo\Desktop\线下黑客松\frontend\app'
    [at Input.error (turbopack:///[project]/node_modules/postcss/lib/input.js:135:16)]
    [at Root.error (turbopack:///[project]/node_modules/postcss/lib/node.js:166:32)]
    [at Object.Once (C:\Users\Lenovo\Desktop\线下黑客松\frontend\node_modules\@tailwindcss\postcss\dist\index.js:10:7013)]
    [at process.processTicksAndRejections (node:internal/process/task_queues:104:5)]
    [at async LazyResult.runAsync (turbopack:///[project]/node_modules/postcss/lib/lazy-result.js:299:11)]
    [at async transform (turbopack:///[turbopack-node]/transforms/postcss.ts:70:34)]
    [at async run (turbopack:///[turbopack-node]/child_process/evaluate.ts:89:23)]

Import trace:
  Client Component Browser:
    ./app/globals.css [Client Component Browser]
    ./app/layout.tsx [Server Component] @ http://localhost:3000/_next/static/chunks/node_modules_next_dist_20ud_8w._.js:2099
[ 3165464ms] [ERROR] ./components/ui/toast.tsx:4:1
Module not found: Can't resolve '@radix-ui/react-toast'
  2 |
  3 | import * as React from "react"
> 4 | import * as ToastPrimitives from "@radix-ui/react-toast"
    | ^^^^^^^^^^^^^^^^^^^^^^^^^^^^^^^^^^^^^^^^^^^^^^^^^^^^^^^^
  5 | import { cva, type VariantProps } from "class-variance-authority"
  6 | import { X } from "lucide-react"
  7 |

Import traces:
  Client Component Browser:
    ./components/ui/toast.tsx [Client Component Browser]
    ./components/ui/toaster.tsx [Client Component Browser]
    ./components/ui/toaster.tsx [Server Component]
    ./app/layout.tsx [Server Component]

  Client Component SSR:
    ./components/ui/toast.tsx [Client Component SSR]
    ./components/ui/toaster.tsx [Client Component SSR]
    ./components/ui/toaster.tsx [Server Component]
    ./app/layout.tsx [Server Component]

https://nextjs.org/docs/messages/module-not-found @ http://localhost:3000/_next/static/chunks/node_modules_next_dist_20ud_8w._.js:2099
[ 3165466ms] [ERROR] ./components/ui/toast.tsx:5:1
Module not found: Can't resolve 'class-variance-authority'
  3 | import * as React from "react"
  4 | import * as ToastPrimitives from "@radix-ui/react-toast"
> 5 | import { cva, type VariantProps } from "class-variance-authority"
    | ^^^^^^^^^^^^^^^^^^^^^^^^^^^^^^^^^^^^^^^^^^^^^^^^^^^^^^^^^^^^^^^^^
  6 | import { X } from "lucide-react"
  7 |
  8 | import { cn } from "@/lib/utils"

Import traces:
  Client Component Browser:
    ./components/ui/toast.tsx [Client Component Browser]
    ./components/ui/toaster.tsx [Client Component Browser]
    ./components/ui/toaster.tsx [Server Component]
    ./app/layout.tsx [Server Component]

  Client Component SSR:
    ./components/ui/toast.tsx [Client Component SSR]
    ./components/ui/toaster.tsx [Client Component SSR]
    ./components/ui/toaster.tsx [Server Component]
    ./app/layout.tsx [Server Component]

https://nextjs.org/docs/messages/module-not-found @ http://localhost:3000/_next/static/chunks/node_modules_next_dist_20ud_8w._.js:2099
[ 3165468ms] [ERROR] ./lib/utils.ts:1:1
Module not found: Can't resolve 'clsx'
> 1 | import { type ClassValue, clsx } from "clsx"
    | ^^^^^^^^^^^^^^^^^^^^^^^^^^^^^^^^^^^^^^^^^^^^
  2 | import { twMerge } from "tailwind-merge"
  3 |
  4 | export function cn(...inputs: ClassValue[]) {

Import traces:
  Client Component Browser:
    ./lib/utils.ts [Client Component Browser]
    ./components/ui/toast.tsx [Client Component Browser]
    ./components/ui/toaster.tsx [Client Component Browser]
    ./components/ui/toaster.tsx [Server Component]
    ./app/layout.tsx [Server Component]

  Client Component SSR:
    ./lib/utils.ts [Client Component SSR]
    ./components/ui/toast.tsx [Client Component SSR]
    ./components/ui/toaster.tsx [Client Component SSR]
    ./components/ui/toaster.tsx [Server Component]
    ./app/layout.tsx [Server Component]

https://nextjs.org/docs/messages/module-not-found @ http://localhost:3000/_next/static/chunks/node_modules_next_dist_20ud_8w._.js:2099
[ 3165469ms] [ERROR] ./app/page.tsx:2:1
Module not found: Can't resolve 'lucide-react'
  1 | import Link from "next/link"
> 2 | import { ArrowRight, FileText, GitPullRequest, Share2 } from "lucide-react"
    | ^^^^^^^^^^^^^^^^^^^^^^^^^^^^^^^^^^^^^^^^^^^^^^^^^^^^^^^^^^^^^^^^^^^^^^^^^^^
  3 |
  4 | const chain = [
  5 |   {

https://nextjs.org/docs/messages/module-not-found @ http://localhost:3000/_next/static/chunks/node_modules_next_dist_20ud_8w._.js:2099
[ 3165470ms] [ERROR] ./components/ui/toast.tsx:6:1
Module not found: Can't resolve 'lucide-react'
  4 | import * as ToastPrimitives from "@radix-ui/react-toast"
  5 | import { cva, type VariantProps } from "class-variance-authority"
> 6 | import { X } from "lucide-react"
    | ^^^^^^^^^^^^^^^^^^^^^^^^^^^^^^^^
  7 |
  8 | import { cn } from "@/lib/utils"
  9 |

Import traces:
  Client Component Browser:
    ./components/ui/toast.tsx [Client Component Browser]
    ./components/ui/toaster.tsx [Client Component Browser]
    ./components/ui/toaster.tsx [Server Component]
    ./app/layout.tsx [Server Component]

  Client Component SSR:
    ./components/ui/toast.tsx [Client Component SSR]
    ./components/ui/toaster.tsx [Client Component SSR]
    ./components/ui/toaster.tsx [Server Component]
    ./app/layout.tsx [Server Component]

https://nextjs.org/docs/messages/module-not-found @ http://localhost:3000/_next/static/chunks/node_modules_next_dist_20ud_8w._.js:2099
[ 3165471ms] [ERROR] ./lib/utils.ts:2:1
Module not found: Can't resolve 'tailwind-merge'
  1 | import { type ClassValue, clsx } from "clsx"
> 2 | import { twMerge } from "tailwind-merge"
    | ^^^^^^^^^^^^^^^^^^^^^^^^^^^^^^^^^^^^^^^^
  3 |
  4 | export function cn(...inputs: ClassValue[]) {
  5 |   return twMerge(clsx(inputs))

Import traces:
  Client Component Browser:
    ./lib/utils.ts [Client Component Browser]
    ./components/ui/toast.tsx [Client Component Browser]
    ./components/ui/toaster.tsx [Client Component Browser]
    ./components/ui/toaster.tsx [Server Component]
    ./app/layout.tsx [Server Component]

  Client Component SSR:
    ./lib/utils.ts [Client Component SSR]
    ./components/ui/toast.tsx [Client Component SSR]
    ./components/ui/toaster.tsx [Client Component SSR]
    ./components/ui/toaster.tsx [Server Component]
    ./app/layout.tsx [Server Component]

https://nextjs.org/docs/messages/module-not-found @ http://localhost:3000/_next/static/chunks/node_modules_next_dist_20ud_8w._.js:2099
[ 3165504ms] [LOG] [Fast Refresh] rebuilding @ http://localhost:3000/_next/static/chunks/node_modules_next_dist_20ud_8w._.js:1380
[ 3165560ms] [ERROR] ./app/globals.css
Error evaluating Node.js code
CssSyntaxError: tailwindcss: C:\Users\Lenovo\Desktop\线下黑客松\frontend\app\globals.css:1:1: Can't resolve 'tw-animate-css' in 'C:\Users\Lenovo\Desktop\线下黑客松\frontend\app'
    [at Input.error (turbopack:///[project]/node_modules/postcss/lib/input.js:135:16)]
    [at Root.error (turbopack:///[project]/node_modules/postcss/lib/node.js:166:32)]
    [at Object.Once (C:\Users\Lenovo\Desktop\线下黑客松\frontend\node_modules\@tailwindcss\postcss\dist\index.js:10:7013)]
    [at process.processTicksAndRejections (node:internal/process/task_queues:104:5)]
    [at async LazyResult.runAsync (turbopack:///[project]/node_modules/postcss/lib/lazy-result.js:299:11)]
    [at async transform (turbopack:///[turbopack-node]/transforms/postcss.ts:70:34)]
    [at async run (turbopack:///[turbopack-node]/child_process/evaluate.ts:89:23)]

Import trace:
  Client Component Browser:
    ./app/globals.css [Client Component Browser]
    ./app/layout.tsx [Server Component] @ http://localhost:3000/_next/static/chunks/node_modules_next_dist_20ud_8w._.js:2099
[ 3165562ms] [ERROR] ./components/ui/toast.tsx:4:1
Module not found: Can't resolve '@radix-ui/react-toast'
  2 |
  3 | import * as React from "react"
> 4 | import * as ToastPrimitives from "@radix-ui/react-toast"
    | ^^^^^^^^^^^^^^^^^^^^^^^^^^^^^^^^^^^^^^^^^^^^^^^^^^^^^^^^
  5 | import { cva, type VariantProps } from "class-variance-authority"
  6 | import { X } from "lucide-react"
  7 |

Import traces:
  Client Component Browser:
    ./components/ui/toast.tsx [Client Component Browser]
    ./components/ui/toaster.tsx [Client Component Browser]
    ./components/ui/toaster.tsx [Server Component]
    ./app/layout.tsx [Server Component]

  Client Component SSR:
    ./components/ui/toast.tsx [Client Component SSR]
    ./components/ui/toaster.tsx [Client Component SSR]
    ./components/ui/toaster.tsx [Server Component]
    ./app/layout.tsx [Server Component]

https://nextjs.org/docs/messages/module-not-found @ http://localhost:3000/_next/static/chunks/node_modules_next_dist_20ud_8w._.js:2099
[ 3165563ms] [ERROR] ./components/ui/toast.tsx:5:1
Module not found: Can't resolve 'class-variance-authority'
  3 | import * as React from "react"
  4 | import * as ToastPrimitives from "@radix-ui/react-toast"
> 5 | import { cva, type VariantProps } from "class-variance-authority"
    | ^^^^^^^^^^^^^^^^^^^^^^^^^^^^^^^^^^^^^^^^^^^^^^^^^^^^^^^^^^^^^^^^^
  6 | import { X } from "lucide-react"
  7 |
  8 | import { cn } from "@/lib/utils"

Import traces:
  Client Component Browser:
    ./components/ui/toast.tsx [Client Component Browser]
    ./components/ui/toaster.tsx [Client Component Browser]
    ./components/ui/toaster.tsx [Server Component]
    ./app/layout.tsx [Server Component]

  Client Component SSR:
    ./components/ui/toast.tsx [Client Component SSR]
    ./components/ui/toaster.tsx [Client Component SSR]
    ./components/ui/toaster.tsx [Server Component]
    ./app/layout.tsx [Server Component]

https://nextjs.org/docs/messages/module-not-found @ http://localhost:3000/_next/static/chunks/node_modules_next_dist_20ud_8w._.js:2099
[ 3165565ms] [ERROR] ./lib/utils.ts:1:1
Module not found: Can't resolve 'clsx'
> 1 | import { type ClassValue, clsx } from "clsx"
    | ^^^^^^^^^^^^^^^^^^^^^^^^^^^^^^^^^^^^^^^^^^^^
  2 | import { twMerge } from "tailwind-merge"
  3 |
  4 | export function cn(...inputs: ClassValue[]) {

Import traces:
  Client Component Browser:
    ./lib/utils.ts [Client Component Browser]
    ./components/ui/toast.tsx [Client Component Browser]
    ./components/ui/toaster.tsx [Client Component Browser]
    ./components/ui/toaster.tsx [Server Component]
    ./app/layout.tsx [Server Component]

  Client Component SSR:
    ./lib/utils.ts [Client Component SSR]
    ./components/ui/toast.tsx [Client Component SSR]
    ./components/ui/toaster.tsx [Client Component SSR]
    ./components/ui/toaster.tsx [Server Component]
    ./app/layout.tsx [Server Component]

https://nextjs.org/docs/messages/module-not-found @ http://localhost:3000/_next/static/chunks/node_modules_next_dist_20ud_8w._.js:2099
[ 3165566ms] [ERROR] ./app/page.tsx:2:1
Module not found: Can't resolve 'lucide-react'
  1 | import Link from "next/link"
> 2 | import { ArrowRight, FileText, GitPullRequest, Share2 } from "lucide-react"
    | ^^^^^^^^^^^^^^^^^^^^^^^^^^^^^^^^^^^^^^^^^^^^^^^^^^^^^^^^^^^^^^^^^^^^^^^^^^^
  3 |
  4 | const chain = [
  5 |   {

https://nextjs.org/docs/messages/module-not-found @ http://localhost:3000/_next/static/chunks/node_modules_next_dist_20ud_8w._.js:2099
[ 3165567ms] [ERROR] ./components/ui/toast.tsx:6:1
Module not found: Can't resolve 'lucide-react'
  4 | import * as ToastPrimitives from "@radix-ui/react-toast"
  5 | import { cva, type VariantProps } from "class-variance-authority"
> 6 | import { X } from "lucide-react"
    | ^^^^^^^^^^^^^^^^^^^^^^^^^^^^^^^^
  7 |
  8 | import { cn } from "@/lib/utils"
  9 |

Import traces:
  Client Component Browser:
    ./components/ui/toast.tsx [Client Component Browser]
    ./components/ui/toaster.tsx [Client Component Browser]
    ./components/ui/toaster.tsx [Server Component]
    ./app/layout.tsx [Server Component]

  Client Component SSR:
    ./components/ui/toast.tsx [Client Component SSR]
    ./components/ui/toaster.tsx [Client Component SSR]
    ./components/ui/toaster.tsx [Server Component]
    ./app/layout.tsx [Server Component]

https://nextjs.org/docs/messages/module-not-found @ http://localhost:3000/_next/static/chunks/node_modules_next_dist_20ud_8w._.js:2099
[ 3165568ms] [ERROR] ./lib/utils.ts:2:1
Module not found: Can't resolve 'tailwind-merge'
  1 | import { type ClassValue, clsx } from "clsx"
> 2 | import { twMerge } from "tailwind-merge"
    | ^^^^^^^^^^^^^^^^^^^^^^^^^^^^^^^^^^^^^^^^
  3 |
  4 | export function cn(...inputs: ClassValue[]) {
  5 |   return twMerge(clsx(inputs))

Import traces:
  Client Component Browser:
    ./lib/utils.ts [Client Component Browser]
    ./components/ui/toast.tsx [Client Component Browser]
    ./components/ui/toaster.tsx [Client Component Browser]
    ./components/ui/toaster.tsx [Server Component]
    ./app/layout.tsx [Server Component]

  Client Component SSR:
    ./lib/utils.ts [Client Component SSR]
    ./components/ui/toast.tsx [Client Component SSR]
    ./components/ui/toaster.tsx [Client Component SSR]
    ./components/ui/toaster.tsx [Server Component]
    ./app/layout.tsx [Server Component]

https://nextjs.org/docs/messages/module-not-found @ http://localhost:3000/_next/static/chunks/node_modules_next_dist_20ud_8w._.js:2099
[ 3165616ms] [LOG] [Fast Refresh] rebuilding @ http://localhost:3000/_next/static/chunks/node_modules_next_dist_20ud_8w._.js:1380
[ 3185808ms] [ERROR] ./app/globals.css
Error evaluating Node.js code
CssSyntaxError: tailwindcss: C:\Users\Lenovo\Desktop\线下黑客松\frontend\app\globals.css:1:1: Can't resolve 'tw-animate-css' in 'C:\Users\Lenovo\Desktop\线下黑客松\frontend\app'
    [at Input.error (turbopack:///[project]/node_modules/postcss/lib/input.js:135:16)]
    [at Root.error (turbopack:///[project]/node_modules/postcss/lib/node.js:166:32)]
    [at Object.Once (C:\Users\Lenovo\Desktop\线下黑客松\frontend\node_modules\@tailwindcss\postcss\dist\index.js:10:7013)]
    [at process.processTicksAndRejections (node:internal/process/task_queues:104:5)]
    [at async LazyResult.runAsync (turbopack:///[project]/node_modules/postcss/lib/lazy-result.js:299:11)]
    [at async transform (turbopack:///[turbopack-node]/transforms/postcss.ts:70:34)]
    [at async run (turbopack:///[turbopack-node]/child_process/evaluate.ts:89:23)]

Import trace:
  Client Component Browser:
    ./app/globals.css [Client Component Browser]
    ./app/layout.tsx [Server Component] @ http://localhost:3000/_next/static/chunks/node_modules_next_dist_20ud_8w._.js:2099
[ 3185811ms] [ERROR] ./components/ui/toast.tsx:4:1
Module not found: Can't resolve '@radix-ui/react-toast'
  2 |
  3 | import * as React from "react"
> 4 | import * as ToastPrimitives from "@radix-ui/react-toast"
    | ^^^^^^^^^^^^^^^^^^^^^^^^^^^^^^^^^^^^^^^^^^^^^^^^^^^^^^^^
  5 | import { cva, type VariantProps } from "class-variance-authority"
  6 | import { X } from "lucide-react"
  7 |

Import traces:
  Client Component Browser:
    ./components/ui/toast.tsx [Client Component Browser]
    ./components/ui/toaster.tsx [Client Component Browser]
    ./components/ui/toaster.tsx [Server Component]
    ./app/layout.tsx [Server Component]

  Client Component SSR:
    ./components/ui/toast.tsx [Client Component SSR]
    ./components/ui/toaster.tsx [Client Component SSR]
    ./components/ui/toaster.tsx [Server Component]
    ./app/layout.tsx [Server Component]

https://nextjs.org/docs/messages/module-not-found @ http://localhost:3000/_next/static/chunks/node_modules_next_dist_20ud_8w._.js:2099
[ 3185813ms] [ERROR] ./components/ui/toast.tsx:5:1
Module not found: Can't resolve 'class-variance-authority'
  3 | import * as React from "react"
  4 | import * as ToastPrimitives from "@radix-ui/react-toast"
> 5 | import { cva, type VariantProps } from "class-variance-authority"
    | ^^^^^^^^^^^^^^^^^^^^^^^^^^^^^^^^^^^^^^^^^^^^^^^^^^^^^^^^^^^^^^^^^
  6 | import { X } from "lucide-react"
  7 |
  8 | import { cn } from "@/lib/utils"

Import traces:
  Client Component Browser:
    ./components/ui/toast.tsx [Client Component Browser]
    ./components/ui/toaster.tsx [Client Component Browser]
    ./components/ui/toaster.tsx [Server Component]
    ./app/layout.tsx [Server Component]

  Client Component SSR:
    ./components/ui/toast.tsx [Client Component SSR]
    ./components/ui/toaster.tsx [Client Component SSR]
    ./components/ui/toaster.tsx [Server Component]
    ./app/layout.tsx [Server Component]

https://nextjs.org/docs/messages/module-not-found @ http://localhost:3000/_next/static/chunks/node_modules_next_dist_20ud_8w._.js:2099
[ 3185815ms] [ERROR] ./lib/utils.ts:1:1
Module not found: Can't resolve 'clsx'
> 1 | import { type ClassValue, clsx } from "clsx"
    | ^^^^^^^^^^^^^^^^^^^^^^^^^^^^^^^^^^^^^^^^^^^^
  2 | import { twMerge } from "tailwind-merge"
  3 |
  4 | export function cn(...inputs: ClassValue[]) {

Import traces:
  Client Component Browser:
    ./lib/utils.ts [Client Component Browser]
    ./components/ui/toast.tsx [Client Component Browser]
    ./components/ui/toaster.tsx [Client Component Browser]
    ./components/ui/toaster.tsx [Server Component]
    ./app/layout.tsx [Server Component]

  Client Component SSR:
    ./lib/utils.ts [Client Component SSR]
    ./components/ui/toast.tsx [Client Component SSR]
    ./components/ui/toaster.tsx [Client Component SSR]
    ./components/ui/toaster.tsx [Server Component]
    ./app/layout.tsx [Server Component]

https://nextjs.org/docs/messages/module-not-found @ http://localhost:3000/_next/static/chunks/node_modules_next_dist_20ud_8w._.js:2099
[ 3185820ms] [ERROR] ./app/page.tsx:2:1
Module not found: Can't resolve 'lucide-react'
  1 | import Link from "next/link"
> 2 | import { ArrowRight, FileText, GitPullRequest, Share2 } from "lucide-react"
    | ^^^^^^^^^^^^^^^^^^^^^^^^^^^^^^^^^^^^^^^^^^^^^^^^^^^^^^^^^^^^^^^^^^^^^^^^^^^
  3 |
  4 | const chain = [
  5 |   {

https://nextjs.org/docs/messages/module-not-found @ http://localhost:3000/_next/static/chunks/node_modules_next_dist_20ud_8w._.js:2099
[ 3185821ms] [ERROR] ./components/ui/toast.tsx:6:1
Module not found: Can't resolve 'lucide-react'
  4 | import * as ToastPrimitives from "@radix-ui/react-toast"
  5 | import { cva, type VariantProps } from "class-variance-authority"
> 6 | import { X } from "lucide-react"
    | ^^^^^^^^^^^^^^^^^^^^^^^^^^^^^^^^
  7 |
  8 | import { cn } from "@/lib/utils"
  9 |

Import traces:
  Client Component Browser:
    ./components/ui/toast.tsx [Client Component Browser]
    ./components/ui/toaster.tsx [Client Component Browser]
    ./components/ui/toaster.tsx [Server Component]
    ./app/layout.tsx [Server Component]

  Client Component SSR:
    ./components/ui/toast.tsx [Client Component SSR]
    ./components/ui/toaster.tsx [Client Component SSR]
    ./components/ui/toaster.tsx [Server Component]
    ./app/layout.tsx [Server Component]

https://nextjs.org/docs/messages/module-not-found @ http://localhost:3000/_next/static/chunks/node_modules_next_dist_20ud_8w._.js:2099
[ 3185822ms] [ERROR] ./lib/utils.ts:2:1
Module not found: Can't resolve 'tailwind-merge'
  1 | import { type ClassValue, clsx } from "clsx"
> 2 | import { twMerge } from "tailwind-merge"
    | ^^^^^^^^^^^^^^^^^^^^^^^^^^^^^^^^^^^^^^^^
  3 |
  4 | export function cn(...inputs: ClassValue[]) {
  5 |   return twMerge(clsx(inputs))

Import traces:
  Client Component Browser:
    ./lib/utils.ts [Client Component Browser]
    ./components/ui/toast.tsx [Client Component Browser]
    ./components/ui/toaster.tsx [Client Component Browser]
    ./components/ui/toaster.tsx [Server Component]
    ./app/layout.tsx [Server Component]

  Client Component SSR:
    ./lib/utils.ts [Client Component SSR]
    ./components/ui/toast.tsx [Client Component SSR]
    ./components/ui/toaster.tsx [Client Component SSR]
    ./components/ui/toaster.tsx [Server Component]
    ./app/layout.tsx [Server Component]

https://nextjs.org/docs/messages/module-not-found @ http://localhost:3000/_next/static/chunks/node_modules_next_dist_20ud_8w._.js:2099
[ 3185846ms] [LOG] [Fast Refresh] rebuilding @ http://localhost:3000/_next/static/chunks/node_modules_next_dist_20ud_8w._.js:1380
[ 3196769ms] [ERROR] ./app/globals.css
Error evaluating Node.js code
CssSyntaxError: tailwindcss: C:\Users\Lenovo\Desktop\线下黑客松\frontend\app\globals.css:1:1: Can't resolve 'tw-animate-css' in 'C:\Users\Lenovo\Desktop\线下黑客松\frontend\app'
    [at Input.error (turbopack:///[project]/node_modules/postcss/lib/input.js:135:16)]
    [at Root.error (turbopack:///[project]/node_modules/postcss/lib/node.js:166:32)]
    [at Object.Once (C:\Users\Lenovo\Desktop\线下黑客松\frontend\node_modules\@tailwindcss\postcss\dist\index.js:10:7013)]
    [at process.processTicksAndRejections (node:internal/process/task_queues:104:5)]
    [at async LazyResult.runAsync (turbopack:///[project]/node_modules/postcss/lib/lazy-result.js:299:11)]
    [at async transform (turbopack:///[turbopack-node]/transforms/postcss.ts:70:34)]
    [at async run (turbopack:///[turbopack-node]/child_process/evaluate.ts:89:23)]

Import trace:
  Client Component Browser:
    ./app/globals.css [Client Component Browser]
    ./app/layout.tsx [Server Component] @ http://localhost:3000/_next/static/chunks/node_modules_next_dist_20ud_8w._.js:2099
[ 3196770ms] [ERROR] ./components/ui/toast.tsx:4:1
Module not found: Can't resolve '@radix-ui/react-toast'
  2 |
  3 | import * as React from "react"
> 4 | import * as ToastPrimitives from "@radix-ui/react-toast"
    | ^^^^^^^^^^^^^^^^^^^^^^^^^^^^^^^^^^^^^^^^^^^^^^^^^^^^^^^^
  5 | import { cva, type VariantProps } from "class-variance-authority"
  6 | import { X } from "lucide-react"
  7 |

Import traces:
  Client Component Browser:
    ./components/ui/toast.tsx [Client Component Browser]
    ./components/ui/toaster.tsx [Client Component Browser]
    ./components/ui/toaster.tsx [Server Component]
    ./app/layout.tsx [Server Component]

  Client Component SSR:
    ./components/ui/toast.tsx [Client Component SSR]
    ./components/ui/toaster.tsx [Client Component SSR]
    ./components/ui/toaster.tsx [Server Component]
    ./app/layout.tsx [Server Component]

https://nextjs.org/docs/messages/module-not-found @ http://localhost:3000/_next/static/chunks/node_modules_next_dist_20ud_8w._.js:2099
[ 3196773ms] [ERROR] ./components/ui/toast.tsx:5:1
Module not found: Can't resolve 'class-variance-authority'
  3 | import * as React from "react"
  4 | import * as ToastPrimitives from "@radix-ui/react-toast"
> 5 | import { cva, type VariantProps } from "class-variance-authority"
    | ^^^^^^^^^^^^^^^^^^^^^^^^^^^^^^^^^^^^^^^^^^^^^^^^^^^^^^^^^^^^^^^^^
  6 | import { X } from "lucide-react"
  7 |
  8 | import { cn } from "@/lib/utils"

Import traces:
  Client Component Browser:
    ./components/ui/toast.tsx [Client Component Browser]
    ./components/ui/toaster.tsx [Client Component Browser]
    ./components/ui/toaster.tsx [Server Component]
    ./app/layout.tsx [Server Component]

  Client Component SSR:
    ./components/ui/toast.tsx [Client Component SSR]
    ./components/ui/toaster.tsx [Client Component SSR]
    ./components/ui/toaster.tsx [Server Component]
    ./app/layout.tsx [Server Component]

https://nextjs.org/docs/messages/module-not-found @ http://localhost:3000/_next/static/chunks/node_modules_next_dist_20ud_8w._.js:2099
[ 3196774ms] [ERROR] ./lib/utils.ts:1:1
Module not found: Can't resolve 'clsx'
> 1 | import { type ClassValue, clsx } from "clsx"
    | ^^^^^^^^^^^^^^^^^^^^^^^^^^^^^^^^^^^^^^^^^^^^
  2 | import { twMerge } from "tailwind-merge"
  3 |
  4 | export function cn(...inputs: ClassValue[]) {

Import traces:
  Client Component Browser:
    ./lib/utils.ts [Client Component Browser]
    ./components/ui/toast.tsx [Client Component Browser]
    ./components/ui/toaster.tsx [Client Component Browser]
    ./components/ui/toaster.tsx [Server Component]
    ./app/layout.tsx [Server Component]

  Client Component SSR:
    ./lib/utils.ts [Client Component SSR]
    ./components/ui/toast.tsx [Client Component SSR]
    ./components/ui/toaster.tsx [Client Component SSR]
    ./components/ui/toaster.tsx [Server Component]
    ./app/layout.tsx [Server Component]

https://nextjs.org/docs/messages/module-not-found @ http://localhost:3000/_next/static/chunks/node_modules_next_dist_20ud_8w._.js:2099
[ 3196775ms] [ERROR] ./app/page.tsx:2:1
Module not found: Can't resolve 'lucide-react'
  1 | import Link from "next/link"
> 2 | import { ArrowRight, FileText, GitPullRequest, Share2 } from "lucide-react"
    | ^^^^^^^^^^^^^^^^^^^^^^^^^^^^^^^^^^^^^^^^^^^^^^^^^^^^^^^^^^^^^^^^^^^^^^^^^^^
  3 |
  4 | const chain = [
  5 |   {

https://nextjs.org/docs/messages/module-not-found @ http://localhost:3000/_next/static/chunks/node_modules_next_dist_20ud_8w._.js:2099
[ 3196776ms] [ERROR] ./components/ui/toast.tsx:6:1
Module not found: Can't resolve 'lucide-react'
  4 | import * as ToastPrimitives from "@radix-ui/react-toast"
  5 | import { cva, type VariantProps } from "class-variance-authority"
> 6 | import { X } from "lucide-react"
    | ^^^^^^^^^^^^^^^^^^^^^^^^^^^^^^^^
  7 |
  8 | import { cn } from "@/lib/utils"
  9 |

Import traces:
  Client Component Browser:
    ./components/ui/toast.tsx [Client Component Browser]
    ./components/ui/toaster.tsx [Client Component Browser]
    ./components/ui/toaster.tsx [Server Component]
    ./app/layout.tsx [Server Component]

  Client Component SSR:
    ./components/ui/toast.tsx [Client Component SSR]
    ./components/ui/toaster.tsx [Client Component SSR]
    ./components/ui/toaster.tsx [Server Component]
    ./app/layout.tsx [Server Component]

https://nextjs.org/docs/messages/module-not-found @ http://localhost:3000/_next/static/chunks/node_modules_next_dist_20ud_8w._.js:2099
[ 3196777ms] [ERROR] ./lib/utils.ts:2:1
Module not found: Can't resolve 'tailwind-merge'
  1 | import { type ClassValue, clsx } from "clsx"
> 2 | import { twMerge } from "tailwind-merge"
    | ^^^^^^^^^^^^^^^^^^^^^^^^^^^^^^^^^^^^^^^^
  3 |
  4 | export function cn(...inputs: ClassValue[]) {
  5 |   return twMerge(clsx(inputs))

Import traces:
  Client Component Browser:
    ./lib/utils.ts [Client Component Browser]
    ./components/ui/toast.tsx [Client Component Browser]
    ./components/ui/toaster.tsx [Client Component Browser]
    ./components/ui/toaster.tsx [Server Component]
    ./app/layout.tsx [Server Component]

  Client Component SSR:
    ./lib/utils.ts [Client Component SSR]
    ./components/ui/toast.tsx [Client Component SSR]
    ./components/ui/toaster.tsx [Client Component SSR]
    ./components/ui/toaster.tsx [Server Component]
    ./app/layout.tsx [Server Component]

https://nextjs.org/docs/messages/module-not-found @ http://localhost:3000/_next/static/chunks/node_modules_next_dist_20ud_8w._.js:2099
[ 3196824ms] [ERROR] ./app/globals.css
Error evaluating Node.js code
CssSyntaxError: tailwindcss: C:\Users\Lenovo\Desktop\线下黑客松\frontend\app\globals.css:1:1: Can't resolve 'tw-animate-css' in 'C:\Users\Lenovo\Desktop\线下黑客松\frontend\app'
    [at Input.error (turbopack:///[project]/node_modules/postcss/lib/input.js:135:16)]
    [at Root.error (turbopack:///[project]/node_modules/postcss/lib/node.js:166:32)]
    [at Object.Once (C:\Users\Lenovo\Desktop\线下黑客松\frontend\node_modules\@tailwindcss\postcss\dist\index.js:10:7013)]
    [at process.processTicksAndRejections (node:internal/process/task_queues:104:5)]
    [at async LazyResult.runAsync (turbopack:///[project]/node_modules/postcss/lib/lazy-result.js:299:11)]
    [at async transform (turbopack:///[turbopack-node]/transforms/postcss.ts:70:34)]
    [at async run (turbopack:///[turbopack-node]/child_process/evaluate.ts:89:23)]

Import trace:
  Client Component Browser:
    ./app/globals.css [Client Component Browser]
    ./app/layout.tsx [Server Component] @ http://localhost:3000/_next/static/chunks/node_modules_next_dist_20ud_8w._.js:2099
[ 3196824ms] [ERROR] ./components/ui/toast.tsx:4:1
Module not found: Can't resolve '@radix-ui/react-toast'
  2 |
  3 | import * as React from "react"
> 4 | import * as ToastPrimitives from "@radix-ui/react-toast"
    | ^^^^^^^^^^^^^^^^^^^^^^^^^^^^^^^^^^^^^^^^^^^^^^^^^^^^^^^^
  5 | import { cva, type VariantProps } from "class-variance-authority"
  6 | import { X } from "lucide-react"
  7 |

Import traces:
  Client Component Browser:
    ./components/ui/toast.tsx [Client Component Browser]
    ./components/ui/toaster.tsx [Client Component Browser]
    ./components/ui/toaster.tsx [Server Component]
    ./app/layout.tsx [Server Component]

  Client Component SSR:
    ./components/ui/toast.tsx [Client Component SSR]
    ./components/ui/toaster.tsx [Client Component SSR]
    ./components/ui/toaster.tsx [Server Component]
    ./app/layout.tsx [Server Component]

https://nextjs.org/docs/messages/module-not-found @ http://localhost:3000/_next/static/chunks/node_modules_next_dist_20ud_8w._.js:2099
[ 3196825ms] [ERROR] ./components/ui/toast.tsx:5:1
Module not found: Can't resolve 'class-variance-authority'
  3 | import * as React from "react"
  4 | import * as ToastPrimitives from "@radix-ui/react-toast"
> 5 | import { cva, type VariantProps } from "class-variance-authority"
    | ^^^^^^^^^^^^^^^^^^^^^^^^^^^^^^^^^^^^^^^^^^^^^^^^^^^^^^^^^^^^^^^^^
  6 | import { X } from "lucide-react"
  7 |
  8 | import { cn } from "@/lib/utils"

Import traces:
  Client Component Browser:
    ./components/ui/toast.tsx [Client Component Browser]
    ./components/ui/toaster.tsx [Client Component Browser]
    ./components/ui/toaster.tsx [Server Component]
    ./app/layout.tsx [Server Component]

  Client Component SSR:
    ./components/ui/toast.tsx [Client Component SSR]
    ./components/ui/toaster.tsx [Client Component SSR]
    ./components/ui/toaster.tsx [Server Component]
    ./app/layout.tsx [Server Component]

https://nextjs.org/docs/messages/module-not-found @ http://localhost:3000/_next/static/chunks/node_modules_next_dist_20ud_8w._.js:2099
[ 3196825ms] [ERROR] ./lib/utils.ts:1:1
Module not found: Can't resolve 'clsx'
> 1 | import { type ClassValue, clsx } from "clsx"
    | ^^^^^^^^^^^^^^^^^^^^^^^^^^^^^^^^^^^^^^^^^^^^
  2 | import { twMerge } from "tailwind-merge"
  3 |
  4 | export function cn(...inputs: ClassValue[]) {

Import traces:
  Client Component Browser:
    ./lib/utils.ts [Client Component Browser]
    ./components/ui/toast.tsx [Client Component Browser]
    ./components/ui/toaster.tsx [Client Component Browser]
    ./components/ui/toaster.tsx [Server Component]
    ./app/layout.tsx [Server Component]

  Client Component SSR:
    ./lib/utils.ts [Client Component SSR]
    ./components/ui/toast.tsx [Client Component SSR]
    ./components/ui/toaster.tsx [Client Component SSR]
    ./components/ui/toaster.tsx [Server Component]
    ./app/layout.tsx [Server Component]

https://nextjs.org/docs/messages/module-not-found @ http://localhost:3000/_next/static/chunks/node_modules_next_dist_20ud_8w._.js:2099
[ 3196826ms] [ERROR] ./app/page.tsx:2:1
Module not found: Can't resolve 'lucide-react'
  1 | import Link from "next/link"
> 2 | import { ArrowRight, FileText, GitPullRequest, Share2 } from "lucide-react"
    | ^^^^^^^^^^^^^^^^^^^^^^^^^^^^^^^^^^^^^^^^^^^^^^^^^^^^^^^^^^^^^^^^^^^^^^^^^^^
  3 |
  4 | const chain = [
  5 |   {

https://nextjs.org/docs/messages/module-not-found @ http://localhost:3000/_next/static/chunks/node_modules_next_dist_20ud_8w._.js:2099
[ 3196827ms] [ERROR] ./components/ui/toast.tsx:6:1
Module not found: Can't resolve 'lucide-react'
  4 | import * as ToastPrimitives from "@radix-ui/react-toast"
  5 | import { cva, type VariantProps } from "class-variance-authority"
> 6 | import { X } from "lucide-react"
    | ^^^^^^^^^^^^^^^^^^^^^^^^^^^^^^^^
  7 |
  8 | import { cn } from "@/lib/utils"
  9 |

Import traces:
  Client Component Browser:
    ./components/ui/toast.tsx [Client Component Browser]
    ./components/ui/toaster.tsx [Client Component Browser]
    ./components/ui/toaster.tsx [Server Component]
    ./app/layout.tsx [Server Component]

  Client Component SSR:
    ./components/ui/toast.tsx [Client Component SSR]
    ./components/ui/toaster.tsx [Client Component SSR]
    ./components/ui/toaster.tsx [Server Component]
    ./app/layout.tsx [Server Component]

https://nextjs.org/docs/messages/module-not-found @ http://localhost:3000/_next/static/chunks/node_modules_next_dist_20ud_8w._.js:2099
[ 3196827ms] [ERROR] ./lib/utils.ts:2:1
Module not found: Can't resolve 'tailwind-merge'
  1 | import { type ClassValue, clsx } from "clsx"
> 2 | import { twMerge } from "tailwind-merge"
    | ^^^^^^^^^^^^^^^^^^^^^^^^^^^^^^^^^^^^^^^^
  3 |
  4 | export function cn(...inputs: ClassValue[]) {
  5 |   return twMerge(clsx(inputs))

Import traces:
  Client Component Browser:
    ./lib/utils.ts [Client Component Browser]
    ./components/ui/toast.tsx [Client Component Browser]
    ./components/ui/toaster.tsx [Client Component Browser]
    ./components/ui/toaster.tsx [Server Component]
    ./app/layout.tsx [Server Component]

  Client Component SSR:
    ./lib/utils.ts [Client Component SSR]
    ./components/ui/toast.tsx [Client Component SSR]
    ./components/ui/toaster.tsx [Client Component SSR]
    ./components/ui/toaster.tsx [Server Component]
    ./app/layout.tsx [Server Component]

https://nextjs.org/docs/messages/module-not-found @ http://localhost:3000/_next/static/chunks/node_modules_next_dist_20ud_8w._.js:2099
[ 3196894ms] [LOG] [Fast Refresh] rebuilding @ http://localhost:3000/_next/static/chunks/node_modules_next_dist_20ud_8w._.js:1380
[ 3226350ms] [ERROR] ./app/globals.css
Error evaluating Node.js code
CssSyntaxError: tailwindcss: C:\Users\Lenovo\Desktop\线下黑客松\frontend\app\globals.css:1:1: Can't resolve 'tw-animate-css' in 'C:\Users\Lenovo\Desktop\线下黑客松\frontend\app'
    [at Input.error (turbopack:///[project]/node_modules/postcss/lib/input.js:135:16)]
    [at Root.error (turbopack:///[project]/node_modules/postcss/lib/node.js:166:32)]
    [at Object.Once (C:\Users\Lenovo\Desktop\线下黑客松\frontend\node_modules\@tailwindcss\postcss\dist\index.js:10:7013)]
    [at process.processTicksAndRejections (node:internal/process/task_queues:104:5)]
    [at async LazyResult.runAsync (turbopack:///[project]/node_modules/postcss/lib/lazy-result.js:299:11)]
    [at async transform (turbopack:///[turbopack-node]/transforms/postcss.ts:70:34)]
    [at async run (turbopack:///[turbopack-node]/child_process/evaluate.ts:89:23)]

Import trace:
  Client Component Browser:
    ./app/globals.css [Client Component Browser]
    ./app/layout.tsx [Server Component] @ http://localhost:3000/_next/static/chunks/node_modules_next_dist_20ud_8w._.js:2099
[ 3226353ms] [ERROR] ./components/ui/toast.tsx:4:1
Module not found: Can't resolve '@radix-ui/react-toast'
  2 |
  3 | import * as React from "react"
> 4 | import * as ToastPrimitives from "@radix-ui/react-toast"
    | ^^^^^^^^^^^^^^^^^^^^^^^^^^^^^^^^^^^^^^^^^^^^^^^^^^^^^^^^
  5 | import { cva, type VariantProps } from "class-variance-authority"
  6 | import { X } from "lucide-react"
  7 |

Import traces:
  Client Component Browser:
    ./components/ui/toast.tsx [Client Component Browser]
    ./components/ui/toaster.tsx [Client Component Browser]
    ./components/ui/toaster.tsx [Server Component]
    ./app/layout.tsx [Server Component]

  Client Component SSR:
    ./components/ui/toast.tsx [Client Component SSR]
    ./components/ui/toaster.tsx [Client Component SSR]
    ./components/ui/toaster.tsx [Server Component]
    ./app/layout.tsx [Server Component]

https://nextjs.org/docs/messages/module-not-found @ http://localhost:3000/_next/static/chunks/node_modules_next_dist_20ud_8w._.js:2099
[ 3226355ms] [ERROR] ./components/ui/toast.tsx:5:1
Module not found: Can't resolve 'class-variance-authority'
  3 | import * as React from "react"
  4 | import * as ToastPrimitives from "@radix-ui/react-toast"
> 5 | import { cva, type VariantProps } from "class-variance-authority"
    | ^^^^^^^^^^^^^^^^^^^^^^^^^^^^^^^^^^^^^^^^^^^^^^^^^^^^^^^^^^^^^^^^^
  6 | import { X } from "lucide-react"
  7 |
  8 | import { cn } from "@/lib/utils"

Import traces:
  Client Component Browser:
    ./components/ui/toast.tsx [Client Component Browser]
    ./components/ui/toaster.tsx [Client Component Browser]
    ./components/ui/toaster.tsx [Server Component]
    ./app/layout.tsx [Server Component]

  Client Component SSR:
    ./components/ui/toast.tsx [Client Component SSR]
    ./components/ui/toaster.tsx [Client Component SSR]
    ./components/ui/toaster.tsx [Server Component]
    ./app/layout.tsx [Server Component]

https://nextjs.org/docs/messages/module-not-found @ http://localhost:3000/_next/static/chunks/node_modules_next_dist_20ud_8w._.js:2099
[ 3226356ms] [ERROR] ./lib/utils.ts:1:1
Module not found: Can't resolve 'clsx'
> 1 | import { type ClassValue, clsx } from "clsx"
    | ^^^^^^^^^^^^^^^^^^^^^^^^^^^^^^^^^^^^^^^^^^^^
  2 | import { twMerge } from "tailwind-merge"
  3 |
  4 | export function cn(...inputs: ClassValue[]) {

Import traces:
  Client Component Browser:
    ./lib/utils.ts [Client Component Browser]
    ./components/ui/toast.tsx [Client Component Browser]
    ./components/ui/toaster.tsx [Client Component Browser]
    ./components/ui/toaster.tsx [Server Component]
    ./app/layout.tsx [Server Component]

  Client Component SSR:
    ./lib/utils.ts [Client Component SSR]
    ./components/ui/toast.tsx [Client Component SSR]
    ./components/ui/toaster.tsx [Client Component SSR]
    ./components/ui/toaster.tsx [Server Component]
    ./app/layout.tsx [Server Component]

https://nextjs.org/docs/messages/module-not-found @ http://localhost:3000/_next/static/chunks/node_modules_next_dist_20ud_8w._.js:2099
[ 3226366ms] [ERROR] ./app/page.tsx:2:1
Module not found: Can't resolve 'lucide-react'
  1 | import Link from "next/link"
> 2 | import { ArrowRight, FileText, GitPullRequest, Share2 } from "lucide-react"
    | ^^^^^^^^^^^^^^^^^^^^^^^^^^^^^^^^^^^^^^^^^^^^^^^^^^^^^^^^^^^^^^^^^^^^^^^^^^^
  3 |
  4 | const chain = [
  5 |   {

https://nextjs.org/docs/messages/module-not-found @ http://localhost:3000/_next/static/chunks/node_modules_next_dist_20ud_8w._.js:2099
[ 3226367ms] [ERROR] ./components/ui/toast.tsx:6:1
Module not found: Can't resolve 'lucide-react'
  4 | import * as ToastPrimitives from "@radix-ui/react-toast"
  5 | import { cva, type VariantProps } from "class-variance-authority"
> 6 | import { X } from "lucide-react"
    | ^^^^^^^^^^^^^^^^^^^^^^^^^^^^^^^^
  7 |
  8 | import { cn } from "@/lib/utils"
  9 |

Import traces:
  Client Component Browser:
    ./components/ui/toast.tsx [Client Component Browser]
    ./components/ui/toaster.tsx [Client Component Browser]
    ./components/ui/toaster.tsx [Server Component]
    ./app/layout.tsx [Server Component]

  Client Component SSR:
    ./components/ui/toast.tsx [Client Component SSR]
    ./components/ui/toaster.tsx [Client Component SSR]
    ./components/ui/toaster.tsx [Server Component]
    ./app/layout.tsx [Server Component]

https://nextjs.org/docs/messages/module-not-found @ http://localhost:3000/_next/static/chunks/node_modules_next_dist_20ud_8w._.js:2099
[ 3226368ms] [ERROR] ./lib/utils.ts:2:1
Module not found: Can't resolve 'tailwind-merge'
  1 | import { type ClassValue, clsx } from "clsx"
> 2 | import { twMerge } from "tailwind-merge"
    | ^^^^^^^^^^^^^^^^^^^^^^^^^^^^^^^^^^^^^^^^
  3 |
  4 | export function cn(...inputs: ClassValue[]) {
  5 |   return twMerge(clsx(inputs))

Import traces:
  Client Component Browser:
    ./lib/utils.ts [Client Component Browser]
    ./components/ui/toast.tsx [Client Component Browser]
    ./components/ui/toaster.tsx [Client Component Browser]
    ./components/ui/toaster.tsx [Server Component]
    ./app/layout.tsx [Server Component]

  Client Component SSR:
    ./lib/utils.ts [Client Component SSR]
    ./components/ui/toast.tsx [Client Component SSR]
    ./components/ui/toaster.tsx [Client Component SSR]
    ./components/ui/toaster.tsx [Server Component]
    ./app/layout.tsx [Server Component]

https://nextjs.org/docs/messages/module-not-found @ http://localhost:3000/_next/static/chunks/node_modules_next_dist_20ud_8w._.js:2099
[ 3226420ms] [ERROR] ./app/globals.css
Error evaluating Node.js code
CssSyntaxError: tailwindcss: C:\Users\Lenovo\Desktop\线下黑客松\frontend\app\globals.css:1:1: Can't resolve 'tw-animate-css' in 'C:\Users\Lenovo\Desktop\线下黑客松\frontend\app'
    [at Input.error (turbopack:///[project]/node_modules/postcss/lib/input.js:135:16)]
    [at Root.error (turbopack:///[project]/node_modules/postcss/lib/node.js:166:32)]
    [at Object.Once (C:\Users\Lenovo\Desktop\线下黑客松\frontend\node_modules\@tailwindcss\postcss\dist\index.js:10:7013)]
    [at process.processTicksAndRejections (node:internal/process/task_queues:104:5)]
    [at async LazyResult.runAsync (turbopack:///[project]/node_modules/postcss/lib/lazy-result.js:299:11)]
    [at async transform (turbopack:///[turbopack-node]/transforms/postcss.ts:70:34)]
    [at async run (turbopack:///[turbopack-node]/child_process/evaluate.ts:89:23)]

Import trace:
  Client Component Browser:
    ./app/globals.css [Client Component Browser]
    ./app/layout.tsx [Server Component] @ http://localhost:3000/_next/static/chunks/node_modules_next_dist_20ud_8w._.js:2099
[ 3226421ms] [ERROR] ./components/ui/toast.tsx:4:1
Module not found: Can't resolve '@radix-ui/react-toast'
  2 |
  3 | import * as React from "react"
> 4 | import * as ToastPrimitives from "@radix-ui/react-toast"
    | ^^^^^^^^^^^^^^^^^^^^^^^^^^^^^^^^^^^^^^^^^^^^^^^^^^^^^^^^
  5 | import { cva, type VariantProps } from "class-variance-authority"
  6 | import { X } from "lucide-react"
  7 |

Import traces:
  Client Component Browser:
    ./components/ui/toast.tsx [Client Component Browser]
    ./components/ui/toaster.tsx [Client Component Browser]
    ./components/ui/toaster.tsx [Server Component]
    ./app/layout.tsx [Server Component]

  Client Component SSR:
    ./components/ui/toast.tsx [Client Component SSR]
    ./components/ui/toaster.tsx [Client Component SSR]
    ./components/ui/toaster.tsx [Server Component]
    ./app/layout.tsx [Server Component]

https://nextjs.org/docs/messages/module-not-found @ http://localhost:3000/_next/static/chunks/node_modules_next_dist_20ud_8w._.js:2099
[ 3226422ms] [ERROR] ./components/ui/toast.tsx:5:1
Module not found: Can't resolve 'class-variance-authority'
  3 | import * as React from "react"
  4 | import * as ToastPrimitives from "@radix-ui/react-toast"
> 5 | import { cva, type VariantProps } from "class-variance-authority"
    | ^^^^^^^^^^^^^^^^^^^^^^^^^^^^^^^^^^^^^^^^^^^^^^^^^^^^^^^^^^^^^^^^^
  6 | import { X } from "lucide-react"
  7 |
  8 | import { cn } from "@/lib/utils"

Import traces:
  Client Component Browser:
    ./components/ui/toast.tsx [Client Component Browser]
    ./components/ui/toaster.tsx [Client Component Browser]
    ./components/ui/toaster.tsx [Server Component]
    ./app/layout.tsx [Server Component]

  Client Component SSR:
    ./components/ui/toast.tsx [Client Component SSR]
    ./components/ui/toaster.tsx [Client Component SSR]
    ./components/ui/toaster.tsx [Server Component]
    ./app/layout.tsx [Server Component]

https://nextjs.org/docs/messages/module-not-found @ http://localhost:3000/_next/static/chunks/node_modules_next_dist_20ud_8w._.js:2099
[ 3226422ms] [ERROR] ./lib/utils.ts:1:1
Module not found: Can't resolve 'clsx'
> 1 | import { type ClassValue, clsx } from "clsx"
    | ^^^^^^^^^^^^^^^^^^^^^^^^^^^^^^^^^^^^^^^^^^^^
  2 | import { twMerge } from "tailwind-merge"
  3 |
  4 | export function cn(...inputs: ClassValue[]) {

Import traces:
  Client Component Browser:
    ./lib/utils.ts [Client Component Browser]
    ./components/ui/toast.tsx [Client Component Browser]
    ./components/ui/toaster.tsx [Client Component Browser]
    ./components/ui/toaster.tsx [Server Component]
    ./app/layout.tsx [Server Component]

  Client Component SSR:
    ./lib/utils.ts [Client Component SSR]
    ./components/ui/toast.tsx [Client Component SSR]
    ./components/ui/toaster.tsx [Client Component SSR]
    ./components/ui/toaster.tsx [Server Component]
    ./app/layout.tsx [Server Component]

https://nextjs.org/docs/messages/module-not-found @ http://localhost:3000/_next/static/chunks/node_modules_next_dist_20ud_8w._.js:2099
[ 3226423ms] [ERROR] ./app/page.tsx:2:1
Module not found: Can't resolve 'lucide-react'
  1 | import Link from "next/link"
> 2 | import { ArrowRight, FileText, GitPullRequest, Share2 } from "lucide-react"
    | ^^^^^^^^^^^^^^^^^^^^^^^^^^^^^^^^^^^^^^^^^^^^^^^^^^^^^^^^^^^^^^^^^^^^^^^^^^^
  3 |
  4 | const chain = [
  5 |   {

https://nextjs.org/docs/messages/module-not-found @ http://localhost:3000/_next/static/chunks/node_modules_next_dist_20ud_8w._.js:2099
[ 3226423ms] [ERROR] ./components/ui/toast.tsx:6:1
Module not found: Can't resolve 'lucide-react'
  4 | import * as ToastPrimitives from "@radix-ui/react-toast"
  5 | import { cva, type VariantProps } from "class-variance-authority"
> 6 | import { X } from "lucide-react"
    | ^^^^^^^^^^^^^^^^^^^^^^^^^^^^^^^^
  7 |
  8 | import { cn } from "@/lib/utils"
  9 |

Import traces:
  Client Component Browser:
    ./components/ui/toast.tsx [Client Component Browser]
    ./components/ui/toaster.tsx [Client Component Browser]
    ./components/ui/toaster.tsx [Server Component]
    ./app/layout.tsx [Server Component]

  Client Component SSR:
    ./components/ui/toast.tsx [Client Component SSR]
    ./components/ui/toaster.tsx [Client Component SSR]
    ./components/ui/toaster.tsx [Server Component]
    ./app/layout.tsx [Server Component]

https://nextjs.org/docs/messages/module-not-found @ http://localhost:3000/_next/static/chunks/node_modules_next_dist_20ud_8w._.js:2099
[ 3226424ms] [ERROR] ./lib/utils.ts:2:1
Module not found: Can't resolve 'tailwind-merge'
  1 | import { type ClassValue, clsx } from "clsx"
> 2 | import { twMerge } from "tailwind-merge"
    | ^^^^^^^^^^^^^^^^^^^^^^^^^^^^^^^^^^^^^^^^
  3 |
  4 | export function cn(...inputs: ClassValue[]) {
  5 |   return twMerge(clsx(inputs))

Import traces:
  Client Component Browser:
    ./lib/utils.ts [Client Component Browser]
    ./components/ui/toast.tsx [Client Component Browser]
    ./components/ui/toaster.tsx [Client Component Browser]
    ./components/ui/toaster.tsx [Server Component]
    ./app/layout.tsx [Server Component]

  Client Component SSR:
    ./lib/utils.ts [Client Component SSR]
    ./components/ui/toast.tsx [Client Component SSR]
    ./components/ui/toaster.tsx [Client Component SSR]
    ./components/ui/toaster.tsx [Server Component]
    ./app/layout.tsx [Server Component]

https://nextjs.org/docs/messages/module-not-found @ http://localhost:3000/_next/static/chunks/node_modules_next_dist_20ud_8w._.js:2099
[ 3226492ms] [LOG] [Fast Refresh] rebuilding @ http://localhost:3000/_next/static/chunks/node_modules_next_dist_20ud_8w._.js:1380
[ 3243932ms] [ERROR] ./app/globals.css
Error evaluating Node.js code
CssSyntaxError: tailwindcss: C:\Users\Lenovo\Desktop\线下黑客松\frontend\app\globals.css:1:1: Can't resolve 'tw-animate-css' in 'C:\Users\Lenovo\Desktop\线下黑客松\frontend\app'
    [at Input.error (turbopack:///[project]/node_modules/postcss/lib/input.js:135:16)]
    [at Root.error (turbopack:///[project]/node_modules/postcss/lib/node.js:166:32)]
    [at Object.Once (C:\Users\Lenovo\Desktop\线下黑客松\frontend\node_modules\@tailwindcss\postcss\dist\index.js:10:7013)]
    [at process.processTicksAndRejections (node:internal/process/task_queues:104:5)]
    [at async LazyResult.runAsync (turbopack:///[project]/node_modules/postcss/lib/lazy-result.js:299:11)]
    [at async transform (turbopack:///[turbopack-node]/transforms/postcss.ts:70:34)]
    [at async run (turbopack:///[turbopack-node]/child_process/evaluate.ts:89:23)]

Import trace:
  Client Component Browser:
    ./app/globals.css [Client Component Browser]
    ./app/layout.tsx [Server Component] @ http://localhost:3000/_next/static/chunks/node_modules_next_dist_20ud_8w._.js:2099
[ 3243934ms] [ERROR] ./components/ui/toast.tsx:4:1
Module not found: Can't resolve '@radix-ui/react-toast'
  2 |
  3 | import * as React from "react"
> 4 | import * as ToastPrimitives from "@radix-ui/react-toast"
    | ^^^^^^^^^^^^^^^^^^^^^^^^^^^^^^^^^^^^^^^^^^^^^^^^^^^^^^^^
  5 | import { cva, type VariantProps } from "class-variance-authority"
  6 | import { X } from "lucide-react"
  7 |

Import traces:
  Client Component Browser:
    ./components/ui/toast.tsx [Client Component Browser]
    ./components/ui/toaster.tsx [Client Component Browser]
    ./components/ui/toaster.tsx [Server Component]
    ./app/layout.tsx [Server Component]

  Client Component SSR:
    ./components/ui/toast.tsx [Client Component SSR]
    ./components/ui/toaster.tsx [Client Component SSR]
    ./components/ui/toaster.tsx [Server Component]
    ./app/layout.tsx [Server Component]

https://nextjs.org/docs/messages/module-not-found @ http://localhost:3000/_next/static/chunks/node_modules_next_dist_20ud_8w._.js:2099
[ 3243935ms] [ERROR] ./components/ui/toast.tsx:5:1
Module not found: Can't resolve 'class-variance-authority'
  3 | import * as React from "react"
  4 | import * as ToastPrimitives from "@radix-ui/react-toast"
> 5 | import { cva, type VariantProps } from "class-variance-authority"
    | ^^^^^^^^^^^^^^^^^^^^^^^^^^^^^^^^^^^^^^^^^^^^^^^^^^^^^^^^^^^^^^^^^
  6 | import { X } from "lucide-react"
  7 |
  8 | import { cn } from "@/lib/utils"

Import traces:
  Client Component Browser:
    ./components/ui/toast.tsx [Client Component Browser]
    ./components/ui/toaster.tsx [Client Component Browser]
    ./components/ui/toaster.tsx [Server Component]
    ./app/layout.tsx [Server Component]

  Client Component SSR:
    ./components/ui/toast.tsx [Client Component SSR]
    ./components/ui/toaster.tsx [Client Component SSR]
    ./components/ui/toaster.tsx [Server Component]
    ./app/layout.tsx [Server Component]

https://nextjs.org/docs/messages/module-not-found @ http://localhost:3000/_next/static/chunks/node_modules_next_dist_20ud_8w._.js:2099
[ 3243936ms] [ERROR] ./lib/utils.ts:1:1
Module not found: Can't resolve 'clsx'
> 1 | import { type ClassValue, clsx } from "clsx"
    | ^^^^^^^^^^^^^^^^^^^^^^^^^^^^^^^^^^^^^^^^^^^^
  2 | import { twMerge } from "tailwind-merge"
  3 |
  4 | export function cn(...inputs: ClassValue[]) {

Import traces:
  Client Component Browser:
    ./lib/utils.ts [Client Component Browser]
    ./components/ui/toast.tsx [Client Component Browser]
    ./components/ui/toaster.tsx [Client Component Browser]
    ./components/ui/toaster.tsx [Server Component]
    ./app/layout.tsx [Server Component]

  Client Component SSR:
    ./lib/utils.ts [Client Component SSR]
    ./components/ui/toast.tsx [Client Component SSR]
    ./components/ui/toaster.tsx [Client Component SSR]
    ./components/ui/toaster.tsx [Server Component]
    ./app/layout.tsx [Server Component]

https://nextjs.org/docs/messages/module-not-found @ http://localhost:3000/_next/static/chunks/node_modules_next_dist_20ud_8w._.js:2099
[ 3243937ms] [ERROR] ./app/page.tsx:2:1
Module not found: Can't resolve 'lucide-react'
  1 | import Link from "next/link"
> 2 | import { ArrowRight, FileText, GitPullRequest, Share2 } from "lucide-react"
    | ^^^^^^^^^^^^^^^^^^^^^^^^^^^^^^^^^^^^^^^^^^^^^^^^^^^^^^^^^^^^^^^^^^^^^^^^^^^
  3 |
  4 | const chain = [
  5 |   {

https://nextjs.org/docs/messages/module-not-found @ http://localhost:3000/_next/static/chunks/node_modules_next_dist_20ud_8w._.js:2099
[ 3243939ms] [ERROR] ./components/ui/toast.tsx:6:1
Module not found: Can't resolve 'lucide-react'
  4 | import * as ToastPrimitives from "@radix-ui/react-toast"
  5 | import { cva, type VariantProps } from "class-variance-authority"
> 6 | import { X } from "lucide-react"
    | ^^^^^^^^^^^^^^^^^^^^^^^^^^^^^^^^
  7 |
  8 | import { cn } from "@/lib/utils"
  9 |

Import traces:
  Client Component Browser:
    ./components/ui/toast.tsx [Client Component Browser]
    ./components/ui/toaster.tsx [Client Component Browser]
    ./components/ui/toaster.tsx [Server Component]
    ./app/layout.tsx [Server Component]

  Client Component SSR:
    ./components/ui/toast.tsx [Client Component SSR]
    ./components/ui/toaster.tsx [Client Component SSR]
    ./components/ui/toaster.tsx [Server Component]
    ./app/layout.tsx [Server Component]

https://nextjs.org/docs/messages/module-not-found @ http://localhost:3000/_next/static/chunks/node_modules_next_dist_20ud_8w._.js:2099
[ 3243940ms] [ERROR] ./lib/utils.ts:2:1
Module not found: Can't resolve 'tailwind-merge'
  1 | import { type ClassValue, clsx } from "clsx"
> 2 | import { twMerge } from "tailwind-merge"
    | ^^^^^^^^^^^^^^^^^^^^^^^^^^^^^^^^^^^^^^^^
  3 |
  4 | export function cn(...inputs: ClassValue[]) {
  5 |   return twMerge(clsx(inputs))

Import traces:
  Client Component Browser:
    ./lib/utils.ts [Client Component Browser]
    ./components/ui/toast.tsx [Client Component Browser]
    ./components/ui/toaster.tsx [Client Component Browser]
    ./components/ui/toaster.tsx [Server Component]
    ./app/layout.tsx [Server Component]

  Client Component SSR:
    ./lib/utils.ts [Client Component SSR]
    ./components/ui/toast.tsx [Client Component SSR]
    ./components/ui/toaster.tsx [Client Component SSR]
    ./components/ui/toaster.tsx [Server Component]
    ./app/layout.tsx [Server Component]

https://nextjs.org/docs/messages/module-not-found @ http://localhost:3000/_next/static/chunks/node_modules_next_dist_20ud_8w._.js:2099
[ 3243986ms] [LOG] [Fast Refresh] rebuilding @ http://localhost:3000/_next/static/chunks/node_modules_next_dist_20ud_8w._.js:1380
[ 3272089ms] [ERROR] ./app/globals.css
Error evaluating Node.js code
CssSyntaxError: tailwindcss: C:\Users\Lenovo\Desktop\线下黑客松\frontend\app\globals.css:1:1: Can't resolve 'tw-animate-css' in 'C:\Users\Lenovo\Desktop\线下黑客松\frontend\app'
    [at Input.error (turbopack:///[project]/node_modules/postcss/lib/input.js:135:16)]
    [at Root.error (turbopack:///[project]/node_modules/postcss/lib/node.js:166:32)]
    [at Object.Once (C:\Users\Lenovo\Desktop\线下黑客松\frontend\node_modules\@tailwindcss\postcss\dist\index.js:10:7013)]
    [at process.processTicksAndRejections (node:internal/process/task_queues:104:5)]
    [at async LazyResult.runAsync (turbopack:///[project]/node_modules/postcss/lib/lazy-result.js:299:11)]
    [at async transform (turbopack:///[turbopack-node]/transforms/postcss.ts:70:34)]
    [at async run (turbopack:///[turbopack-node]/child_process/evaluate.ts:89:23)]

Import trace:
  Client Component Browser:
    ./app/globals.css [Client Component Browser]
    ./app/layout.tsx [Server Component] @ http://localhost:3000/_next/static/chunks/node_modules_next_dist_20ud_8w._.js:2099
[ 3272090ms] [ERROR] ./components/ui/toast.tsx:4:1
Module not found: Can't resolve '@radix-ui/react-toast'
  2 |
  3 | import * as React from "react"
> 4 | import * as ToastPrimitives from "@radix-ui/react-toast"
    | ^^^^^^^^^^^^^^^^^^^^^^^^^^^^^^^^^^^^^^^^^^^^^^^^^^^^^^^^
  5 | import { cva, type VariantProps } from "class-variance-authority"
  6 | import { X } from "lucide-react"
  7 |

Import traces:
  Client Component Browser:
    ./components/ui/toast.tsx [Client Component Browser]
    ./components/ui/toaster.tsx [Client Component Browser]
    ./components/ui/toaster.tsx [Server Component]
    ./app/layout.tsx [Server Component]

  Client Component SSR:
    ./components/ui/toast.tsx [Client Component SSR]
    ./components/ui/toaster.tsx [Client Component SSR]
    ./components/ui/toaster.tsx [Server Component]
    ./app/layout.tsx [Server Component]

https://nextjs.org/docs/messages/module-not-found @ http://localhost:3000/_next/static/chunks/node_modules_next_dist_20ud_8w._.js:2099
[ 3272091ms] [ERROR] ./components/ui/toast.tsx:5:1
Module not found: Can't resolve 'class-variance-authority'
  3 | import * as React from "react"
  4 | import * as ToastPrimitives from "@radix-ui/react-toast"
> 5 | import { cva, type VariantProps } from "class-variance-authority"
    | ^^^^^^^^^^^^^^^^^^^^^^^^^^^^^^^^^^^^^^^^^^^^^^^^^^^^^^^^^^^^^^^^^
  6 | import { X } from "lucide-react"
  7 |
  8 | import { cn } from "@/lib/utils"

Import traces:
  Client Component Browser:
    ./components/ui/toast.tsx [Client Component Browser]
    ./components/ui/toaster.tsx [Client Component Browser]
    ./components/ui/toaster.tsx [Server Component]
    ./app/layout.tsx [Server Component]

  Client Component SSR:
    ./components/ui/toast.tsx [Client Component SSR]
    ./components/ui/toaster.tsx [Client Component SSR]
    ./components/ui/toaster.tsx [Server Component]
    ./app/layout.tsx [Server Component]

https://nextjs.org/docs/messages/module-not-found @ http://localhost:3000/_next/static/chunks/node_modules_next_dist_20ud_8w._.js:2099
[ 3272092ms] [ERROR] ./lib/utils.ts:1:1
Module not found: Can't resolve 'clsx'
> 1 | import { type ClassValue, clsx } from "clsx"
    | ^^^^^^^^^^^^^^^^^^^^^^^^^^^^^^^^^^^^^^^^^^^^
  2 | import { twMerge } from "tailwind-merge"
  3 |
  4 | export function cn(...inputs: ClassValue[]) {

Import traces:
  Client Component Browser:
    ./lib/utils.ts [Client Component Browser]
    ./components/ui/toast.tsx [Client Component Browser]
    ./components/ui/toaster.tsx [Client Component Browser]
    ./components/ui/toaster.tsx [Server Component]
    ./app/layout.tsx [Server Component]

  Client Component SSR:
    ./lib/utils.ts [Client Component SSR]
    ./components/ui/toast.tsx [Client Component SSR]
    ./components/ui/toaster.tsx [Client Component SSR]
    ./components/ui/toaster.tsx [Server Component]
    ./app/layout.tsx [Server Component]

https://nextjs.org/docs/messages/module-not-found @ http://localhost:3000/_next/static/chunks/node_modules_next_dist_20ud_8w._.js:2099
[ 3272098ms] [ERROR] ./app/page.tsx:2:1
Module not found: Can't resolve 'lucide-react'
  1 | import Link from "next/link"
> 2 | import { ArrowRight, FileText, GitPullRequest, Share2 } from "lucide-react"
    | ^^^^^^^^^^^^^^^^^^^^^^^^^^^^^^^^^^^^^^^^^^^^^^^^^^^^^^^^^^^^^^^^^^^^^^^^^^^
  3 |
  4 | const chain = [
  5 |   {

https://nextjs.org/docs/messages/module-not-found @ http://localhost:3000/_next/static/chunks/node_modules_next_dist_20ud_8w._.js:2099
[ 3272099ms] [ERROR] ./components/ui/toast.tsx:6:1
Module not found: Can't resolve 'lucide-react'
  4 | import * as ToastPrimitives from "@radix-ui/react-toast"
  5 | import { cva, type VariantProps } from "class-variance-authority"
> 6 | import { X } from "lucide-react"
    | ^^^^^^^^^^^^^^^^^^^^^^^^^^^^^^^^
  7 |
  8 | import { cn } from "@/lib/utils"
  9 |

Import traces:
  Client Component Browser:
    ./components/ui/toast.tsx [Client Component Browser]
    ./components/ui/toaster.tsx [Client Component Browser]
    ./components/ui/toaster.tsx [Server Component]
    ./app/layout.tsx [Server Component]

  Client Component SSR:
    ./components/ui/toast.tsx [Client Component SSR]
    ./components/ui/toaster.tsx [Client Component SSR]
    ./components/ui/toaster.tsx [Server Component]
    ./app/layout.tsx [Server Component]

https://nextjs.org/docs/messages/module-not-found @ http://localhost:3000/_next/static/chunks/node_modules_next_dist_20ud_8w._.js:2099
[ 3272103ms] [ERROR] ./lib/utils.ts:2:1
Module not found: Can't resolve 'tailwind-merge'
  1 | import { type ClassValue, clsx } from "clsx"
> 2 | import { twMerge } from "tailwind-merge"
    | ^^^^^^^^^^^^^^^^^^^^^^^^^^^^^^^^^^^^^^^^
  3 |
  4 | export function cn(...inputs: ClassValue[]) {
  5 |   return twMerge(clsx(inputs))

Import traces:
  Client Component Browser:
    ./lib/utils.ts [Client Component Browser]
    ./components/ui/toast.tsx [Client Component Browser]
    ./components/ui/toaster.tsx [Client Component Browser]
    ./components/ui/toaster.tsx [Server Component]
    ./app/layout.tsx [Server Component]

  Client Component SSR:
    ./lib/utils.ts [Client Component SSR]
    ./components/ui/toast.tsx [Client Component SSR]
    ./components/ui/toaster.tsx [Client Component SSR]
    ./components/ui/toaster.tsx [Server Component]
    ./app/layout.tsx [Server Component]

https://nextjs.org/docs/messages/module-not-found @ http://localhost:3000/_next/static/chunks/node_modules_next_dist_20ud_8w._.js:2099
[ 3272177ms] [ERROR] ./app/globals.css
Error evaluating Node.js code
CssSyntaxError: tailwindcss: C:\Users\Lenovo\Desktop\线下黑客松\frontend\app\globals.css:1:1: Can't resolve 'tw-animate-css' in 'C:\Users\Lenovo\Desktop\线下黑客松\frontend\app'
    [at Input.error (turbopack:///[project]/node_modules/postcss/lib/input.js:135:16)]
    [at Root.error (turbopack:///[project]/node_modules/postcss/lib/node.js:166:32)]
    [at Object.Once (C:\Users\Lenovo\Desktop\线下黑客松\frontend\node_modules\@tailwindcss\postcss\dist\index.js:10:7013)]
    [at process.processTicksAndRejections (node:internal/process/task_queues:104:5)]
    [at async LazyResult.runAsync (turbopack:///[project]/node_modules/postcss/lib/lazy-result.js:299:11)]
    [at async transform (turbopack:///[turbopack-node]/transforms/postcss.ts:70:34)]
    [at async run (turbopack:///[turbopack-node]/child_process/evaluate.ts:89:23)]

Import trace:
  Client Component Browser:
    ./app/globals.css [Client Component Browser]
    ./app/layout.tsx [Server Component] @ http://localhost:3000/_next/static/chunks/node_modules_next_dist_20ud_8w._.js:2099
[ 3272178ms] [ERROR] ./components/ui/toast.tsx:4:1
Module not found: Can't resolve '@radix-ui/react-toast'
  2 |
  3 | import * as React from "react"
> 4 | import * as ToastPrimitives from "@radix-ui/react-toast"
    | ^^^^^^^^^^^^^^^^^^^^^^^^^^^^^^^^^^^^^^^^^^^^^^^^^^^^^^^^
  5 | import { cva, type VariantProps } from "class-variance-authority"
  6 | import { X } from "lucide-react"
  7 |

Import traces:
  Client Component Browser:
    ./components/ui/toast.tsx [Client Component Browser]
    ./components/ui/toaster.tsx [Client Component Browser]
    ./components/ui/toaster.tsx [Server Component]
    ./app/layout.tsx [Server Component]

  Client Component SSR:
    ./components/ui/toast.tsx [Client Component SSR]
    ./components/ui/toaster.tsx [Client Component SSR]
    ./components/ui/toaster.tsx [Server Component]
    ./app/layout.tsx [Server Component]

https://nextjs.org/docs/messages/module-not-found @ http://localhost:3000/_next/static/chunks/node_modules_next_dist_20ud_8w._.js:2099
[ 3272179ms] [ERROR] ./components/ui/toast.tsx:5:1
Module not found: Can't resolve 'class-variance-authority'
  3 | import * as React from "react"
  4 | import * as ToastPrimitives from "@radix-ui/react-toast"
> 5 | import { cva, type VariantProps } from "class-variance-authority"
    | ^^^^^^^^^^^^^^^^^^^^^^^^^^^^^^^^^^^^^^^^^^^^^^^^^^^^^^^^^^^^^^^^^
  6 | import { X } from "lucide-react"
  7 |
  8 | import { cn } from "@/lib/utils"

Import traces:
  Client Component Browser:
    ./components/ui/toast.tsx [Client Component Browser]
    ./components/ui/toaster.tsx [Client Component Browser]
    ./components/ui/toaster.tsx [Server Component]
    ./app/layout.tsx [Server Component]

  Client Component SSR:
    ./components/ui/toast.tsx [Client Component SSR]
    ./components/ui/toaster.tsx [Client Component SSR]
    ./components/ui/toaster.tsx [Server Component]
    ./app/layout.tsx [Server Component]

https://nextjs.org/docs/messages/module-not-found @ http://localhost:3000/_next/static/chunks/node_modules_next_dist_20ud_8w._.js:2099
[ 3272180ms] [ERROR] ./lib/utils.ts:1:1
Module not found: Can't resolve 'clsx'
> 1 | import { type ClassValue, clsx } from "clsx"
    | ^^^^^^^^^^^^^^^^^^^^^^^^^^^^^^^^^^^^^^^^^^^^
  2 | import { twMerge } from "tailwind-merge"
  3 |
  4 | export function cn(...inputs: ClassValue[]) {

Import traces:
  Client Component Browser:
    ./lib/utils.ts [Client Component Browser]
    ./components/ui/toast.tsx [Client Component Browser]
    ./components/ui/toaster.tsx [Client Component Browser]
    ./components/ui/toaster.tsx [Server Component]
    ./app/layout.tsx [Server Component]

  Client Component SSR:
    ./lib/utils.ts [Client Component SSR]
    ./components/ui/toast.tsx [Client Component SSR]
    ./components/ui/toaster.tsx [Client Component SSR]
    ./components/ui/toaster.tsx [Server Component]
    ./app/layout.tsx [Server Component]

https://nextjs.org/docs/messages/module-not-found @ http://localhost:3000/_next/static/chunks/node_modules_next_dist_20ud_8w._.js:2099
[ 3272181ms] [ERROR] ./app/page.tsx:2:1
Module not found: Can't resolve 'lucide-react'
  1 | import Link from "next/link"
> 2 | import { ArrowRight, FileText, GitPullRequest, Share2 } from "lucide-react"
    | ^^^^^^^^^^^^^^^^^^^^^^^^^^^^^^^^^^^^^^^^^^^^^^^^^^^^^^^^^^^^^^^^^^^^^^^^^^^
  3 |
  4 | const chain = [
  5 |   {

https://nextjs.org/docs/messages/module-not-found @ http://localhost:3000/_next/static/chunks/node_modules_next_dist_20ud_8w._.js:2099
[ 3272182ms] [ERROR] ./components/ui/toast.tsx:6:1
Module not found: Can't resolve 'lucide-react'
  4 | import * as ToastPrimitives from "@radix-ui/react-toast"
  5 | import { cva, type VariantProps } from "class-variance-authority"
> 6 | import { X } from "lucide-react"
    | ^^^^^^^^^^^^^^^^^^^^^^^^^^^^^^^^
  7 |
  8 | import { cn } from "@/lib/utils"
  9 |

Import traces:
  Client Component Browser:
    ./components/ui/toast.tsx [Client Component Browser]
    ./components/ui/toaster.tsx [Client Component Browser]
    ./components/ui/toaster.tsx [Server Component]
    ./app/layout.tsx [Server Component]

  Client Component SSR:
    ./components/ui/toast.tsx [Client Component SSR]
    ./components/ui/toaster.tsx [Client Component SSR]
    ./components/ui/toaster.tsx [Server Component]
    ./app/layout.tsx [Server Component]

https://nextjs.org/docs/messages/module-not-found @ http://localhost:3000/_next/static/chunks/node_modules_next_dist_20ud_8w._.js:2099
[ 3272183ms] [ERROR] ./lib/utils.ts:2:1
Module not found: Can't resolve 'tailwind-merge'
  1 | import { type ClassValue, clsx } from "clsx"
> 2 | import { twMerge } from "tailwind-merge"
    | ^^^^^^^^^^^^^^^^^^^^^^^^^^^^^^^^^^^^^^^^
  3 |
  4 | export function cn(...inputs: ClassValue[]) {
  5 |   return twMerge(clsx(inputs))

Import traces:
  Client Component Browser:
    ./lib/utils.ts [Client Component Browser]
    ./components/ui/toast.tsx [Client Component Browser]
    ./components/ui/toaster.tsx [Client Component Browser]
    ./components/ui/toaster.tsx [Server Component]
    ./app/layout.tsx [Server Component]

  Client Component SSR:
    ./lib/utils.ts [Client Component SSR]
    ./components/ui/toast.tsx [Client Component SSR]
    ./components/ui/toaster.tsx [Client Component SSR]
    ./components/ui/toaster.tsx [Server Component]
    ./app/layout.tsx [Server Component]

https://nextjs.org/docs/messages/module-not-found @ http://localhost:3000/_next/static/chunks/node_modules_next_dist_20ud_8w._.js:2099
[ 3272237ms] [LOG] [Fast Refresh] rebuilding @ http://localhost:3000/_next/static/chunks/node_modules_next_dist_20ud_8w._.js:1380
[ 3290718ms] [ERROR] ./app/globals.css
Error evaluating Node.js code
CssSyntaxError: tailwindcss: C:\Users\Lenovo\Desktop\线下黑客松\frontend\app\globals.css:1:1: Can't resolve 'tw-animate-css' in 'C:\Users\Lenovo\Desktop\线下黑客松\frontend\app'
    [at Input.error (turbopack:///[project]/node_modules/postcss/lib/input.js:135:16)]
    [at Root.error (turbopack:///[project]/node_modules/postcss/lib/node.js:166:32)]
    [at Object.Once (C:\Users\Lenovo\Desktop\线下黑客松\frontend\node_modules\@tailwindcss\postcss\dist\index.js:10:7013)]
    [at process.processTicksAndRejections (node:internal/process/task_queues:104:5)]
    [at async LazyResult.runAsync (turbopack:///[project]/node_modules/postcss/lib/lazy-result.js:299:11)]
    [at async transform (turbopack:///[turbopack-node]/transforms/postcss.ts:70:34)]
    [at async run (turbopack:///[turbopack-node]/child_process/evaluate.ts:89:23)]

Import trace:
  Client Component Browser:
    ./app/globals.css [Client Component Browser]
    ./app/layout.tsx [Server Component] @ http://localhost:3000/_next/static/chunks/node_modules_next_dist_20ud_8w._.js:2099
[ 3290723ms] [ERROR] ./components/ui/toast.tsx:4:1
Module not found: Can't resolve '@radix-ui/react-toast'
  2 |
  3 | import * as React from "react"
> 4 | import * as ToastPrimitives from "@radix-ui/react-toast"
    | ^^^^^^^^^^^^^^^^^^^^^^^^^^^^^^^^^^^^^^^^^^^^^^^^^^^^^^^^
  5 | import { cva, type VariantProps } from "class-variance-authority"
  6 | import { X } from "lucide-react"
  7 |

Import traces:
  Client Component Browser:
    ./components/ui/toast.tsx [Client Component Browser]
    ./components/ui/toaster.tsx [Client Component Browser]
    ./components/ui/toaster.tsx [Server Component]
    ./app/layout.tsx [Server Component]

  Client Component SSR:
    ./components/ui/toast.tsx [Client Component SSR]
    ./components/ui/toaster.tsx [Client Component SSR]
    ./components/ui/toaster.tsx [Server Component]
    ./app/layout.tsx [Server Component]

https://nextjs.org/docs/messages/module-not-found @ http://localhost:3000/_next/static/chunks/node_modules_next_dist_20ud_8w._.js:2099
[ 3290724ms] [ERROR] ./components/ui/toast.tsx:5:1
Module not found: Can't resolve 'class-variance-authority'
  3 | import * as React from "react"
  4 | import * as ToastPrimitives from "@radix-ui/react-toast"
> 5 | import { cva, type VariantProps } from "class-variance-authority"
    | ^^^^^^^^^^^^^^^^^^^^^^^^^^^^^^^^^^^^^^^^^^^^^^^^^^^^^^^^^^^^^^^^^
  6 | import { X } from "lucide-react"
  7 |
  8 | import { cn } from "@/lib/utils"

Import traces:
  Client Component Browser:
    ./components/ui/toast.tsx [Client Component Browser]
    ./components/ui/toaster.tsx [Client Component Browser]
    ./components/ui/toaster.tsx [Server Component]
    ./app/layout.tsx [Server Component]

  Client Component SSR:
    ./components/ui/toast.tsx [Client Component SSR]
    ./components/ui/toaster.tsx [Client Component SSR]
    ./components/ui/toaster.tsx [Server Component]
    ./app/layout.tsx [Server Component]

https://nextjs.org/docs/messages/module-not-found @ http://localhost:3000/_next/static/chunks/node_modules_next_dist_20ud_8w._.js:2099
[ 3290726ms] [ERROR] ./lib/utils.ts:1:1
Module not found: Can't resolve 'clsx'
> 1 | import { type ClassValue, clsx } from "clsx"
    | ^^^^^^^^^^^^^^^^^^^^^^^^^^^^^^^^^^^^^^^^^^^^
  2 | import { twMerge } from "tailwind-merge"
  3 |
  4 | export function cn(...inputs: ClassValue[]) {

Import traces:
  Client Component Browser:
    ./lib/utils.ts [Client Component Browser]
    ./components/ui/toast.tsx [Client Component Browser]
    ./components/ui/toaster.tsx [Client Component Browser]
    ./components/ui/toaster.tsx [Server Component]
    ./app/layout.tsx [Server Component]

  Client Component SSR:
    ./lib/utils.ts [Client Component SSR]
    ./components/ui/toast.tsx [Client Component SSR]
    ./components/ui/toaster.tsx [Client Component SSR]
    ./components/ui/toaster.tsx [Server Component]
    ./app/layout.tsx [Server Component]

https://nextjs.org/docs/messages/module-not-found @ http://localhost:3000/_next/static/chunks/node_modules_next_dist_20ud_8w._.js:2099
[ 3290726ms] [ERROR] ./app/page.tsx:2:1
Module not found: Can't resolve 'lucide-react'
  1 | import Link from "next/link"
> 2 | import { ArrowRight, FileText, GitPullRequest, Share2 } from "lucide-react"
    | ^^^^^^^^^^^^^^^^^^^^^^^^^^^^^^^^^^^^^^^^^^^^^^^^^^^^^^^^^^^^^^^^^^^^^^^^^^^
  3 |
  4 | const chain = [
  5 |   {

https://nextjs.org/docs/messages/module-not-found @ http://localhost:3000/_next/static/chunks/node_modules_next_dist_20ud_8w._.js:2099
[ 3290727ms] [ERROR] ./components/ui/toast.tsx:6:1
Module not found: Can't resolve 'lucide-react'
  4 | import * as ToastPrimitives from "@radix-ui/react-toast"
  5 | import { cva, type VariantProps } from "class-variance-authority"
> 6 | import { X } from "lucide-react"
    | ^^^^^^^^^^^^^^^^^^^^^^^^^^^^^^^^
  7 |
  8 | import { cn } from "@/lib/utils"
  9 |

Import traces:
  Client Component Browser:
    ./components/ui/toast.tsx [Client Component Browser]
    ./components/ui/toaster.tsx [Client Component Browser]
    ./components/ui/toaster.tsx [Server Component]
    ./app/layout.tsx [Server Component]

  Client Component SSR:
    ./components/ui/toast.tsx [Client Component SSR]
    ./components/ui/toaster.tsx [Client Component SSR]
    ./components/ui/toaster.tsx [Server Component]
    ./app/layout.tsx [Server Component]

https://nextjs.org/docs/messages/module-not-found @ http://localhost:3000/_next/static/chunks/node_modules_next_dist_20ud_8w._.js:2099
[ 3290729ms] [ERROR] ./lib/utils.ts:2:1
Module not found: Can't resolve 'tailwind-merge'
  1 | import { type ClassValue, clsx } from "clsx"
> 2 | import { twMerge } from "tailwind-merge"
    | ^^^^^^^^^^^^^^^^^^^^^^^^^^^^^^^^^^^^^^^^
  3 |
  4 | export function cn(...inputs: ClassValue[]) {
  5 |   return twMerge(clsx(inputs))

Import traces:
  Client Component Browser:
    ./lib/utils.ts [Client Component Browser]
    ./components/ui/toast.tsx [Client Component Browser]
    ./components/ui/toaster.tsx [Client Component Browser]
    ./components/ui/toaster.tsx [Server Component]
    ./app/layout.tsx [Server Component]

  Client Component SSR:
    ./lib/utils.ts [Client Component SSR]
    ./components/ui/toast.tsx [Client Component SSR]
    ./components/ui/toaster.tsx [Client Component SSR]
    ./components/ui/toaster.tsx [Server Component]
    ./app/layout.tsx [Server Component]

https://nextjs.org/docs/messages/module-not-found @ http://localhost:3000/_next/static/chunks/node_modules_next_dist_20ud_8w._.js:2099
[ 3290770ms] [LOG] [Fast Refresh] rebuilding @ http://localhost:3000/_next/static/chunks/node_modules_next_dist_20ud_8w._.js:1380
[ 3300855ms] [LOG] [Fast Refresh] rebuilding @ http://localhost:3000/_next/static/chunks/node_modules_next_dist_20ud_8w._.js:1380
[ 3306513ms] [ERROR] WebSocket connection to 'ws://localhost:3000/_next/webpack-hmr' failed: Error in connection establishment: net::ERR_CONNECTION_REFUSED @ http://localhost:3000/_next/static/chunks/node_modules_next_dist_client_16lnmlo._.js:2343
[ 3309853ms] [ERROR] WebSocket connection to 'ws://localhost:3000/_next/webpack-hmr' failed: Error in connection establishment: net::ERR_CONNECTION_REFUSED @ http://localhost:3000/_next/static/chunks/node_modules_next_dist_client_16lnmlo._.js:2343
[ 3313201ms] [ERROR] WebSocket connection to 'ws://localhost:3000/_next/webpack-hmr' failed: Error in connection establishment: net::ERR_CONNECTION_REFUSED @ http://localhost:3000/_next/static/chunks/node_modules_next_dist_client_16lnmlo._.js:2343
[ 3316552ms] [ERROR] WebSocket connection to 'ws://localhost:3000/_next/webpack-hmr' failed: Error in connection establishment: net::ERR_CONNECTION_REFUSED @ http://localhost:3000/_next/static/chunks/node_modules_next_dist_client_16lnmlo._.js:2343
[ 3319896ms] [ERROR] WebSocket connection to 'ws://localhost:3000/_next/webpack-hmr' failed: Error in connection establishment: net::ERR_CONNECTION_REFUSED @ http://localhost:3000/_next/static/chunks/node_modules_next_dist_client_16lnmlo._.js:2343
[ 3327236ms] [ERROR] WebSocket connection to 'ws://localhost:3000/_next/webpack-hmr' failed: Error in connection establishment: net::ERR_CONNECTION_REFUSED @ http://localhost:3000/_next/static/chunks/node_modules_next_dist_client_16lnmlo._.js:2343
[ 3334581ms] [ERROR] WebSocket connection to 'ws://localhost:3000/_next/webpack-hmr' failed: Error in connection establishment: net::ERR_CONNECTION_REFUSED @ http://localhost:3000/_next/static/chunks/node_modules_next_dist_client_16lnmlo._.js:2343
[ 3341926ms] [ERROR] WebSocket connection to 'ws://localhost:3000/_next/webpack-hmr' failed: Error in connection establishment: net::ERR_CONNECTION_REFUSED @ http://localhost:3000/_next/static/chunks/node_modules_next_dist_client_16lnmlo._.js:2343
[ 3349303ms] [ERROR] WebSocket connection to 'ws://localhost:3000/_next/webpack-hmr' failed: Error in connection establishment: net::ERR_CONNECTION_REFUSED @ http://localhost:3000/_next/static/chunks/node_modules_next_dist_client_16lnmlo._.js:2343
[ 3356671ms] [ERROR] WebSocket connection to 'ws://localhost:3000/_next/webpack-hmr' failed: Error in connection establishment: net::ERR_CONNECTION_REFUSED @ http://localhost:3000/_next/static/chunks/node_modules_next_dist_client_16lnmlo._.js:2343
[ 3364094ms] [ERROR] WebSocket connection to 'ws://localhost:3000/_next/webpack-hmr' failed: Error in connection establishment: net::ERR_CONNECTION_REFUSED @ http://localhost:3000/_next/static/chunks/node_modules_next_dist_client_16lnmlo._.js:2343
[ 3371762ms] [ERROR] WebSocket connection to 'ws://localhost:3000/_next/webpack-hmr' failed: Error in connection establishment: net::ERR_CONNECTION_REFUSED @ http://localhost:3000/_next/static/chunks/node_modules_next_dist_client_16lnmlo._.js:2343
