[    1197ms] [INFO] %cDownload the React DevTools for a better development experience: https://react.dev/link/react-devtools font-weight:bold @ webpack-internal:///(app-pages-browser)/./node_modules/next/dist/compiled/react-dom/cjs/react-dom-client.development.js:25630
[  303094ms] [LOG] [Fast Refresh] rebuilding @ webpack-internal:///(app-pages-browser)/./node_modules/next/dist/client/dev/hot-reloader/app/hot-reloader-app.js:183
[  303564ms] [LOG] [Fast Refresh] done in 470ms @ webpack-internal:///(app-pages-browser)/./node_modules/next/dist/client/dev/report-hmr-latency.js:13
[  316994ms] [LOG] [Fast Refresh] rebuilding @ webpack-internal:///(app-pages-browser)/./node_modules/next/dist/client/dev/hot-reloader/app/hot-reloader-app.js:183
[  317180ms] [LOG] [Fast Refresh] rebuilding @ webpack-internal:///(app-pages-browser)/./node_modules/next/dist/client/dev/hot-reloader/app/hot-reloader-app.js:183
[  317308ms] [LOG] [Fast Refresh] done in 127ms @ webpack-internal:///(app-pages-browser)/./node_modules/next/dist/client/dev/report-hmr-latency.js:13
[  317474ms] [LOG] [Fast Refresh] done in 294ms @ webpack-internal:///(app-pages-browser)/./node_modules/next/dist/client/dev/report-hmr-latency.js:13
[  329580ms] [LOG] [Fast Refresh] rebuilding @ webpack-internal:///(app-pages-browser)/./node_modules/next/dist/client/dev/hot-reloader/app/hot-reloader-app.js:183
[  329759ms] [LOG] [Fast Refresh] rebuilding @ webpack-internal:///(app-pages-browser)/./node_modules/next/dist/client/dev/hot-reloader/app/hot-reloader-app.js:183
[  330054ms] [LOG] [Fast Refresh] done in 295ms @ webpack-internal:///(app-pages-browser)/./node_modules/next/dist/client/dev/report-hmr-latency.js:13
[  330277ms] [LOG] [Fast Refresh] done in 518ms @ webpack-internal:///(app-pages-browser)/./node_modules/next/dist/client/dev/report-hmr-latency.js:13
[  357594ms] [LOG] [Fast Refresh] rebuilding @ webpack-internal:///(app-pages-browser)/./node_modules/next/dist/client/dev/hot-reloader/app/hot-reloader-app.js:183
[  357974ms] [LOG] [Fast Refresh] done in 381ms @ webpack-internal:///(app-pages-browser)/./node_modules/next/dist/client/dev/report-hmr-latency.js:13
[  370355ms] [LOG] [Fast Refresh] rebuilding @ webpack-internal:///(app-pages-browser)/./node_modules/next/dist/client/dev/hot-reloader/app/hot-reloader-app.js:183
[  370522ms] [LOG] [Fast Refresh] rebuilding @ webpack-internal:///(app-pages-browser)/./node_modules/next/dist/client/dev/hot-reloader/app/hot-reloader-app.js:183
[  370570ms] [LOG] [Fast Refresh] done in 49ms @ webpack-internal:///(app-pages-browser)/./node_modules/next/dist/client/dev/report-hmr-latency.js:13
[  370886ms] [LOG] [Fast Refresh] done in 365ms @ webpack-internal:///(app-pages-browser)/./node_modules/next/dist/client/dev/report-hmr-latency.js:13
[  394505ms] [LOG] [Fast Refresh] rebuilding @ webpack-internal:///(app-pages-browser)/./node_modules/next/dist/client/dev/hot-reloader/app/hot-reloader-app.js:183
[  394667ms] [LOG] [Fast Refresh] rebuilding @ webpack-internal:///(app-pages-browser)/./node_modules/next/dist/client/dev/hot-reloader/app/hot-reloader-app.js:183
[  394807ms] [LOG] [Fast Refresh] done in 139ms @ webpack-internal:///(app-pages-browser)/./node_modules/next/dist/client/dev/report-hmr-latency.js:13
[  395050ms] [LOG] [Fast Refresh] done in 383ms @ webpack-internal:///(app-pages-browser)/./node_modules/next/dist/client/dev/report-hmr-latency.js:13
[  408139ms] [LOG] [Fast Refresh] rebuilding @ webpack-internal:///(app-pages-browser)/./node_modules/next/dist/client/dev/hot-reloader/app/hot-reloader-app.js:183
[  408314ms] [LOG] [Fast Refresh] rebuilding @ webpack-internal:///(app-pages-browser)/./node_modules/next/dist/client/dev/hot-reloader/app/hot-reloader-app.js:183
[  408341ms] [LOG] [Fast Refresh] done in 26ms @ webpack-internal:///(app-pages-browser)/./node_modules/next/dist/client/dev/report-hmr-latency.js:13
[  408680ms] [LOG] [Fast Refresh] done in 365ms @ webpack-internal:///(app-pages-browser)/./node_modules/next/dist/client/dev/report-hmr-latency.js:13
[  422669ms] [LOG] [Fast Refresh] rebuilding @ webpack-internal:///(app-pages-browser)/./node_modules/next/dist/client/dev/hot-reloader/app/hot-reloader-app.js:183
[  422839ms] [LOG] [Fast Refresh] rebuilding @ webpack-internal:///(app-pages-browser)/./node_modules/next/dist/client/dev/hot-reloader/app/hot-reloader-app.js:183
[  422855ms] [LOG] [Fast Refresh] done in 15ms @ webpack-internal:///(app-pages-browser)/./node_modules/next/dist/client/dev/report-hmr-latency.js:13
[  423379ms] [LOG] [Fast Refresh] done in 540ms @ webpack-internal:///(app-pages-browser)/./node_modules/next/dist/client/dev/report-hmr-latency.js:13
[  437101ms] [LOG] [Fast Refresh] rebuilding @ webpack-internal:///(app-pages-browser)/./node_modules/next/dist/client/dev/hot-reloader/app/hot-reloader-app.js:183
[  437260ms] [LOG] [Fast Refresh] rebuilding @ webpack-internal:///(app-pages-browser)/./node_modules/next/dist/client/dev/hot-reloader/app/hot-reloader-app.js:183
[  437404ms] [LOG] [Fast Refresh] done in 143ms @ webpack-internal:///(app-pages-browser)/./node_modules/next/dist/client/dev/report-hmr-latency.js:13
[  437711ms] [LOG] [Fast Refresh] done in 450ms @ webpack-internal:///(app-pages-browser)/./node_modules/next/dist/client/dev/report-hmr-latency.js:13
[  450666ms] [LOG] [Fast Refresh] rebuilding @ webpack-internal:///(app-pages-browser)/./node_modules/next/dist/client/dev/hot-reloader/app/hot-reloader-app.js:183
[  450813ms] [LOG] [Fast Refresh] rebuilding @ webpack-internal:///(app-pages-browser)/./node_modules/next/dist/client/dev/hot-reloader/app/hot-reloader-app.js:183
[  450835ms] [LOG] [Fast Refresh] done in 22ms @ webpack-internal:///(app-pages-browser)/./node_modules/next/dist/client/dev/report-hmr-latency.js:13
[  451226ms] [LOG] [Fast Refresh] done in 412ms @ webpack-internal:///(app-pages-browser)/./node_modules/next/dist/client/dev/report-hmr-latency.js:13
[  470837ms] [LOG] [Fast Refresh] rebuilding @ webpack-internal:///(app-pages-browser)/./node_modules/next/dist/client/dev/hot-reloader/app/hot-reloader-app.js:183
[  471021ms] [LOG] [Fast Refresh] rebuilding @ webpack-internal:///(app-pages-browser)/./node_modules/next/dist/client/dev/hot-reloader/app/hot-reloader-app.js:183
[  471112ms] [LOG] [Fast Refresh] done in 90ms @ webpack-internal:///(app-pages-browser)/./node_modules/next/dist/client/dev/report-hmr-latency.js:13
[  471492ms] [LOG] [Fast Refresh] done in 470ms @ webpack-internal:///(app-pages-browser)/./node_modules/next/dist/client/dev/report-hmr-latency.js:13
[  487948ms] [LOG] [Fast Refresh] rebuilding @ webpack-internal:///(app-pages-browser)/./node_modules/next/dist/client/dev/hot-reloader/app/hot-reloader-app.js:183
[  488160ms] [LOG] [Fast Refresh] rebuilding @ webpack-internal:///(app-pages-browser)/./node_modules/next/dist/client/dev/hot-reloader/app/hot-reloader-app.js:183
[  488198ms] [LOG] [Fast Refresh] done in 37ms @ webpack-internal:///(app-pages-browser)/./node_modules/next/dist/client/dev/report-hmr-latency.js:13
[  488738ms] [LOG] [Fast Refresh] done in 577ms @ webpack-internal:///(app-pages-browser)/./node_modules/next/dist/client/dev/report-hmr-latency.js:13
[  754399ms] [LOG] [Fast Refresh] rebuilding @ webpack-internal:///(app-pages-browser)/./node_modules/next/dist/client/dev/hot-reloader/app/hot-reloader-app.js:183
[  754674ms] [LOG] [Fast Refresh] rebuilding @ webpack-internal:///(app-pages-browser)/./node_modules/next/dist/client/dev/hot-reloader/app/hot-reloader-app.js:183
[  754827ms] [LOG] [Fast Refresh] done in 152ms @ webpack-internal:///(app-pages-browser)/./node_modules/next/dist/client/dev/report-hmr-latency.js:13
[  755897ms] [LOG] [Fast Refresh] done in 1222ms @ webpack-internal:///(app-pages-browser)/./node_modules/next/dist/client/dev/report-hmr-latency.js:13
[  773490ms] [LOG] [Fast Refresh] rebuilding @ webpack-internal:///(app-pages-browser)/./node_modules/next/dist/client/dev/hot-reloader/app/hot-reloader-app.js:183
[  773655ms] [LOG] [Fast Refresh] rebuilding @ webpack-internal:///(app-pages-browser)/./node_modules/next/dist/client/dev/hot-reloader/app/hot-reloader-app.js:183
[  773817ms] [LOG] [Fast Refresh] done in 162ms @ webpack-internal:///(app-pages-browser)/./node_modules/next/dist/client/dev/report-hmr-latency.js:13
[  773977ms] [LOG] [Fast Refresh] done in 322ms @ webpack-internal:///(app-pages-browser)/./node_modules/next/dist/client/dev/report-hmr-latency.js:13
[  777130ms] [WARNING] The resource http://localhost:3100/_next/static/css/app/layout.css?v=1785481329055 was preloaded using link preload but not used within a few seconds from the window's load event. Please make sure it has an appropriate `as` value and it is preloaded intentionally. @ http://localhost:3100/board/brd_f7c85f60d009:0
[  781698ms] [WARNING] The resource http://localhost:3100/_next/static/css/app/layout.css?v=1785481329055 was preloaded using link preload but not used within a few seconds from the window's load event. Please make sure it has an appropriate `as` value and it is preloaded intentionally. @ http://localhost:3100/board/brd_f7c85f60d009:0
[  786726ms] [WARNING] The resource http://localhost:3100/_next/static/css/app/layout.css?v=1785481329055 was preloaded using link preload but not used within a few seconds from the window's load event. Please make sure it has an appropriate `as` value and it is preloaded intentionally. @ http://localhost:3100/board/brd_f7c85f60d009:0
[  787626ms] [LOG] [Fast Refresh] rebuilding @ webpack-internal:///(app-pages-browser)/./node_modules/next/dist/client/dev/hot-reloader/app/hot-reloader-app.js:183
[  788052ms] [LOG] [Fast Refresh] done in 426ms @ webpack-internal:///(app-pages-browser)/./node_modules/next/dist/client/dev/report-hmr-latency.js:13
[  791709ms] [WARNING] The resource http://localhost:3100/_next/static/css/app/layout.css?v=1785481329055 was preloaded using link preload but not used within a few seconds from the window's load event. Please make sure it has an appropriate `as` value and it is preloaded intentionally. @ http://localhost:3100/board/brd_f7c85f60d009:0
[  796701ms] [WARNING] The resource http://localhost:3100/_next/static/css/app/layout.css?v=1785481329055 was preloaded using link preload but not used within a few seconds from the window's load event. Please make sure it has an appropriate `as` value and it is preloaded intentionally. @ http://localhost:3100/board/brd_f7c85f60d009:0
[  801472ms] [LOG] [Fast Refresh] rebuilding @ webpack-internal:///(app-pages-browser)/./node_modules/next/dist/client/dev/hot-reloader/app/hot-reloader-app.js:183
[  801603ms] [LOG] [Fast Refresh] rebuilding @ webpack-internal:///(app-pages-browser)/./node_modules/next/dist/client/dev/hot-reloader/app/hot-reloader-app.js:183
[  801621ms] [LOG] [Fast Refresh] done in 18ms @ webpack-internal:///(app-pages-browser)/./node_modules/next/dist/client/dev/report-hmr-latency.js:13
[  801962ms] [LOG] [Fast Refresh] done in 359ms @ webpack-internal:///(app-pages-browser)/./node_modules/next/dist/client/dev/report-hmr-latency.js:13
[  806708ms] [WARNING] The resource http://localhost:3100/_next/static/css/app/layout.css?v=1785481329055 was preloaded using link preload but not used within a few seconds from the window's load event. Please make sure it has an appropriate `as` value and it is preloaded intentionally. @ http://localhost:3100/board/brd_f7c85f60d009:0
[  811706ms] [WARNING] The resource http://localhost:3100/_next/static/css/app/layout.css?v=1785481329055 was preloaded using link preload but not used within a few seconds from the window's load event. Please make sure it has an appropriate `as` value and it is preloaded intentionally. @ http://localhost:3100/board/brd_f7c85f60d009:0
[  816701ms] [WARNING] The resource http://localhost:3100/_next/static/css/app/layout.css?v=1785481329055 was preloaded using link preload but not used within a few seconds from the window's load event. Please make sure it has an appropriate `as` value and it is preloaded intentionally. @ http://localhost:3100/board/brd_f7c85f60d009:0
[  816922ms] [LOG] [Fast Refresh] rebuilding @ webpack-internal:///(app-pages-browser)/./node_modules/next/dist/client/dev/hot-reloader/app/hot-reloader-app.js:183
[  817076ms] [LOG] [Fast Refresh] rebuilding @ webpack-internal:///(app-pages-browser)/./node_modules/next/dist/client/dev/hot-reloader/app/hot-reloader-app.js:183
[  817093ms] [LOG] [Fast Refresh] done in 16ms @ webpack-internal:///(app-pages-browser)/./node_modules/next/dist/client/dev/report-hmr-latency.js:13
[  817623ms] [LOG] [Fast Refresh] done in 547ms @ webpack-internal:///(app-pages-browser)/./node_modules/next/dist/client/dev/report-hmr-latency.js:13
[  821706ms] [WARNING] The resource http://localhost:3100/_next/static/css/app/layout.css?v=1785481329055 was preloaded using link preload but not used within a few seconds from the window's load event. Please make sure it has an appropriate `as` value and it is preloaded intentionally. @ http://localhost:3100/board/brd_f7c85f60d009:0
[  826706ms] [WARNING] The resource http://localhost:3100/_next/static/css/app/layout.css?v=1785481329055 was preloaded using link preload but not used within a few seconds from the window's load event. Please make sure it has an appropriate `as` value and it is preloaded intentionally. @ http://localhost:3100/board/brd_f7c85f60d009:0
[  830966ms] [LOG] [Fast Refresh] rebuilding @ webpack-internal:///(app-pages-browser)/./node_modules/next/dist/client/dev/hot-reloader/app/hot-reloader-app.js:183
[  831129ms] [LOG] [Fast Refresh] rebuilding @ webpack-internal:///(app-pages-browser)/./node_modules/next/dist/client/dev/hot-reloader/app/hot-reloader-app.js:183
[  831148ms] [LOG] [Fast Refresh] done in 19ms @ webpack-internal:///(app-pages-browser)/./node_modules/next/dist/client/dev/report-hmr-latency.js:13
[  831461ms] [LOG] [Fast Refresh] done in 333ms @ webpack-internal:///(app-pages-browser)/./node_modules/next/dist/client/dev/report-hmr-latency.js:13
[  836704ms] [WARNING] The resource http://localhost:3100/_next/static/css/app/layout.css?v=1785481329055 was preloaded using link preload but not used within a few seconds from the window's load event. Please make sure it has an appropriate `as` value and it is preloaded intentionally. @ http://localhost:3100/board/brd_f7c85f60d009:0
[  841701ms] [WARNING] The resource http://localhost:3100/_next/static/css/app/layout.css?v=1785481329055 was preloaded using link preload but not used within a few seconds from the window's load event. Please make sure it has an appropriate `as` value and it is preloaded intentionally. @ http://localhost:3100/board/brd_f7c85f60d009:0
[  844662ms] [LOG] [Fast Refresh] rebuilding @ webpack-internal:///(app-pages-browser)/./node_modules/next/dist/client/dev/hot-reloader/app/hot-reloader-app.js:183
[  844837ms] [LOG] [Fast Refresh] rebuilding @ webpack-internal:///(app-pages-browser)/./node_modules/next/dist/client/dev/hot-reloader/app/hot-reloader-app.js:183
[  844940ms] [LOG] [Fast Refresh] done in 102ms @ webpack-internal:///(app-pages-browser)/./node_modules/next/dist/client/dev/report-hmr-latency.js:13
[  845287ms] [LOG] [Fast Refresh] done in 450ms @ webpack-internal:///(app-pages-browser)/./node_modules/next/dist/client/dev/report-hmr-latency.js:13
[  848390ms] [WARNING] The resource http://localhost:3100/_next/static/css/app/layout.css?v=1785481329055 was preloaded using link preload but not used within a few seconds from the window's load event. Please make sure it has an appropriate `as` value and it is preloaded intentionally. @ http://localhost:3100/board/brd_f7c85f60d009:0
[  851712ms] [WARNING] The resource http://localhost:3100/_next/static/css/app/layout.css?v=1785481329055 was preloaded using link preload but not used within a few seconds from the window's load event. Please make sure it has an appropriate `as` value and it is preloaded intentionally. @ http://localhost:3100/board/brd_f7c85f60d009:0
[  856719ms] [WARNING] The resource http://localhost:3100/_next/static/css/app/layout.css?v=1785481329055 was preloaded using link preload but not used within a few seconds from the window's load event. Please make sure it has an appropriate `as` value and it is preloaded intentionally. @ http://localhost:3100/board/brd_f7c85f60d009:0
[  861182ms] [LOG] [Fast Refresh] rebuilding @ webpack-internal:///(app-pages-browser)/./node_modules/next/dist/client/dev/hot-reloader/app/hot-reloader-app.js:183
[  861325ms] [LOG] [Fast Refresh] rebuilding @ webpack-internal:///(app-pages-browser)/./node_modules/next/dist/client/dev/hot-reloader/app/hot-reloader-app.js:183
[  861343ms] [LOG] [Fast Refresh] done in 18ms @ webpack-internal:///(app-pages-browser)/./node_modules/next/dist/client/dev/report-hmr-latency.js:13
[  861628ms] [LOG] [Fast Refresh] done in 303ms @ webpack-internal:///(app-pages-browser)/./node_modules/next/dist/client/dev/report-hmr-latency.js:13
[  866723ms] [WARNING] The resource http://localhost:3100/_next/static/css/app/layout.css?v=1785481329055 was preloaded using link preload but not used within a few seconds from the window's load event. Please make sure it has an appropriate `as` value and it is preloaded intentionally. @ http://localhost:3100/board/brd_f7c85f60d009:0
[  871738ms] [WARNING] The resource http://localhost:3100/_next/static/css/app/layout.css?v=1785481329055 was preloaded using link preload but not used within a few seconds from the window's load event. Please make sure it has an appropriate `as` value and it is preloaded intentionally. @ http://localhost:3100/board/brd_f7c85f60d009:0
[  875013ms] [LOG] [Fast Refresh] rebuilding @ webpack-internal:///(app-pages-browser)/./node_modules/next/dist/client/dev/hot-reloader/app/hot-reloader-app.js:183
[  875476ms] [LOG] [Fast Refresh] done in 463ms @ webpack-internal:///(app-pages-browser)/./node_modules/next/dist/client/dev/report-hmr-latency.js:13
[  881709ms] [WARNING] The resource http://localhost:3100/_next/static/css/app/layout.css?v=1785481329055 was preloaded using link preload but not used within a few seconds from the window's load event. Please make sure it has an appropriate `as` value and it is preloaded intentionally. @ http://localhost:3100/board/brd_f7c85f60d009:0
[  886708ms] [WARNING] The resource http://localhost:3100/_next/static/css/app/layout.css?v=1785481329055 was preloaded using link preload but not used within a few seconds from the window's load event. Please make sure it has an appropriate `as` value and it is preloaded intentionally. @ http://localhost:3100/board/brd_f7c85f60d009:0
[  891710ms] [WARNING] The resource http://localhost:3100/_next/static/css/app/layout.css?v=1785481329055 was preloaded using link preload but not used within a few seconds from the window's load event. Please make sure it has an appropriate `as` value and it is preloaded intentionally. @ http://localhost:3100/board/brd_f7c85f60d009:0
[  893630ms] [LOG] [Fast Refresh] rebuilding @ webpack-internal:///(app-pages-browser)/./node_modules/next/dist/client/dev/hot-reloader/app/hot-reloader-app.js:183
[  893910ms] [LOG] [Fast Refresh] rebuilding @ webpack-internal:///(app-pages-browser)/./node_modules/next/dist/client/dev/hot-reloader/app/hot-reloader-app.js:183
[  894113ms] [LOG] [Fast Refresh] done in 203ms @ webpack-internal:///(app-pages-browser)/./node_modules/next/dist/client/dev/report-hmr-latency.js:13
[  894638ms] [LOG] [Fast Refresh] done in 728ms @ webpack-internal:///(app-pages-browser)/./node_modules/next/dist/client/dev/report-hmr-latency.js:13
[  897799ms] [WARNING] The resource http://localhost:3100/_next/static/css/app/layout.css?v=1785481329055 was preloaded using link preload but not used within a few seconds from the window's load event. Please make sure it has an appropriate `as` value and it is preloaded intentionally. @ http://localhost:3100/board/brd_f7c85f60d009:0
[  901711ms] [WARNING] The resource http://localhost:3100/_next/static/css/app/layout.css?v=1785481329055 was preloaded using link preload but not used within a few seconds from the window's load event. Please make sure it has an appropriate `as` value and it is preloaded intentionally. @ http://localhost:3100/board/brd_f7c85f60d009:0
[  906782ms] [WARNING] The resource http://localhost:3100/_next/static/css/app/layout.css?v=1785481329055 was preloaded using link preload but not used within a few seconds from the window's load event. Please make sure it has an appropriate `as` value and it is preloaded intentionally. @ http://localhost:3100/board/brd_f7c85f60d009:0
[  908946ms] [LOG] [Fast Refresh] rebuilding @ webpack-internal:///(app-pages-browser)/./node_modules/next/dist/client/dev/hot-reloader/app/hot-reloader-app.js:183
[  909088ms] [LOG] [Fast Refresh] rebuilding @ webpack-internal:///(app-pages-browser)/./node_modules/next/dist/client/dev/hot-reloader/app/hot-reloader-app.js:183
[  909104ms] [LOG] [Fast Refresh] done in 16ms @ webpack-internal:///(app-pages-browser)/./node_modules/next/dist/client/dev/report-hmr-latency.js:13
[  909520ms] [LOG] [Fast Refresh] done in 432ms @ webpack-internal:///(app-pages-browser)/./node_modules/next/dist/client/dev/report-hmr-latency.js:13
[  912685ms] [WARNING] The resource http://localhost:3100/_next/static/css/app/layout.css?v=1785481329055 was preloaded using link preload but not used within a few seconds from the window's load event. Please make sure it has an appropriate `as` value and it is preloaded intentionally. @ http://localhost:3100/board/brd_f7c85f60d009:0
[  916715ms] [WARNING] The resource http://localhost:3100/_next/static/css/app/layout.css?v=1785481329055 was preloaded using link preload but not used within a few seconds from the window's load event. Please make sure it has an appropriate `as` value and it is preloaded intentionally. @ http://localhost:3100/board/brd_f7c85f60d009:0
[  921706ms] [WARNING] The resource http://localhost:3100/_next/static/css/app/layout.css?v=1785481329055 was preloaded using link preload but not used within a few seconds from the window's load event. Please make sure it has an appropriate `as` value and it is preloaded intentionally. @ http://localhost:3100/board/brd_f7c85f60d009:0
[  923229ms] [LOG] [Fast Refresh] rebuilding @ webpack-internal:///(app-pages-browser)/./node_modules/next/dist/client/dev/hot-reloader/app/hot-reloader-app.js:183
[  923485ms] [LOG] [Fast Refresh] rebuilding @ webpack-internal:///(app-pages-browser)/./node_modules/next/dist/client/dev/hot-reloader/app/hot-reloader-app.js:183
[  923555ms] [LOG] [Fast Refresh] done in 70ms @ webpack-internal:///(app-pages-browser)/./node_modules/next/dist/client/dev/report-hmr-latency.js:13
[  924151ms] [LOG] [Fast Refresh] done in 665ms @ webpack-internal:///(app-pages-browser)/./node_modules/next/dist/client/dev/report-hmr-latency.js:13
[  927237ms] [WARNING] The resource http://localhost:3100/_next/static/css/app/layout.css?v=1785481329055 was preloaded using link preload but not used within a few seconds from the window's load event. Please make sure it has an appropriate `as` value and it is preloaded intentionally. @ http://localhost:3100/board/brd_f7c85f60d009:0
[  931717ms] [WARNING] The resource http://localhost:3100/_next/static/css/app/layout.css?v=1785481329055 was preloaded using link preload but not used within a few seconds from the window's load event. Please make sure it has an appropriate `as` value and it is preloaded intentionally. @ http://localhost:3100/board/brd_f7c85f60d009:0
[  936714ms] [WARNING] The resource http://localhost:3100/_next/static/css/app/layout.css?v=1785481329055 was preloaded using link preload but not used within a few seconds from the window's load event. Please make sure it has an appropriate `as` value and it is preloaded intentionally. @ http://localhost:3100/board/brd_f7c85f60d009:0
[  937617ms] [LOG] [Fast Refresh] rebuilding @ webpack-internal:///(app-pages-browser)/./node_modules/next/dist/client/dev/hot-reloader/app/hot-reloader-app.js:183
[  937758ms] [LOG] [Fast Refresh] rebuilding @ webpack-internal:///(app-pages-browser)/./node_modules/next/dist/client/dev/hot-reloader/app/hot-reloader-app.js:183
[  937781ms] [LOG] [Fast Refresh] done in 24ms @ webpack-internal:///(app-pages-browser)/./node_modules/next/dist/client/dev/report-hmr-latency.js:13
[  938082ms] [LOG] [Fast Refresh] done in 324ms @ webpack-internal:///(app-pages-browser)/./node_modules/next/dist/client/dev/report-hmr-latency.js:13
[  941705ms] [WARNING] The resource http://localhost:3100/_next/static/css/app/layout.css?v=1785481329055 was preloaded using link preload but not used within a few seconds from the window's load event. Please make sure it has an appropriate `as` value and it is preloaded intentionally. @ http://localhost:3100/board/brd_f7c85f60d009:0
[  946709ms] [WARNING] The resource http://localhost:3100/_next/static/css/app/layout.css?v=1785481329055 was preloaded using link preload but not used within a few seconds from the window's load event. Please make sure it has an appropriate `as` value and it is preloaded intentionally. @ http://localhost:3100/board/brd_f7c85f60d009:0
[  951711ms] [WARNING] The resource http://localhost:3100/_next/static/css/app/layout.css?v=1785481329055 was preloaded using link preload but not used within a few seconds from the window's load event. Please make sure it has an appropriate `as` value and it is preloaded intentionally. @ http://localhost:3100/board/brd_f7c85f60d009:0
[  956716ms] [WARNING] The resource http://localhost:3100/_next/static/css/app/layout.css?v=1785481329055 was preloaded using link preload but not used within a few seconds from the window's load event. Please make sure it has an appropriate `as` value and it is preloaded intentionally. @ http://localhost:3100/board/brd_f7c85f60d009:0
[  961703ms] [WARNING] The resource http://localhost:3100/_next/static/css/app/layout.css?v=1785481329055 was preloaded using link preload but not used within a few seconds from the window's load event. Please make sure it has an appropriate `as` value and it is preloaded intentionally. @ http://localhost:3100/board/brd_f7c85f60d009:0
[  966705ms] [WARNING] The resource http://localhost:3100/_next/static/css/app/layout.css?v=1785481329055 was preloaded using link preload but not used within a few seconds from the window's load event. Please make sure it has an appropriate `as` value and it is preloaded intentionally. @ http://localhost:3100/board/brd_f7c85f60d009:0
[  971706ms] [WARNING] The resource http://localhost:3100/_next/static/css/app/layout.css?v=1785481329055 was preloaded using link preload but not used within a few seconds from the window's load event. Please make sure it has an appropriate `as` value and it is preloaded intentionally. @ http://localhost:3100/board/brd_f7c85f60d009:0
[  976714ms] [WARNING] The resource http://localhost:3100/_next/static/css/app/layout.css?v=1785481329055 was preloaded using link preload but not used within a few seconds from the window's load event. Please make sure it has an appropriate `as` value and it is preloaded intentionally. @ http://localhost:3100/board/brd_f7c85f60d009:0
[  981732ms] [WARNING] The resource http://localhost:3100/_next/static/css/app/layout.css?v=1785481329055 was preloaded using link preload but not used within a few seconds from the window's load event. Please make sure it has an appropriate `as` value and it is preloaded intentionally. @ http://localhost:3100/board/brd_f7c85f60d009:0
[  986717ms] [WARNING] The resource http://localhost:3100/_next/static/css/app/layout.css?v=1785481329055 was preloaded using link preload but not used within a few seconds from the window's load event. Please make sure it has an appropriate `as` value and it is preloaded intentionally. @ http://localhost:3100/board/brd_f7c85f60d009:0
[  991716ms] [WARNING] The resource http://localhost:3100/_next/static/css/app/layout.css?v=1785481329055 was preloaded using link preload but not used within a few seconds from the window's load event. Please make sure it has an appropriate `as` value and it is preloaded intentionally. @ http://localhost:3100/board/brd_f7c85f60d009:0
[  996708ms] [WARNING] The resource http://localhost:3100/_next/static/css/app/layout.css?v=1785481329055 was preloaded using link preload but not used within a few seconds from the window's load event. Please make sure it has an appropriate `as` value and it is preloaded intentionally. @ http://localhost:3100/board/brd_f7c85f60d009:0
[ 1001709ms] [WARNING] The resource http://localhost:3100/_next/static/css/app/layout.css?v=1785481329055 was preloaded using link preload but not used within a few seconds from the window's load event. Please make sure it has an appropriate `as` value and it is preloaded intentionally. @ http://localhost:3100/board/brd_f7c85f60d009:0
[ 1006730ms] [WARNING] The resource http://localhost:3100/_next/static/css/app/layout.css?v=1785481329055 was preloaded using link preload but not used within a few seconds from the window's load event. Please make sure it has an appropriate `as` value and it is preloaded intentionally. @ http://localhost:3100/board/brd_f7c85f60d009:0
[ 1011706ms] [WARNING] The resource http://localhost:3100/_next/static/css/app/layout.css?v=1785481329055 was preloaded using link preload but not used within a few seconds from the window's load event. Please make sure it has an appropriate `as` value and it is preloaded intentionally. @ http://localhost:3100/board/brd_f7c85f60d009:0
[ 1016712ms] [WARNING] The resource http://localhost:3100/_next/static/css/app/layout.css?v=1785481329055 was preloaded using link preload but not used within a few seconds from the window's load event. Please make sure it has an appropriate `as` value and it is preloaded intentionally. @ http://localhost:3100/board/brd_f7c85f60d009:0
[ 1021722ms] [WARNING] The resource http://localhost:3100/_next/static/css/app/layout.css?v=1785481329055 was preloaded using link preload but not used within a few seconds from the window's load event. Please make sure it has an appropriate `as` value and it is preloaded intentionally. @ http://localhost:3100/board/brd_f7c85f60d009:0
[ 1026705ms] [WARNING] The resource http://localhost:3100/_next/static/css/app/layout.css?v=1785481329055 was preloaded using link preload but not used within a few seconds from the window's load event. Please make sure it has an appropriate `as` value and it is preloaded intentionally. @ http://localhost:3100/board/brd_f7c85f60d009:0
[ 1031712ms] [WARNING] The resource http://localhost:3100/_next/static/css/app/layout.css?v=1785481329055 was preloaded using link preload but not used within a few seconds from the window's load event. Please make sure it has an appropriate `as` value and it is preloaded intentionally. @ http://localhost:3100/board/brd_f7c85f60d009:0
[ 1036730ms] [WARNING] The resource http://localhost:3100/_next/static/css/app/layout.css?v=1785481329055 was preloaded using link preload but not used within a few seconds from the window's load event. Please make sure it has an appropriate `as` value and it is preloaded intentionally. @ http://localhost:3100/board/brd_f7c85f60d009:0
[ 1041703ms] [WARNING] The resource http://localhost:3100/_next/static/css/app/layout.css?v=1785481329055 was preloaded using link preload but not used within a few seconds from the window's load event. Please make sure it has an appropriate `as` value and it is preloaded intentionally. @ http://localhost:3100/board/brd_f7c85f60d009:0
[ 1046700ms] [WARNING] The resource http://localhost:3100/_next/static/css/app/layout.css?v=1785481329055 was preloaded using link preload but not used within a few seconds from the window's load event. Please make sure it has an appropriate `as` value and it is preloaded intentionally. @ http://localhost:3100/board/brd_f7c85f60d009:0
[ 1051710ms] [WARNING] The resource http://localhost:3100/_next/static/css/app/layout.css?v=1785481329055 was preloaded using link preload but not used within a few seconds from the window's load event. Please make sure it has an appropriate `as` value and it is preloaded intentionally. @ http://localhost:3100/board/brd_f7c85f60d009:0
[ 1056715ms] [WARNING] The resource http://localhost:3100/_next/static/css/app/layout.css?v=1785481329055 was preloaded using link preload but not used within a few seconds from the window's load event. Please make sure it has an appropriate `as` value and it is preloaded intentionally. @ http://localhost:3100/board/brd_f7c85f60d009:0
[ 1061712ms] [WARNING] The resource http://localhost:3100/_next/static/css/app/layout.css?v=1785481329055 was preloaded using link preload but not used within a few seconds from the window's load event. Please make sure it has an appropriate `as` value and it is preloaded intentionally. @ http://localhost:3100/board/brd_f7c85f60d009:0
[ 1066727ms] [WARNING] The resource http://localhost:3100/_next/static/css/app/layout.css?v=1785481329055 was preloaded using link preload but not used within a few seconds from the window's load event. Please make sure it has an appropriate `as` value and it is preloaded intentionally. @ http://localhost:3100/board/brd_f7c85f60d009:0
[ 1071708ms] [WARNING] The resource http://localhost:3100/_next/static/css/app/layout.css?v=1785481329055 was preloaded using link preload but not used within a few seconds from the window's load event. Please make sure it has an appropriate `as` value and it is preloaded intentionally. @ http://localhost:3100/board/brd_f7c85f60d009:0
[ 1076717ms] [WARNING] The resource http://localhost:3100/_next/static/css/app/layout.css?v=1785481329055 was preloaded using link preload but not used within a few seconds from the window's load event. Please make sure it has an appropriate `as` value and it is preloaded intentionally. @ http://localhost:3100/board/brd_f7c85f60d009:0
[ 1081698ms] [WARNING] The resource http://localhost:3100/_next/static/css/app/layout.css?v=1785481329055 was preloaded using link preload but not used within a few seconds from the window's load event. Please make sure it has an appropriate `as` value and it is preloaded intentionally. @ http://localhost:3100/board/brd_f7c85f60d009:0
[ 1086702ms] [WARNING] The resource http://localhost:3100/_next/static/css/app/layout.css?v=1785481329055 was preloaded using link preload but not used within a few seconds from the window's load event. Please make sure it has an appropriate `as` value and it is preloaded intentionally. @ http://localhost:3100/board/brd_f7c85f60d009:0
[ 1091698ms] [WARNING] The resource http://localhost:3100/_next/static/css/app/layout.css?v=1785481329055 was preloaded using link preload but not used within a few seconds from the window's load event. Please make sure it has an appropriate `as` value and it is preloaded intentionally. @ http://localhost:3100/board/brd_f7c85f60d009:0
[ 1096708ms] [WARNING] The resource http://localhost:3100/_next/static/css/app/layout.css?v=1785481329055 was preloaded using link preload but not used within a few seconds from the window's load event. Please make sure it has an appropriate `as` value and it is preloaded intentionally. @ http://localhost:3100/board/brd_f7c85f60d009:0
[ 1101696ms] [WARNING] The resource http://localhost:3100/_next/static/css/app/layout.css?v=1785481329055 was preloaded using link preload but not used within a few seconds from the window's load event. Please make sure it has an appropriate `as` value and it is preloaded intentionally. @ http://localhost:3100/board/brd_f7c85f60d009:0
[ 1106712ms] [WARNING] The resource http://localhost:3100/_next/static/css/app/layout.css?v=1785481329055 was preloaded using link preload but not used within a few seconds from the window's load event. Please make sure it has an appropriate `as` value and it is preloaded intentionally. @ http://localhost:3100/board/brd_f7c85f60d009:0
[ 1111703ms] [WARNING] The resource http://localhost:3100/_next/static/css/app/layout.css?v=1785481329055 was preloaded using link preload but not used within a few seconds from the window's load event. Please make sure it has an appropriate `as` value and it is preloaded intentionally. @ http://localhost:3100/board/brd_f7c85f60d009:0
[ 1116729ms] [WARNING] The resource http://localhost:3100/_next/static/css/app/layout.css?v=1785481329055 was preloaded using link preload but not used within a few seconds from the window's load event. Please make sure it has an appropriate `as` value and it is preloaded intentionally. @ http://localhost:3100/board/brd_f7c85f60d009:0
[ 1121757ms] [WARNING] The resource http://localhost:3100/_next/static/css/app/layout.css?v=1785481329055 was preloaded using link preload but not used within a few seconds from the window's load event. Please make sure it has an appropriate `as` value and it is preloaded intentionally. @ http://localhost:3100/board/brd_f7c85f60d009:0
[ 1126761ms] [WARNING] The resource http://localhost:3100/_next/static/css/app/layout.css?v=1785481329055 was preloaded using link preload but not used within a few seconds from the window's load event. Please make sure it has an appropriate `as` value and it is preloaded intentionally. @ http://localhost:3100/board/brd_f7c85f60d009:0
[ 1131726ms] [WARNING] The resource http://localhost:3100/_next/static/css/app/layout.css?v=1785481329055 was preloaded using link preload but not used within a few seconds from the window's load event. Please make sure it has an appropriate `as` value and it is preloaded intentionally. @ http://localhost:3100/board/brd_f7c85f60d009:0
[ 1136713ms] [WARNING] The resource http://localhost:3100/_next/static/css/app/layout.css?v=1785481329055 was preloaded using link preload but not used within a few seconds from the window's load event. Please make sure it has an appropriate `as` value and it is preloaded intentionally. @ http://localhost:3100/board/brd_f7c85f60d009:0
[ 1141728ms] [WARNING] The resource http://localhost:3100/_next/static/css/app/layout.css?v=1785481329055 was preloaded using link preload but not used within a few seconds from the window's load event. Please make sure it has an appropriate `as` value and it is preloaded intentionally. @ http://localhost:3100/board/brd_f7c85f60d009:0
[ 1146702ms] [WARNING] The resource http://localhost:3100/_next/static/css/app/layout.css?v=1785481329055 was preloaded using link preload but not used within a few seconds from the window's load event. Please make sure it has an appropriate `as` value and it is preloaded intentionally. @ http://localhost:3100/board/brd_f7c85f60d009:0
[ 1151830ms] [WARNING] The resource http://localhost:3100/_next/static/css/app/layout.css?v=1785481329055 was preloaded using link preload but not used within a few seconds from the window's load event. Please make sure it has an appropriate `as` value and it is preloaded intentionally. @ http://localhost:3100/board/brd_f7c85f60d009:0
[ 1156705ms] [WARNING] The resource http://localhost:3100/_next/static/css/app/layout.css?v=1785481329055 was preloaded using link preload but not used within a few seconds from the window's load event. Please make sure it has an appropriate `as` value and it is preloaded intentionally. @ http://localhost:3100/board/brd_f7c85f60d009:0
[ 1161775ms] [WARNING] The resource http://localhost:3100/_next/static/css/app/layout.css?v=1785481329055 was preloaded using link preload but not used within a few seconds from the window's load event. Please make sure it has an appropriate `as` value and it is preloaded intentionally. @ http://localhost:3100/board/brd_f7c85f60d009:0
[ 1166721ms] [WARNING] The resource http://localhost:3100/_next/static/css/app/layout.css?v=1785481329055 was preloaded using link preload but not used within a few seconds from the window's load event. Please make sure it has an appropriate `as` value and it is preloaded intentionally. @ http://localhost:3100/board/brd_f7c85f60d009:0
[ 1171707ms] [WARNING] The resource http://localhost:3100/_next/static/css/app/layout.css?v=1785481329055 was preloaded using link preload but not used within a few seconds from the window's load event. Please make sure it has an appropriate `as` value and it is preloaded intentionally. @ http://localhost:3100/board/brd_f7c85f60d009:0
[ 1176707ms] [WARNING] The resource http://localhost:3100/_next/static/css/app/layout.css?v=1785481329055 was preloaded using link preload but not used within a few seconds from the window's load event. Please make sure it has an appropriate `as` value and it is preloaded intentionally. @ http://localhost:3100/board/brd_f7c85f60d009:0
[ 1181701ms] [WARNING] The resource http://localhost:3100/_next/static/css/app/layout.css?v=1785481329055 was preloaded using link preload but not used within a few seconds from the window's load event. Please make sure it has an appropriate `as` value and it is preloaded intentionally. @ http://localhost:3100/board/brd_f7c85f60d009:0
[ 1186716ms] [WARNING] The resource http://localhost:3100/_next/static/css/app/layout.css?v=1785481329055 was preloaded using link preload but not used within a few seconds from the window's load event. Please make sure it has an appropriate `as` value and it is preloaded intentionally. @ http://localhost:3100/board/brd_f7c85f60d009:0
[ 1191705ms] [WARNING] The resource http://localhost:3100/_next/static/css/app/layout.css?v=1785481329055 was preloaded using link preload but not used within a few seconds from the window's load event. Please make sure it has an appropriate `as` value and it is preloaded intentionally. @ http://localhost:3100/board/brd_f7c85f60d009:0
[ 1196699ms] [WARNING] The resource http://localhost:3100/_next/static/css/app/layout.css?v=1785481329055 was preloaded using link preload but not used within a few seconds from the window's load event. Please make sure it has an appropriate `as` value and it is preloaded intentionally. @ http://localhost:3100/board/brd_f7c85f60d009:0
[ 1201714ms] [WARNING] The resource http://localhost:3100/_next/static/css/app/layout.css?v=1785481329055 was preloaded using link preload but not used within a few seconds from the window's load event. Please make sure it has an appropriate `as` value and it is preloaded intentionally. @ http://localhost:3100/board/brd_f7c85f60d009:0
[ 1206713ms] [WARNING] The resource http://localhost:3100/_next/static/css/app/layout.css?v=1785481329055 was preloaded using link preload but not used within a few seconds from the window's load event. Please make sure it has an appropriate `as` value and it is preloaded intentionally. @ http://localhost:3100/board/brd_f7c85f60d009:0
[ 1211718ms] [WARNING] The resource http://localhost:3100/_next/static/css/app/layout.css?v=1785481329055 was preloaded using link preload but not used within a few seconds from the window's load event. Please make sure it has an appropriate `as` value and it is preloaded intentionally. @ http://localhost:3100/board/brd_f7c85f60d009:0
[ 1216697ms] [WARNING] The resource http://localhost:3100/_next/static/css/app/layout.css?v=1785481329055 was preloaded using link preload but not used within a few seconds from the window's load event. Please make sure it has an appropriate `as` value and it is preloaded intentionally. @ http://localhost:3100/board/brd_f7c85f60d009:0
[ 1221708ms] [WARNING] The resource http://localhost:3100/_next/static/css/app/layout.css?v=1785481329055 was preloaded using link preload but not used within a few seconds from the window's load event. Please make sure it has an appropriate `as` value and it is preloaded intentionally. @ http://localhost:3100/board/brd_f7c85f60d009:0
[ 1226705ms] [WARNING] The resource http://localhost:3100/_next/static/css/app/layout.css?v=1785481329055 was preloaded using link preload but not used within a few seconds from the window's load event. Please make sure it has an appropriate `as` value and it is preloaded intentionally. @ http://localhost:3100/board/brd_f7c85f60d009:0
[ 1231712ms] [WARNING] The resource http://localhost:3100/_next/static/css/app/layout.css?v=1785481329055 was preloaded using link preload but not used within a few seconds from the window's load event. Please make sure it has an appropriate `as` value and it is preloaded intentionally. @ http://localhost:3100/board/brd_f7c85f60d009:0
[ 1236718ms] [WARNING] The resource http://localhost:3100/_next/static/css/app/layout.css?v=1785481329055 was preloaded using link preload but not used within a few seconds from the window's load event. Please make sure it has an appropriate `as` value and it is preloaded intentionally. @ http://localhost:3100/board/brd_f7c85f60d009:0
[ 1241711ms] [WARNING] The resource http://localhost:3100/_next/static/css/app/layout.css?v=1785481329055 was preloaded using link preload but not used within a few seconds from the window's load event. Please make sure it has an appropriate `as` value and it is preloaded intentionally. @ http://localhost:3100/board/brd_f7c85f60d009:0
[ 1246712ms] [WARNING] The resource http://localhost:3100/_next/static/css/app/layout.css?v=1785481329055 was preloaded using link preload but not used within a few seconds from the window's load event. Please make sure it has an appropriate `as` value and it is preloaded intentionally. @ http://localhost:3100/board/brd_f7c85f60d009:0
[ 1251712ms] [WARNING] The resource http://localhost:3100/_next/static/css/app/layout.css?v=1785481329055 was preloaded using link preload but not used within a few seconds from the window's load event. Please make sure it has an appropriate `as` value and it is preloaded intentionally. @ http://localhost:3100/board/brd_f7c85f60d009:0
[ 1256704ms] [WARNING] The resource http://localhost:3100/_next/static/css/app/layout.css?v=1785481329055 was preloaded using link preload but not used within a few seconds from the window's load event. Please make sure it has an appropriate `as` value and it is preloaded intentionally. @ http://localhost:3100/board/brd_f7c85f60d009:0
[ 1261709ms] [WARNING] The resource http://localhost:3100/_next/static/css/app/layout.css?v=1785481329055 was preloaded using link preload but not used within a few seconds from the window's load event. Please make sure it has an appropriate `as` value and it is preloaded intentionally. @ http://localhost:3100/board/brd_f7c85f60d009:0
[ 1266706ms] [WARNING] The resource http://localhost:3100/_next/static/css/app/layout.css?v=1785481329055 was preloaded using link preload but not used within a few seconds from the window's load event. Please make sure it has an appropriate `as` value and it is preloaded intentionally. @ http://localhost:3100/board/brd_f7c85f60d009:0
[ 1271704ms] [WARNING] The resource http://localhost:3100/_next/static/css/app/layout.css?v=1785481329055 was preloaded using link preload but not used within a few seconds from the window's load event. Please make sure it has an appropriate `as` value and it is preloaded intentionally. @ http://localhost:3100/board/brd_f7c85f60d009:0
[ 1276708ms] [WARNING] The resource http://localhost:3100/_next/static/css/app/layout.css?v=1785481329055 was preloaded using link preload but not used within a few seconds from the window's load event. Please make sure it has an appropriate `as` value and it is preloaded intentionally. @ http://localhost:3100/board/brd_f7c85f60d009:0
[ 1282007ms] [WARNING] The resource http://localhost:3100/_next/static/css/app/layout.css?v=1785481329055 was preloaded using link preload but not used within a few seconds from the window's load event. Please make sure it has an appropriate `as` value and it is preloaded intentionally. @ http://localhost:3100/board/brd_f7c85f60d009:0
[ 1286706ms] [WARNING] The resource http://localhost:3100/_next/static/css/app/layout.css?v=1785481329055 was preloaded using link preload but not used within a few seconds from the window's load event. Please make sure it has an appropriate `as` value and it is preloaded intentionally. @ http://localhost:3100/board/brd_f7c85f60d009:0
[ 1291713ms] [WARNING] The resource http://localhost:3100/_next/static/css/app/layout.css?v=1785481329055 was preloaded using link preload but not used within a few seconds from the window's load event. Please make sure it has an appropriate `as` value and it is preloaded intentionally. @ http://localhost:3100/board/brd_f7c85f60d009:0
[ 1296708ms] [WARNING] The resource http://localhost:3100/_next/static/css/app/layout.css?v=1785481329055 was preloaded using link preload but not used within a few seconds from the window's load event. Please make sure it has an appropriate `as` value and it is preloaded intentionally. @ http://localhost:3100/board/brd_f7c85f60d009:0
[ 1301707ms] [WARNING] The resource http://localhost:3100/_next/static/css/app/layout.css?v=1785481329055 was preloaded using link preload but not used within a few seconds from the window's load event. Please make sure it has an appropriate `as` value and it is preloaded intentionally. @ http://localhost:3100/board/brd_f7c85f60d009:0
[ 1306716ms] [WARNING] The resource http://localhost:3100/_next/static/css/app/layout.css?v=1785481329055 was preloaded using link preload but not used within a few seconds from the window's load event. Please make sure it has an appropriate `as` value and it is preloaded intentionally. @ http://localhost:3100/board/brd_f7c85f60d009:0
[ 1311713ms] [WARNING] The resource http://localhost:3100/_next/static/css/app/layout.css?v=1785481329055 was preloaded using link preload but not used within a few seconds from the window's load event. Please make sure it has an appropriate `as` value and it is preloaded intentionally. @ http://localhost:3100/board/brd_f7c85f60d009:0
[ 1316772ms] [WARNING] The resource http://localhost:3100/_next/static/css/app/layout.css?v=1785481329055 was preloaded using link preload but not used within a few seconds from the window's load event. Please make sure it has an appropriate `as` value and it is preloaded intentionally. @ http://localhost:3100/board/brd_f7c85f60d009:0
[ 1321717ms] [WARNING] The resource http://localhost:3100/_next/static/css/app/layout.css?v=1785481329055 was preloaded using link preload but not used within a few seconds from the window's load event. Please make sure it has an appropriate `as` value and it is preloaded intentionally. @ http://localhost:3100/board/brd_f7c85f60d009:0
[ 1326706ms] [WARNING] The resource http://localhost:3100/_next/static/css/app/layout.css?v=1785481329055 was preloaded using link preload but not used within a few seconds from the window's load event. Please make sure it has an appropriate `as` value and it is preloaded intentionally. @ http://localhost:3100/board/brd_f7c85f60d009:0
[ 1331716ms] [WARNING] The resource http://localhost:3100/_next/static/css/app/layout.css?v=1785481329055 was preloaded using link preload but not used within a few seconds from the window's load event. Please make sure it has an appropriate `as` value and it is preloaded intentionally. @ http://localhost:3100/board/brd_f7c85f60d009:0
[ 1336808ms] [WARNING] The resource http://localhost:3100/_next/static/css/app/layout.css?v=1785481329055 was preloaded using link preload but not used within a few seconds from the window's load event. Please make sure it has an appropriate `as` value and it is preloaded intentionally. @ http://localhost:3100/board/brd_f7c85f60d009:0
[ 1345443ms] [WARNING] The resource http://localhost:3100/_next/static/css/app/layout.css?v=1785481329055 was preloaded using link preload but not used within a few seconds from the window's load event. Please make sure it has an appropriate `as` value and it is preloaded intentionally. @ http://localhost:3100/board/brd_f7c85f60d009:0
[ 1353673ms] [WARNING] The resource http://localhost:3100/_next/static/css/app/layout.css?v=1785481329055 was preloaded using link preload but not used within a few seconds from the window's load event. Please make sure it has an appropriate `as` value and it is preloaded intentionally. @ http://localhost:3100/board/brd_f7c85f60d009:0
[ 1364794ms] [WARNING] The resource http://localhost:3100/_next/static/css/app/layout.css?v=1785481329055 was preloaded using link preload but not used within a few seconds from the window's load event. Please make sure it has an appropriate `as` value and it is preloaded intentionally. @ http://localhost:3100/board/brd_f7c85f60d009:0
[ 1373481ms] [WARNING] The resource http://localhost:3100/_next/static/css/app/layout.css?v=1785481329055 was preloaded using link preload but not used within a few seconds from the window's load event. Please make sure it has an appropriate `as` value and it is preloaded intentionally. @ http://localhost:3100/board/brd_f7c85f60d009:0
[ 1376735ms] [WARNING] The resource http://localhost:3100/_next/static/css/app/layout.css?v=1785481329055 was preloaded using link preload but not used within a few seconds from the window's load event. Please make sure it has an appropriate `as` value and it is preloaded intentionally. @ http://localhost:3100/board/brd_f7c85f60d009:0
[ 1381714ms] [WARNING] The resource http://localhost:3100/_next/static/css/app/layout.css?v=1785481329055 was preloaded using link preload but not used within a few seconds from the window's load event. Please make sure it has an appropriate `as` value and it is preloaded intentionally. @ http://localhost:3100/board/brd_f7c85f60d009:0
[ 1386759ms] [WARNING] The resource http://localhost:3100/_next/static/css/app/layout.css?v=1785481329055 was preloaded using link preload but not used within a few seconds from the window's load event. Please make sure it has an appropriate `as` value and it is preloaded intentionally. @ http://localhost:3100/board/brd_f7c85f60d009:0
[ 1391738ms] [WARNING] The resource http://localhost:3100/_next/static/css/app/layout.css?v=1785481329055 was preloaded using link preload but not used within a few seconds from the window's load event. Please make sure it has an appropriate `as` value and it is preloaded intentionally. @ http://localhost:3100/board/brd_f7c85f60d009:0
[ 1396725ms] [WARNING] The resource http://localhost:3100/_next/static/css/app/layout.css?v=1785481329055 was preloaded using link preload but not used within a few seconds from the window's load event. Please make sure it has an appropriate `as` value and it is preloaded intentionally. @ http://localhost:3100/board/brd_f7c85f60d009:0
[ 1402070ms] [WARNING] The resource http://localhost:3100/_next/static/css/app/layout.css?v=1785481329055 was preloaded using link preload but not used within a few seconds from the window's load event. Please make sure it has an appropriate `as` value and it is preloaded intentionally. @ http://localhost:3100/board/brd_f7c85f60d009:0
[ 1426727ms] [WARNING] The resource http://localhost:3100/_next/static/css/app/layout.css?v=1785481329055 was preloaded using link preload but not used within a few seconds from the window's load event. Please make sure it has an appropriate `as` value and it is preloaded intentionally. @ http://localhost:3100/board/brd_f7c85f60d009:0
[ 1434044ms] [WARNING] The resource http://localhost:3100/_next/static/css/app/layout.css?v=1785481329055 was preloaded using link preload but not used within a few seconds from the window's load event. Please make sure it has an appropriate `as` value and it is preloaded intentionally. @ http://localhost:3100/board/brd_f7c85f60d009:0
[ 1441726ms] [WARNING] The resource http://localhost:3100/_next/static/css/app/layout.css?v=1785481329055 was preloaded using link preload but not used within a few seconds from the window's load event. Please make sure it has an appropriate `as` value and it is preloaded intentionally. @ http://localhost:3100/board/brd_f7c85f60d009:0
[ 1446726ms] [WARNING] The resource http://localhost:3100/_next/static/css/app/layout.css?v=1785481329055 was preloaded using link preload but not used within a few seconds from the window's load event. Please make sure it has an appropriate `as` value and it is preloaded intentionally. @ http://localhost:3100/board/brd_f7c85f60d009:0
[ 1456845ms] [WARNING] The resource http://localhost:3100/_next/static/css/app/layout.css?v=1785481329055 was preloaded using link preload but not used within a few seconds from the window's load event. Please make sure it has an appropriate `as` value and it is preloaded intentionally. @ http://localhost:3100/board/brd_f7c85f60d009:0
[ 1463711ms] [WARNING] The resource http://localhost:3100/_next/static/css/app/layout.css?v=1785481329055 was preloaded using link preload but not used within a few seconds from the window's load event. Please make sure it has an appropriate `as` value and it is preloaded intentionally. @ http://localhost:3100/board/brd_f7c85f60d009:0
[ 1467864ms] [WARNING] The resource http://localhost:3100/_next/static/css/app/layout.css?v=1785481329055 was preloaded using link preload but not used within a few seconds from the window's load event. Please make sure it has an appropriate `as` value and it is preloaded intentionally. @ http://localhost:3100/board/brd_f7c85f60d009:0
[ 1471816ms] [WARNING] The resource http://localhost:3100/_next/static/css/app/layout.css?v=1785481329055 was preloaded using link preload but not used within a few seconds from the window's load event. Please make sure it has an appropriate `as` value and it is preloaded intentionally. @ http://localhost:3100/board/brd_f7c85f60d009:0
[ 1476706ms] [WARNING] The resource http://localhost:3100/_next/static/css/app/layout.css?v=1785481329055 was preloaded using link preload but not used within a few seconds from the window's load event. Please make sure it has an appropriate `as` value and it is preloaded intentionally. @ http://localhost:3100/board/brd_f7c85f60d009:0
[ 1481919ms] [WARNING] The resource http://localhost:3100/_next/static/css/app/layout.css?v=1785481329055 was preloaded using link preload but not used within a few seconds from the window's load event. Please make sure it has an appropriate `as` value and it is preloaded intentionally. @ http://localhost:3100/board/brd_f7c85f60d009:0
[ 1486850ms] [WARNING] The resource http://localhost:3100/_next/static/css/app/layout.css?v=1785481329055 was preloaded using link preload but not used within a few seconds from the window's load event. Please make sure it has an appropriate `as` value and it is preloaded intentionally. @ http://localhost:3100/board/brd_f7c85f60d009:0
[ 1491707ms] [WARNING] The resource http://localhost:3100/_next/static/css/app/layout.css?v=1785481329055 was preloaded using link preload but not used within a few seconds from the window's load event. Please make sure it has an appropriate `as` value and it is preloaded intentionally. @ http://localhost:3100/board/brd_f7c85f60d009:0
[ 1496706ms] [WARNING] The resource http://localhost:3100/_next/static/css/app/layout.css?v=1785481329055 was preloaded using link preload but not used within a few seconds from the window's load event. Please make sure it has an appropriate `as` value and it is preloaded intentionally. @ http://localhost:3100/board/brd_f7c85f60d009:0
[ 1501728ms] [WARNING] The resource http://localhost:3100/_next/static/css/app/layout.css?v=1785481329055 was preloaded using link preload but not used within a few seconds from the window's load event. Please make sure it has an appropriate `as` value and it is preloaded intentionally. @ http://localhost:3100/board/brd_f7c85f60d009:0
[ 1506717ms] [WARNING] The resource http://localhost:3100/_next/static/css/app/layout.css?v=1785481329055 was preloaded using link preload but not used within a few seconds from the window's load event. Please make sure it has an appropriate `as` value and it is preloaded intentionally. @ http://localhost:3100/board/brd_f7c85f60d009:0
[ 1511711ms] [WARNING] The resource http://localhost:3100/_next/static/css/app/layout.css?v=1785481329055 was preloaded using link preload but not used within a few seconds from the window's load event. Please make sure it has an appropriate `as` value and it is preloaded intentionally. @ http://localhost:3100/board/brd_f7c85f60d009:0
[ 1516710ms] [WARNING] The resource http://localhost:3100/_next/static/css/app/layout.css?v=1785481329055 was preloaded using link preload but not used within a few seconds from the window's load event. Please make sure it has an appropriate `as` value and it is preloaded intentionally. @ http://localhost:3100/board/brd_f7c85f60d009:0
[ 1521708ms] [WARNING] The resource http://localhost:3100/_next/static/css/app/layout.css?v=1785481329055 was preloaded using link preload but not used within a few seconds from the window's load event. Please make sure it has an appropriate `as` value and it is preloaded intentionally. @ http://localhost:3100/board/brd_f7c85f60d009:0
[ 1526720ms] [WARNING] The resource http://localhost:3100/_next/static/css/app/layout.css?v=1785481329055 was preloaded using link preload but not used within a few seconds from the window's load event. Please make sure it has an appropriate `as` value and it is preloaded intentionally. @ http://localhost:3100/board/brd_f7c85f60d009:0
[ 1531694ms] [WARNING] The resource http://localhost:3100/_next/static/css/app/layout.css?v=1785481329055 was preloaded using link preload but not used within a few seconds from the window's load event. Please make sure it has an appropriate `as` value and it is preloaded intentionally. @ http://localhost:3100/board/brd_f7c85f60d009:0
[ 1536889ms] [WARNING] The resource http://localhost:3100/_next/static/css/app/layout.css?v=1785481329055 was preloaded using link preload but not used within a few seconds from the window's load event. Please make sure it has an appropriate `as` value and it is preloaded intentionally. @ http://localhost:3100/board/brd_f7c85f60d009:0
[ 1541866ms] [WARNING] The resource http://localhost:3100/_next/static/css/app/layout.css?v=1785481329055 was preloaded using link preload but not used within a few seconds from the window's load event. Please make sure it has an appropriate `as` value and it is preloaded intentionally. @ http://localhost:3100/board/brd_f7c85f60d009:0
[ 1546715ms] [WARNING] The resource http://localhost:3100/_next/static/css/app/layout.css?v=1785481329055 was preloaded using link preload but not used within a few seconds from the window's load event. Please make sure it has an appropriate `as` value and it is preloaded intentionally. @ http://localhost:3100/board/brd_f7c85f60d009:0
[ 1551705ms] [WARNING] The resource http://localhost:3100/_next/static/css/app/layout.css?v=1785481329055 was preloaded using link preload but not used within a few seconds from the window's load event. Please make sure it has an appropriate `as` value and it is preloaded intentionally. @ http://localhost:3100/board/brd_f7c85f60d009:0
[ 1556724ms] [WARNING] The resource http://localhost:3100/_next/static/css/app/layout.css?v=1785481329055 was preloaded using link preload but not used within a few seconds from the window's load event. Please make sure it has an appropriate `as` value and it is preloaded intentionally. @ http://localhost:3100/board/brd_f7c85f60d009:0
[ 1561812ms] [WARNING] The resource http://localhost:3100/_next/static/css/app/layout.css?v=1785481329055 was preloaded using link preload but not used within a few seconds from the window's load event. Please make sure it has an appropriate `as` value and it is preloaded intentionally. @ http://localhost:3100/board/brd_f7c85f60d009:0
[ 1566898ms] [WARNING] The resource http://localhost:3100/_next/static/css/app/layout.css?v=1785481329055 was preloaded using link preload but not used within a few seconds from the window's load event. Please make sure it has an appropriate `as` value and it is preloaded intentionally. @ http://localhost:3100/board/brd_f7c85f60d009:0
[ 1571716ms] [WARNING] The resource http://localhost:3100/_next/static/css/app/layout.css?v=1785481329055 was preloaded using link preload but not used within a few seconds from the window's load event. Please make sure it has an appropriate `as` value and it is preloaded intentionally. @ http://localhost:3100/board/brd_f7c85f60d009:0
[ 1576709ms] [WARNING] The resource http://localhost:3100/_next/static/css/app/layout.css?v=1785481329055 was preloaded using link preload but not used within a few seconds from the window's load event. Please make sure it has an appropriate `as` value and it is preloaded intentionally. @ http://localhost:3100/board/brd_f7c85f60d009:0
[ 1581727ms] [WARNING] The resource http://localhost:3100/_next/static/css/app/layout.css?v=1785481329055 was preloaded using link preload but not used within a few seconds from the window's load event. Please make sure it has an appropriate `as` value and it is preloaded intentionally. @ http://localhost:3100/board/brd_f7c85f60d009:0
[ 1587247ms] [WARNING] The resource http://localhost:3100/_next/static/css/app/layout.css?v=1785481329055 was preloaded using link preload but not used within a few seconds from the window's load event. Please make sure it has an appropriate `as` value and it is preloaded intentionally. @ http://localhost:3100/board/brd_f7c85f60d009:0
[ 1591845ms] [WARNING] The resource http://localhost:3100/_next/static/css/app/layout.css?v=1785481329055 was preloaded using link preload but not used within a few seconds from the window's load event. Please make sure it has an appropriate `as` value and it is preloaded intentionally. @ http://localhost:3100/board/brd_f7c85f60d009:0
[ 1596723ms] [WARNING] The resource http://localhost:3100/_next/static/css/app/layout.css?v=1785481329055 was preloaded using link preload but not used within a few seconds from the window's load event. Please make sure it has an appropriate `as` value and it is preloaded intentionally. @ http://localhost:3100/board/brd_f7c85f60d009:0
[ 1601761ms] [WARNING] The resource http://localhost:3100/_next/static/css/app/layout.css?v=1785481329055 was preloaded using link preload but not used within a few seconds from the window's load event. Please make sure it has an appropriate `as` value and it is preloaded intentionally. @ http://localhost:3100/board/brd_f7c85f60d009:0
[ 1606711ms] [WARNING] The resource http://localhost:3100/_next/static/css/app/layout.css?v=1785481329055 was preloaded using link preload but not used within a few seconds from the window's load event. Please make sure it has an appropriate `as` value and it is preloaded intentionally. @ http://localhost:3100/board/brd_f7c85f60d009:0
[ 1611770ms] [WARNING] The resource http://localhost:3100/_next/static/css/app/layout.css?v=1785481329055 was preloaded using link preload but not used within a few seconds from the window's load event. Please make sure it has an appropriate `as` value and it is preloaded intentionally. @ http://localhost:3100/board/brd_f7c85f60d009:0
[ 1616729ms] [WARNING] The resource http://localhost:3100/_next/static/css/app/layout.css?v=1785481329055 was preloaded using link preload but not used within a few seconds from the window's load event. Please make sure it has an appropriate `as` value and it is preloaded intentionally. @ http://localhost:3100/board/brd_f7c85f60d009:0
[ 1621708ms] [WARNING] The resource http://localhost:3100/_next/static/css/app/layout.css?v=1785481329055 was preloaded using link preload but not used within a few seconds from the window's load event. Please make sure it has an appropriate `as` value and it is preloaded intentionally. @ http://localhost:3100/board/brd_f7c85f60d009:0
[ 1626721ms] [WARNING] The resource http://localhost:3100/_next/static/css/app/layout.css?v=1785481329055 was preloaded using link preload but not used within a few seconds from the window's load event. Please make sure it has an appropriate `as` value and it is preloaded intentionally. @ http://localhost:3100/board/brd_f7c85f60d009:0
[ 1631736ms] [WARNING] The resource http://localhost:3100/_next/static/css/app/layout.css?v=1785481329055 was preloaded using link preload but not used within a few seconds from the window's load event. Please make sure it has an appropriate `as` value and it is preloaded intentionally. @ http://localhost:3100/board/brd_f7c85f60d009:0
[ 1636701ms] [WARNING] The resource http://localhost:3100/_next/static/css/app/layout.css?v=1785481329055 was preloaded using link preload but not used within a few seconds from the window's load event. Please make sure it has an appropriate `as` value and it is preloaded intentionally. @ http://localhost:3100/board/brd_f7c85f60d009:0
[ 1641704ms] [WARNING] The resource http://localhost:3100/_next/static/css/app/layout.css?v=1785481329055 was preloaded using link preload but not used within a few seconds from the window's load event. Please make sure it has an appropriate `as` value and it is preloaded intentionally. @ http://localhost:3100/board/brd_f7c85f60d009:0
[ 1646714ms] [WARNING] The resource http://localhost:3100/_next/static/css/app/layout.css?v=1785481329055 was preloaded using link preload but not used within a few seconds from the window's load event. Please make sure it has an appropriate `as` value and it is preloaded intentionally. @ http://localhost:3100/board/brd_f7c85f60d009:0
[ 1651907ms] [WARNING] The resource http://localhost:3100/_next/static/css/app/layout.css?v=1785481329055 was preloaded using link preload but not used within a few seconds from the window's load event. Please make sure it has an appropriate `as` value and it is preloaded intentionally. @ http://localhost:3100/board/brd_f7c85f60d009:0
[ 1656716ms] [WARNING] The resource http://localhost:3100/_next/static/css/app/layout.css?v=1785481329055 was preloaded using link preload but not used within a few seconds from the window's load event. Please make sure it has an appropriate `as` value and it is preloaded intentionally. @ http://localhost:3100/board/brd_f7c85f60d009:0
[ 1661843ms] [WARNING] The resource http://localhost:3100/_next/static/css/app/layout.css?v=1785481329055 was preloaded using link preload but not used within a few seconds from the window's load event. Please make sure it has an appropriate `as` value and it is preloaded intentionally. @ http://localhost:3100/board/brd_f7c85f60d009:0
[ 1666726ms] [WARNING] The resource http://localhost:3100/_next/static/css/app/layout.css?v=1785481329055 was preloaded using link preload but not used within a few seconds from the window's load event. Please make sure it has an appropriate `as` value and it is preloaded intentionally. @ http://localhost:3100/board/brd_f7c85f60d009:0
[ 1671699ms] [WARNING] The resource http://localhost:3100/_next/static/css/app/layout.css?v=1785481329055 was preloaded using link preload but not used within a few seconds from the window's load event. Please make sure it has an appropriate `as` value and it is preloaded intentionally. @ http://localhost:3100/board/brd_f7c85f60d009:0
[ 1676695ms] [WARNING] The resource http://localhost:3100/_next/static/css/app/layout.css?v=1785481329055 was preloaded using link preload but not used within a few seconds from the window's load event. Please make sure it has an appropriate `as` value and it is preloaded intentionally. @ http://localhost:3100/board/brd_f7c85f60d009:0
[ 1681693ms] [WARNING] The resource http://localhost:3100/_next/static/css/app/layout.css?v=1785481329055 was preloaded using link preload but not used within a few seconds from the window's load event. Please make sure it has an appropriate `as` value and it is preloaded intentionally. @ http://localhost:3100/board/brd_f7c85f60d009:0
[ 1686714ms] [WARNING] The resource http://localhost:3100/_next/static/css/app/layout.css?v=1785481329055 was preloaded using link preload but not used within a few seconds from the window's load event. Please make sure it has an appropriate `as` value and it is preloaded intentionally. @ http://localhost:3100/board/brd_f7c85f60d009:0
[ 1691711ms] [WARNING] The resource http://localhost:3100/_next/static/css/app/layout.css?v=1785481329055 was preloaded using link preload but not used within a few seconds from the window's load event. Please make sure it has an appropriate `as` value and it is preloaded intentionally. @ http://localhost:3100/board/brd_f7c85f60d009:0
[ 1696710ms] [WARNING] The resource http://localhost:3100/_next/static/css/app/layout.css?v=1785481329055 was preloaded using link preload but not used within a few seconds from the window's load event. Please make sure it has an appropriate `as` value and it is preloaded intentionally. @ http://localhost:3100/board/brd_f7c85f60d009:0
[ 1701723ms] [WARNING] The resource http://localhost:3100/_next/static/css/app/layout.css?v=1785481329055 was preloaded using link preload but not used within a few seconds from the window's load event. Please make sure it has an appropriate `as` value and it is preloaded intentionally. @ http://localhost:3100/board/brd_f7c85f60d009:0
[ 1706722ms] [WARNING] The resource http://localhost:3100/_next/static/css/app/layout.css?v=1785481329055 was preloaded using link preload but not used within a few seconds from the window's load event. Please make sure it has an appropriate `as` value and it is preloaded intentionally. @ http://localhost:3100/board/brd_f7c85f60d009:0
[ 1711705ms] [WARNING] The resource http://localhost:3100/_next/static/css/app/layout.css?v=1785481329055 was preloaded using link preload but not used within a few seconds from the window's load event. Please make sure it has an appropriate `as` value and it is preloaded intentionally. @ http://localhost:3100/board/brd_f7c85f60d009:0
[ 1716702ms] [WARNING] The resource http://localhost:3100/_next/static/css/app/layout.css?v=1785481329055 was preloaded using link preload but not used within a few seconds from the window's load event. Please make sure it has an appropriate `as` value and it is preloaded intentionally. @ http://localhost:3100/board/brd_f7c85f60d009:0
[ 1721740ms] [WARNING] The resource http://localhost:3100/_next/static/css/app/layout.css?v=1785481329055 was preloaded using link preload but not used within a few seconds from the window's load event. Please make sure it has an appropriate `as` value and it is preloaded intentionally. @ http://localhost:3100/board/brd_f7c85f60d009:0
[ 1726796ms] [WARNING] The resource http://localhost:3100/_next/static/css/app/layout.css?v=1785481329055 was preloaded using link preload but not used within a few seconds from the window's load event. Please make sure it has an appropriate `as` value and it is preloaded intentionally. @ http://localhost:3100/board/brd_f7c85f60d009:0
[ 1731712ms] [WARNING] The resource http://localhost:3100/_next/static/css/app/layout.css?v=1785481329055 was preloaded using link preload but not used within a few seconds from the window's load event. Please make sure it has an appropriate `as` value and it is preloaded intentionally. @ http://localhost:3100/board/brd_f7c85f60d009:0
[ 1736733ms] [WARNING] The resource http://localhost:3100/_next/static/css/app/layout.css?v=1785481329055 was preloaded using link preload but not used within a few seconds from the window's load event. Please make sure it has an appropriate `as` value and it is preloaded intentionally. @ http://localhost:3100/board/brd_f7c85f60d009:0
[ 1741718ms] [WARNING] The resource http://localhost:3100/_next/static/css/app/layout.css?v=1785481329055 was preloaded using link preload but not used within a few seconds from the window's load event. Please make sure it has an appropriate `as` value and it is preloaded intentionally. @ http://localhost:3100/board/brd_f7c85f60d009:0
[ 1746729ms] [WARNING] The resource http://localhost:3100/_next/static/css/app/layout.css?v=1785481329055 was preloaded using link preload but not used within a few seconds from the window's load event. Please make sure it has an appropriate `as` value and it is preloaded intentionally. @ http://localhost:3100/board/brd_f7c85f60d009:0
[ 1751710ms] [WARNING] The resource http://localhost:3100/_next/static/css/app/layout.css?v=1785481329055 was preloaded using link preload but not used within a few seconds from the window's load event. Please make sure it has an appropriate `as` value and it is preloaded intentionally. @ http://localhost:3100/board/brd_f7c85f60d009:0
[ 1756717ms] [WARNING] The resource http://localhost:3100/_next/static/css/app/layout.css?v=1785481329055 was preloaded using link preload but not used within a few seconds from the window's load event. Please make sure it has an appropriate `as` value and it is preloaded intentionally. @ http://localhost:3100/board/brd_f7c85f60d009:0
[ 1761726ms] [WARNING] The resource http://localhost:3100/_next/static/css/app/layout.css?v=1785481329055 was preloaded using link preload but not used within a few seconds from the window's load event. Please make sure it has an appropriate `as` value and it is preloaded intentionally. @ http://localhost:3100/board/brd_f7c85f60d009:0
[ 1766758ms] [WARNING] The resource http://localhost:3100/_next/static/css/app/layout.css?v=1785481329055 was preloaded using link preload but not used within a few seconds from the window's load event. Please make sure it has an appropriate `as` value and it is preloaded intentionally. @ http://localhost:3100/board/brd_f7c85f60d009:0
[ 1771775ms] [WARNING] The resource http://localhost:3100/_next/static/css/app/layout.css?v=1785481329055 was preloaded using link preload but not used within a few seconds from the window's load event. Please make sure it has an appropriate `as` value and it is preloaded intentionally. @ http://localhost:3100/board/brd_f7c85f60d009:0
[ 1776751ms] [WARNING] The resource http://localhost:3100/_next/static/css/app/layout.css?v=1785481329055 was preloaded using link preload but not used within a few seconds from the window's load event. Please make sure it has an appropriate `as` value and it is preloaded intentionally. @ http://localhost:3100/board/brd_f7c85f60d009:0
[ 1781719ms] [WARNING] The resource http://localhost:3100/_next/static/css/app/layout.css?v=1785481329055 was preloaded using link preload but not used within a few seconds from the window's load event. Please make sure it has an appropriate `as` value and it is preloaded intentionally. @ http://localhost:3100/board/brd_f7c85f60d009:0
[ 1786712ms] [WARNING] The resource http://localhost:3100/_next/static/css/app/layout.css?v=1785481329055 was preloaded using link preload but not used within a few seconds from the window's load event. Please make sure it has an appropriate `as` value and it is preloaded intentionally. @ http://localhost:3100/board/brd_f7c85f60d009:0
[ 1791722ms] [WARNING] The resource http://localhost:3100/_next/static/css/app/layout.css?v=1785481329055 was preloaded using link preload but not used within a few seconds from the window's load event. Please make sure it has an appropriate `as` value and it is preloaded intentionally. @ http://localhost:3100/board/brd_f7c85f60d009:0
[ 1796714ms] [WARNING] The resource http://localhost:3100/_next/static/css/app/layout.css?v=1785481329055 was preloaded using link preload but not used within a few seconds from the window's load event. Please make sure it has an appropriate `as` value and it is preloaded intentionally. @ http://localhost:3100/board/brd_f7c85f60d009:0
[ 1801707ms] [WARNING] The resource http://localhost:3100/_next/static/css/app/layout.css?v=1785481329055 was preloaded using link preload but not used within a few seconds from the window's load event. Please make sure it has an appropriate `as` value and it is preloaded intentionally. @ http://localhost:3100/board/brd_f7c85f60d009:0
[ 1806709ms] [WARNING] The resource http://localhost:3100/_next/static/css/app/layout.css?v=1785481329055 was preloaded using link preload but not used within a few seconds from the window's load event. Please make sure it has an appropriate `as` value and it is preloaded intentionally. @ http://localhost:3100/board/brd_f7c85f60d009:0
[ 1811707ms] [WARNING] The resource http://localhost:3100/_next/static/css/app/layout.css?v=1785481329055 was preloaded using link preload but not used within a few seconds from the window's load event. Please make sure it has an appropriate `as` value and it is preloaded intentionally. @ http://localhost:3100/board/brd_f7c85f60d009:0
[ 1816710ms] [WARNING] The resource http://localhost:3100/_next/static/css/app/layout.css?v=1785481329055 was preloaded using link preload but not used within a few seconds from the window's load event. Please make sure it has an appropriate `as` value and it is preloaded intentionally. @ http://localhost:3100/board/brd_f7c85f60d009:0
[ 1821711ms] [WARNING] The resource http://localhost:3100/_next/static/css/app/layout.css?v=1785481329055 was preloaded using link preload but not used within a few seconds from the window's load event. Please make sure it has an appropriate `as` value and it is preloaded intentionally. @ http://localhost:3100/board/brd_f7c85f60d009:0
[ 1826718ms] [WARNING] The resource http://localhost:3100/_next/static/css/app/layout.css?v=1785481329055 was preloaded using link preload but not used within a few seconds from the window's load event. Please make sure it has an appropriate `as` value and it is preloaded intentionally. @ http://localhost:3100/board/brd_f7c85f60d009:0
[ 1831733ms] [WARNING] The resource http://localhost:3100/_next/static/css/app/layout.css?v=1785481329055 was preloaded using link preload but not used within a few seconds from the window's load event. Please make sure it has an appropriate `as` value and it is preloaded intentionally. @ http://localhost:3100/board/brd_f7c85f60d009:0
[ 1836723ms] [WARNING] The resource http://localhost:3100/_next/static/css/app/layout.css?v=1785481329055 was preloaded using link preload but not used within a few seconds from the window's load event. Please make sure it has an appropriate `as` value and it is preloaded intentionally. @ http://localhost:3100/board/brd_f7c85f60d009:0
[ 1841722ms] [WARNING] The resource http://localhost:3100/_next/static/css/app/layout.css?v=1785481329055 was preloaded using link preload but not used within a few seconds from the window's load event. Please make sure it has an appropriate `as` value and it is preloaded intentionally. @ http://localhost:3100/board/brd_f7c85f60d009:0
[ 1846823ms] [WARNING] The resource http://localhost:3100/_next/static/css/app/layout.css?v=1785481329055 was preloaded using link preload but not used within a few seconds from the window's load event. Please make sure it has an appropriate `as` value and it is preloaded intentionally. @ http://localhost:3100/board/brd_f7c85f60d009:0
[ 1851713ms] [WARNING] The resource http://localhost:3100/_next/static/css/app/layout.css?v=1785481329055 was preloaded using link preload but not used within a few seconds from the window's load event. Please make sure it has an appropriate `as` value and it is preloaded intentionally. @ http://localhost:3100/board/brd_f7c85f60d009:0
[ 1856719ms] [WARNING] The resource http://localhost:3100/_next/static/css/app/layout.css?v=1785481329055 was preloaded using link preload but not used within a few seconds from the window's load event. Please make sure it has an appropriate `as` value and it is preloaded intentionally. @ http://localhost:3100/board/brd_f7c85f60d009:0
[ 1861725ms] [WARNING] The resource http://localhost:3100/_next/static/css/app/layout.css?v=1785481329055 was preloaded using link preload but not used within a few seconds from the window's load event. Please make sure it has an appropriate `as` value and it is preloaded intentionally. @ http://localhost:3100/board/brd_f7c85f60d009:0
[ 1866713ms] [WARNING] The resource http://localhost:3100/_next/static/css/app/layout.css?v=1785481329055 was preloaded using link preload but not used within a few seconds from the window's load event. Please make sure it has an appropriate `as` value and it is preloaded intentionally. @ http://localhost:3100/board/brd_f7c85f60d009:0
[ 1871724ms] [WARNING] The resource http://localhost:3100/_next/static/css/app/layout.css?v=1785481329055 was preloaded using link preload but not used within a few seconds from the window's load event. Please make sure it has an appropriate `as` value and it is preloaded intentionally. @ http://localhost:3100/board/brd_f7c85f60d009:0
[ 1876751ms] [WARNING] The resource http://localhost:3100/_next/static/css/app/layout.css?v=1785481329055 was preloaded using link preload but not used within a few seconds from the window's load event. Please make sure it has an appropriate `as` value and it is preloaded intentionally. @ http://localhost:3100/board/brd_f7c85f60d009:0
[ 1881719ms] [WARNING] The resource http://localhost:3100/_next/static/css/app/layout.css?v=1785481329055 was preloaded using link preload but not used within a few seconds from the window's load event. Please make sure it has an appropriate `as` value and it is preloaded intentionally. @ http://localhost:3100/board/brd_f7c85f60d009:0
[ 1886703ms] [WARNING] The resource http://localhost:3100/_next/static/css/app/layout.css?v=1785481329055 was preloaded using link preload but not used within a few seconds from the window's load event. Please make sure it has an appropriate `as` value and it is preloaded intentionally. @ http://localhost:3100/board/brd_f7c85f60d009:0
[ 1891717ms] [WARNING] The resource http://localhost:3100/_next/static/css/app/layout.css?v=1785481329055 was preloaded using link preload but not used within a few seconds from the window's load event. Please make sure it has an appropriate `as` value and it is preloaded intentionally. @ http://localhost:3100/board/brd_f7c85f60d009:0
[ 1896713ms] [WARNING] The resource http://localhost:3100/_next/static/css/app/layout.css?v=1785481329055 was preloaded using link preload but not used within a few seconds from the window's load event. Please make sure it has an appropriate `as` value and it is preloaded intentionally. @ http://localhost:3100/board/brd_f7c85f60d009:0
[ 1901739ms] [WARNING] The resource http://localhost:3100/_next/static/css/app/layout.css?v=1785481329055 was preloaded using link preload but not used within a few seconds from the window's load event. Please make sure it has an appropriate `as` value and it is preloaded intentionally. @ http://localhost:3100/board/brd_f7c85f60d009:0
[ 1906717ms] [WARNING] The resource http://localhost:3100/_next/static/css/app/layout.css?v=1785481329055 was preloaded using link preload but not used within a few seconds from the window's load event. Please make sure it has an appropriate `as` value and it is preloaded intentionally. @ http://localhost:3100/board/brd_f7c85f60d009:0
[ 1911705ms] [WARNING] The resource http://localhost:3100/_next/static/css/app/layout.css?v=1785481329055 was preloaded using link preload but not used within a few seconds from the window's load event. Please make sure it has an appropriate `as` value and it is preloaded intentionally. @ http://localhost:3100/board/brd_f7c85f60d009:0
[ 1916709ms] [WARNING] The resource http://localhost:3100/_next/static/css/app/layout.css?v=1785481329055 was preloaded using link preload but not used within a few seconds from the window's load event. Please make sure it has an appropriate `as` value and it is preloaded intentionally. @ http://localhost:3100/board/brd_f7c85f60d009:0
[ 1921713ms] [WARNING] The resource http://localhost:3100/_next/static/css/app/layout.css?v=1785481329055 was preloaded using link preload but not used within a few seconds from the window's load event. Please make sure it has an appropriate `as` value and it is preloaded intentionally. @ http://localhost:3100/board/brd_f7c85f60d009:0
[ 1926701ms] [WARNING] The resource http://localhost:3100/_next/static/css/app/layout.css?v=1785481329055 was preloaded using link preload but not used within a few seconds from the window's load event. Please make sure it has an appropriate `as` value and it is preloaded intentionally. @ http://localhost:3100/board/brd_f7c85f60d009:0
[ 1931694ms] [WARNING] The resource http://localhost:3100/_next/static/css/app/layout.css?v=1785481329055 was preloaded using link preload but not used within a few seconds from the window's load event. Please make sure it has an appropriate `as` value and it is preloaded intentionally. @ http://localhost:3100/board/brd_f7c85f60d009:0
[ 1936717ms] [WARNING] The resource http://localhost:3100/_next/static/css/app/layout.css?v=1785481329055 was preloaded using link preload but not used within a few seconds from the window's load event. Please make sure it has an appropriate `as` value and it is preloaded intentionally. @ http://localhost:3100/board/brd_f7c85f60d009:0
[ 1941721ms] [WARNING] The resource http://localhost:3100/_next/static/css/app/layout.css?v=1785481329055 was preloaded using link preload but not used within a few seconds from the window's load event. Please make sure it has an appropriate `as` value and it is preloaded intentionally. @ http://localhost:3100/board/brd_f7c85f60d009:0
[ 1946724ms] [WARNING] The resource http://localhost:3100/_next/static/css/app/layout.css?v=1785481329055 was preloaded using link preload but not used within a few seconds from the window's load event. Please make sure it has an appropriate `as` value and it is preloaded intentionally. @ http://localhost:3100/board/brd_f7c85f60d009:0
[ 1951709ms] [WARNING] The resource http://localhost:3100/_next/static/css/app/layout.css?v=1785481329055 was preloaded using link preload but not used within a few seconds from the window's load event. Please make sure it has an appropriate `as` value and it is preloaded intentionally. @ http://localhost:3100/board/brd_f7c85f60d009:0
[ 1956712ms] [WARNING] The resource http://localhost:3100/_next/static/css/app/layout.css?v=1785481329055 was preloaded using link preload but not used within a few seconds from the window's load event. Please make sure it has an appropriate `as` value and it is preloaded intentionally. @ http://localhost:3100/board/brd_f7c85f60d009:0
[ 1961715ms] [WARNING] The resource http://localhost:3100/_next/static/css/app/layout.css?v=1785481329055 was preloaded using link preload but not used within a few seconds from the window's load event. Please make sure it has an appropriate `as` value and it is preloaded intentionally. @ http://localhost:3100/board/brd_f7c85f60d009:0
[ 1966721ms] [WARNING] The resource http://localhost:3100/_next/static/css/app/layout.css?v=1785481329055 was preloaded using link preload but not used within a few seconds from the window's load event. Please make sure it has an appropriate `as` value and it is preloaded intentionally. @ http://localhost:3100/board/brd_f7c85f60d009:0
[ 1971729ms] [WARNING] The resource http://localhost:3100/_next/static/css/app/layout.css?v=1785481329055 was preloaded using link preload but not used within a few seconds from the window's load event. Please make sure it has an appropriate `as` value and it is preloaded intentionally. @ http://localhost:3100/board/brd_f7c85f60d009:0
[ 1976993ms] [WARNING] The resource http://localhost:3100/_next/static/css/app/layout.css?v=1785481329055 was preloaded using link preload but not used within a few seconds from the window's load event. Please make sure it has an appropriate `as` value and it is preloaded intentionally. @ http://localhost:3100/board/brd_f7c85f60d009:0
[ 1981712ms] [WARNING] The resource http://localhost:3100/_next/static/css/app/layout.css?v=1785481329055 was preloaded using link preload but not used within a few seconds from the window's load event. Please make sure it has an appropriate `as` value and it is preloaded intentionally. @ http://localhost:3100/board/brd_f7c85f60d009:0
[ 1986715ms] [WARNING] The resource http://localhost:3100/_next/static/css/app/layout.css?v=1785481329055 was preloaded using link preload but not used within a few seconds from the window's load event. Please make sure it has an appropriate `as` value and it is preloaded intentionally. @ http://localhost:3100/board/brd_f7c85f60d009:0
[ 1991709ms] [WARNING] The resource http://localhost:3100/_next/static/css/app/layout.css?v=1785481329055 was preloaded using link preload but not used within a few seconds from the window's load event. Please make sure it has an appropriate `as` value and it is preloaded intentionally. @ http://localhost:3100/board/brd_f7c85f60d009:0
[ 1996705ms] [WARNING] The resource http://localhost:3100/_next/static/css/app/layout.css?v=1785481329055 was preloaded using link preload but not used within a few seconds from the window's load event. Please make sure it has an appropriate `as` value and it is preloaded intentionally. @ http://localhost:3100/board/brd_f7c85f60d009:0
[ 2001712ms] [WARNING] The resource http://localhost:3100/_next/static/css/app/layout.css?v=1785481329055 was preloaded using link preload but not used within a few seconds from the window's load event. Please make sure it has an appropriate `as` value and it is preloaded intentionally. @ http://localhost:3100/board/brd_f7c85f60d009:0
[ 2006728ms] [WARNING] The resource http://localhost:3100/_next/static/css/app/layout.css?v=1785481329055 was preloaded using link preload but not used within a few seconds from the window's load event. Please make sure it has an appropriate `as` value and it is preloaded intentionally. @ http://localhost:3100/board/brd_f7c85f60d009:0
[ 2011729ms] [WARNING] The resource http://localhost:3100/_next/static/css/app/layout.css?v=1785481329055 was preloaded using link preload but not used within a few seconds from the window's load event. Please make sure it has an appropriate `as` value and it is preloaded intentionally. @ http://localhost:3100/board/brd_f7c85f60d009:0
[ 2016708ms] [WARNING] The resource http://localhost:3100/_next/static/css/app/layout.css?v=1785481329055 was preloaded using link preload but not used within a few seconds from the window's load event. Please make sure it has an appropriate `as` value and it is preloaded intentionally. @ http://localhost:3100/board/brd_f7c85f60d009:0
[ 2021731ms] [WARNING] The resource http://localhost:3100/_next/static/css/app/layout.css?v=1785481329055 was preloaded using link preload but not used within a few seconds from the window's load event. Please make sure it has an appropriate `as` value and it is preloaded intentionally. @ http://localhost:3100/board/brd_f7c85f60d009:0
[ 2026784ms] [WARNING] The resource http://localhost:3100/_next/static/css/app/layout.css?v=1785481329055 was preloaded using link preload but not used within a few seconds from the window's load event. Please make sure it has an appropriate `as` value and it is preloaded intentionally. @ http://localhost:3100/board/brd_f7c85f60d009:0
[ 2031722ms] [WARNING] The resource http://localhost:3100/_next/static/css/app/layout.css?v=1785481329055 was preloaded using link preload but not used within a few seconds from the window's load event. Please make sure it has an appropriate `as` value and it is preloaded intentionally. @ http://localhost:3100/board/brd_f7c85f60d009:0
[ 2036717ms] [WARNING] The resource http://localhost:3100/_next/static/css/app/layout.css?v=1785481329055 was preloaded using link preload but not used within a few seconds from the window's load event. Please make sure it has an appropriate `as` value and it is preloaded intentionally. @ http://localhost:3100/board/brd_f7c85f60d009:0
[ 2041710ms] [WARNING] The resource http://localhost:3100/_next/static/css/app/layout.css?v=1785481329055 was preloaded using link preload but not used within a few seconds from the window's load event. Please make sure it has an appropriate `as` value and it is preloaded intentionally. @ http://localhost:3100/board/brd_f7c85f60d009:0
[ 2046791ms] [WARNING] The resource http://localhost:3100/_next/static/css/app/layout.css?v=1785481329055 was preloaded using link preload but not used within a few seconds from the window's load event. Please make sure it has an appropriate `as` value and it is preloaded intentionally. @ http://localhost:3100/board/brd_f7c85f60d009:0
[ 2051717ms] [WARNING] The resource http://localhost:3100/_next/static/css/app/layout.css?v=1785481329055 was preloaded using link preload but not used within a few seconds from the window's load event. Please make sure it has an appropriate `as` value and it is preloaded intentionally. @ http://localhost:3100/board/brd_f7c85f60d009:0
[ 2056722ms] [WARNING] The resource http://localhost:3100/_next/static/css/app/layout.css?v=1785481329055 was preloaded using link preload but not used within a few seconds from the window's load event. Please make sure it has an appropriate `as` value and it is preloaded intentionally. @ http://localhost:3100/board/brd_f7c85f60d009:0
[ 2061707ms] [WARNING] The resource http://localhost:3100/_next/static/css/app/layout.css?v=1785481329055 was preloaded using link preload but not used within a few seconds from the window's load event. Please make sure it has an appropriate `as` value and it is preloaded intentionally. @ http://localhost:3100/board/brd_f7c85f60d009:0
[ 2066707ms] [WARNING] The resource http://localhost:3100/_next/static/css/app/layout.css?v=1785481329055 was preloaded using link preload but not used within a few seconds from the window's load event. Please make sure it has an appropriate `as` value and it is preloaded intentionally. @ http://localhost:3100/board/brd_f7c85f60d009:0
[ 2071731ms] [WARNING] The resource http://localhost:3100/_next/static/css/app/layout.css?v=1785481329055 was preloaded using link preload but not used within a few seconds from the window's load event. Please make sure it has an appropriate `as` value and it is preloaded intentionally. @ http://localhost:3100/board/brd_f7c85f60d009:0
[ 2076721ms] [WARNING] The resource http://localhost:3100/_next/static/css/app/layout.css?v=1785481329055 was preloaded using link preload but not used within a few seconds from the window's load event. Please make sure it has an appropriate `as` value and it is preloaded intentionally. @ http://localhost:3100/board/brd_f7c85f60d009:0
[ 2081709ms] [WARNING] The resource http://localhost:3100/_next/static/css/app/layout.css?v=1785481329055 was preloaded using link preload but not used within a few seconds from the window's load event. Please make sure it has an appropriate `as` value and it is preloaded intentionally. @ http://localhost:3100/board/brd_f7c85f60d009:0
[ 2086715ms] [WARNING] The resource http://localhost:3100/_next/static/css/app/layout.css?v=1785481329055 was preloaded using link preload but not used within a few seconds from the window's load event. Please make sure it has an appropriate `as` value and it is preloaded intentionally. @ http://localhost:3100/board/brd_f7c85f60d009:0
[ 2091719ms] [WARNING] The resource http://localhost:3100/_next/static/css/app/layout.css?v=1785481329055 was preloaded using link preload but not used within a few seconds from the window's load event. Please make sure it has an appropriate `as` value and it is preloaded intentionally. @ http://localhost:3100/board/brd_f7c85f60d009:0
[ 2096709ms] [WARNING] The resource http://localhost:3100/_next/static/css/app/layout.css?v=1785481329055 was preloaded using link preload but not used within a few seconds from the window's load event. Please make sure it has an appropriate `as` value and it is preloaded intentionally. @ http://localhost:3100/board/brd_f7c85f60d009:0
[ 2101705ms] [WARNING] The resource http://localhost:3100/_next/static/css/app/layout.css?v=1785481329055 was preloaded using link preload but not used within a few seconds from the window's load event. Please make sure it has an appropriate `as` value and it is preloaded intentionally. @ http://localhost:3100/board/brd_f7c85f60d009:0
[ 2106710ms] [WARNING] The resource http://localhost:3100/_next/static/css/app/layout.css?v=1785481329055 was preloaded using link preload but not used within a few seconds from the window's load event. Please make sure it has an appropriate `as` value and it is preloaded intentionally. @ http://localhost:3100/board/brd_f7c85f60d009:0
[ 2111713ms] [WARNING] The resource http://localhost:3100/_next/static/css/app/layout.css?v=1785481329055 was preloaded using link preload but not used within a few seconds from the window's load event. Please make sure it has an appropriate `as` value and it is preloaded intentionally. @ http://localhost:3100/board/brd_f7c85f60d009:0
[ 2116713ms] [WARNING] The resource http://localhost:3100/_next/static/css/app/layout.css?v=1785481329055 was preloaded using link preload but not used within a few seconds from the window's load event. Please make sure it has an appropriate `as` value and it is preloaded intentionally. @ http://localhost:3100/board/brd_f7c85f60d009:0
[ 2121695ms] [WARNING] The resource http://localhost:3100/_next/static/css/app/layout.css?v=1785481329055 was preloaded using link preload but not used within a few seconds from the window's load event. Please make sure it has an appropriate `as` value and it is preloaded intentionally. @ http://localhost:3100/board/brd_f7c85f60d009:0
[ 2126709ms] [WARNING] The resource http://localhost:3100/_next/static/css/app/layout.css?v=1785481329055 was preloaded using link preload but not used within a few seconds from the window's load event. Please make sure it has an appropriate `as` value and it is preloaded intentionally. @ http://localhost:3100/board/brd_f7c85f60d009:0
[ 2131695ms] [WARNING] The resource http://localhost:3100/_next/static/css/app/layout.css?v=1785481329055 was preloaded using link preload but not used within a few seconds from the window's load event. Please make sure it has an appropriate `as` value and it is preloaded intentionally. @ http://localhost:3100/board/brd_f7c85f60d009:0
[ 2136709ms] [WARNING] The resource http://localhost:3100/_next/static/css/app/layout.css?v=1785481329055 was preloaded using link preload but not used within a few seconds from the window's load event. Please make sure it has an appropriate `as` value and it is preloaded intentionally. @ http://localhost:3100/board/brd_f7c85f60d009:0
[ 2141714ms] [WARNING] The resource http://localhost:3100/_next/static/css/app/layout.css?v=1785481329055 was preloaded using link preload but not used within a few seconds from the window's load event. Please make sure it has an appropriate `as` value and it is preloaded intentionally. @ http://localhost:3100/board/brd_f7c85f60d009:0
[ 2146710ms] [WARNING] The resource http://localhost:3100/_next/static/css/app/layout.css?v=1785481329055 was preloaded using link preload but not used within a few seconds from the window's load event. Please make sure it has an appropriate `as` value and it is preloaded intentionally. @ http://localhost:3100/board/brd_f7c85f60d009:0
[ 2151702ms] [WARNING] The resource http://localhost:3100/_next/static/css/app/layout.css?v=1785481329055 was preloaded using link preload but not used within a few seconds from the window's load event. Please make sure it has an appropriate `as` value and it is preloaded intentionally. @ http://localhost:3100/board/brd_f7c85f60d009:0
[ 2156700ms] [WARNING] The resource http://localhost:3100/_next/static/css/app/layout.css?v=1785481329055 was preloaded using link preload but not used within a few seconds from the window's load event. Please make sure it has an appropriate `as` value and it is preloaded intentionally. @ http://localhost:3100/board/brd_f7c85f60d009:0
[ 2161703ms] [WARNING] The resource http://localhost:3100/_next/static/css/app/layout.css?v=1785481329055 was preloaded using link preload but not used within a few seconds from the window's load event. Please make sure it has an appropriate `as` value and it is preloaded intentionally. @ http://localhost:3100/board/brd_f7c85f60d009:0
[ 2166710ms] [WARNING] The resource http://localhost:3100/_next/static/css/app/layout.css?v=1785481329055 was preloaded using link preload but not used within a few seconds from the window's load event. Please make sure it has an appropriate `as` value and it is preloaded intentionally. @ http://localhost:3100/board/brd_f7c85f60d009:0
[ 2171691ms] [WARNING] The resource http://localhost:3100/_next/static/css/app/layout.css?v=1785481329055 was preloaded using link preload but not used within a few seconds from the window's load event. Please make sure it has an appropriate `as` value and it is preloaded intentionally. @ http://localhost:3100/board/brd_f7c85f60d009:0
[ 2176712ms] [WARNING] The resource http://localhost:3100/_next/static/css/app/layout.css?v=1785481329055 was preloaded using link preload but not used within a few seconds from the window's load event. Please make sure it has an appropriate `as` value and it is preloaded intentionally. @ http://localhost:3100/board/brd_f7c85f60d009:0
[ 2181715ms] [WARNING] The resource http://localhost:3100/_next/static/css/app/layout.css?v=1785481329055 was preloaded using link preload but not used within a few seconds from the window's load event. Please make sure it has an appropriate `as` value and it is preloaded intentionally. @ http://localhost:3100/board/brd_f7c85f60d009:0
[ 2186707ms] [WARNING] The resource http://localhost:3100/_next/static/css/app/layout.css?v=1785481329055 was preloaded using link preload but not used within a few seconds from the window's load event. Please make sure it has an appropriate `as` value and it is preloaded intentionally. @ http://localhost:3100/board/brd_f7c85f60d009:0
[ 2191714ms] [WARNING] The resource http://localhost:3100/_next/static/css/app/layout.css?v=1785481329055 was preloaded using link preload but not used within a few seconds from the window's load event. Please make sure it has an appropriate `as` value and it is preloaded intentionally. @ http://localhost:3100/board/brd_f7c85f60d009:0
[ 2196711ms] [WARNING] The resource http://localhost:3100/_next/static/css/app/layout.css?v=1785481329055 was preloaded using link preload but not used within a few seconds from the window's load event. Please make sure it has an appropriate `as` value and it is preloaded intentionally. @ http://localhost:3100/board/brd_f7c85f60d009:0
[ 2201704ms] [WARNING] The resource http://localhost:3100/_next/static/css/app/layout.css?v=1785481329055 was preloaded using link preload but not used within a few seconds from the window's load event. Please make sure it has an appropriate `as` value and it is preloaded intentionally. @ http://localhost:3100/board/brd_f7c85f60d009:0
[ 2206710ms] [WARNING] The resource http://localhost:3100/_next/static/css/app/layout.css?v=1785481329055 was preloaded using link preload but not used within a few seconds from the window's load event. Please make sure it has an appropriate `as` value and it is preloaded intentionally. @ http://localhost:3100/board/brd_f7c85f60d009:0
[ 2211705ms] [WARNING] The resource http://localhost:3100/_next/static/css/app/layout.css?v=1785481329055 was preloaded using link preload but not used within a few seconds from the window's load event. Please make sure it has an appropriate `as` value and it is preloaded intentionally. @ http://localhost:3100/board/brd_f7c85f60d009:0
[ 2216700ms] [WARNING] The resource http://localhost:3100/_next/static/css/app/layout.css?v=1785481329055 was preloaded using link preload but not used within a few seconds from the window's load event. Please make sure it has an appropriate `as` value and it is preloaded intentionally. @ http://localhost:3100/board/brd_f7c85f60d009:0
[ 2221702ms] [WARNING] The resource http://localhost:3100/_next/static/css/app/layout.css?v=1785481329055 was preloaded using link preload but not used within a few seconds from the window's load event. Please make sure it has an appropriate `as` value and it is preloaded intentionally. @ http://localhost:3100/board/brd_f7c85f60d009:0
[ 2226710ms] [WARNING] The resource http://localhost:3100/_next/static/css/app/layout.css?v=1785481329055 was preloaded using link preload but not used within a few seconds from the window's load event. Please make sure it has an appropriate `as` value and it is preloaded intentionally. @ http://localhost:3100/board/brd_f7c85f60d009:0
[ 2231698ms] [WARNING] The resource http://localhost:3100/_next/static/css/app/layout.css?v=1785481329055 was preloaded using link preload but not used within a few seconds from the window's load event. Please make sure it has an appropriate `as` value and it is preloaded intentionally. @ http://localhost:3100/board/brd_f7c85f60d009:0
[ 2236708ms] [WARNING] The resource http://localhost:3100/_next/static/css/app/layout.css?v=1785481329055 was preloaded using link preload but not used within a few seconds from the window's load event. Please make sure it has an appropriate `as` value and it is preloaded intentionally. @ http://localhost:3100/board/brd_f7c85f60d009:0
[ 2241725ms] [WARNING] The resource http://localhost:3100/_next/static/css/app/layout.css?v=1785481329055 was preloaded using link preload but not used within a few seconds from the window's load event. Please make sure it has an appropriate `as` value and it is preloaded intentionally. @ http://localhost:3100/board/brd_f7c85f60d009:0
[ 2246726ms] [WARNING] The resource http://localhost:3100/_next/static/css/app/layout.css?v=1785481329055 was preloaded using link preload but not used within a few seconds from the window's load event. Please make sure it has an appropriate `as` value and it is preloaded intentionally. @ http://localhost:3100/board/brd_f7c85f60d009:0
[ 2251719ms] [WARNING] The resource http://localhost:3100/_next/static/css/app/layout.css?v=1785481329055 was preloaded using link preload but not used within a few seconds from the window's load event. Please make sure it has an appropriate `as` value and it is preloaded intentionally. @ http://localhost:3100/board/brd_f7c85f60d009:0
[ 2256738ms] [WARNING] The resource http://localhost:3100/_next/static/css/app/layout.css?v=1785481329055 was preloaded using link preload but not used within a few seconds from the window's load event. Please make sure it has an appropriate `as` value and it is preloaded intentionally. @ http://localhost:3100/board/brd_f7c85f60d009:0
[ 2261709ms] [WARNING] The resource http://localhost:3100/_next/static/css/app/layout.css?v=1785481329055 was preloaded using link preload but not used within a few seconds from the window's load event. Please make sure it has an appropriate `as` value and it is preloaded intentionally. @ http://localhost:3100/board/brd_f7c85f60d009:0
[ 2266706ms] [WARNING] The resource http://localhost:3100/_next/static/css/app/layout.css?v=1785481329055 was preloaded using link preload but not used within a few seconds from the window's load event. Please make sure it has an appropriate `as` value and it is preloaded intentionally. @ http://localhost:3100/board/brd_f7c85f60d009:0
[ 2271709ms] [WARNING] The resource http://localhost:3100/_next/static/css/app/layout.css?v=1785481329055 was preloaded using link preload but not used within a few seconds from the window's load event. Please make sure it has an appropriate `as` value and it is preloaded intentionally. @ http://localhost:3100/board/brd_f7c85f60d009:0
[ 2276704ms] [WARNING] The resource http://localhost:3100/_next/static/css/app/layout.css?v=1785481329055 was preloaded using link preload but not used within a few seconds from the window's load event. Please make sure it has an appropriate `as` value and it is preloaded intentionally. @ http://localhost:3100/board/brd_f7c85f60d009:0
[ 2281710ms] [WARNING] The resource http://localhost:3100/_next/static/css/app/layout.css?v=1785481329055 was preloaded using link preload but not used within a few seconds from the window's load event. Please make sure it has an appropriate `as` value and it is preloaded intentionally. @ http://localhost:3100/board/brd_f7c85f60d009:0
[ 2286701ms] [WARNING] The resource http://localhost:3100/_next/static/css/app/layout.css?v=1785481329055 was preloaded using link preload but not used within a few seconds from the window's load event. Please make sure it has an appropriate `as` value and it is preloaded intentionally. @ http://localhost:3100/board/brd_f7c85f60d009:0
[ 2291721ms] [WARNING] The resource http://localhost:3100/_next/static/css/app/layout.css?v=1785481329055 was preloaded using link preload but not used within a few seconds from the window's load event. Please make sure it has an appropriate `as` value and it is preloaded intentionally. @ http://localhost:3100/board/brd_f7c85f60d009:0
[ 2296703ms] [WARNING] The resource http://localhost:3100/_next/static/css/app/layout.css?v=1785481329055 was preloaded using link preload but not used within a few seconds from the window's load event. Please make sure it has an appropriate `as` value and it is preloaded intentionally. @ http://localhost:3100/board/brd_f7c85f60d009:0
[ 2301704ms] [WARNING] The resource http://localhost:3100/_next/static/css/app/layout.css?v=1785481329055 was preloaded using link preload but not used within a few seconds from the window's load event. Please make sure it has an appropriate `as` value and it is preloaded intentionally. @ http://localhost:3100/board/brd_f7c85f60d009:0
[ 2306730ms] [WARNING] The resource http://localhost:3100/_next/static/css/app/layout.css?v=1785481329055 was preloaded using link preload but not used within a few seconds from the window's load event. Please make sure it has an appropriate `as` value and it is preloaded intentionally. @ http://localhost:3100/board/brd_f7c85f60d009:0
[ 2307621ms] [LOG] [Fast Refresh] rebuilding @ webpack-internal:///(app-pages-browser)/./node_modules/next/dist/client/dev/hot-reloader/app/hot-reloader-app.js:183
[ 2308184ms] [LOG] [Fast Refresh] done in 564ms @ webpack-internal:///(app-pages-browser)/./node_modules/next/dist/client/dev/report-hmr-latency.js:13
[ 2311706ms] [WARNING] The resource http://localhost:3100/_next/static/css/app/layout.css?v=1785481329055 was preloaded using link preload but not used within a few seconds from the window's load event. Please make sure it has an appropriate `as` value and it is preloaded intentionally. @ http://localhost:3100/board/brd_f7c85f60d009:0
[ 2316725ms] [WARNING] The resource http://localhost:3100/_next/static/css/app/layout.css?v=1785481329055 was preloaded using link preload but not used within a few seconds from the window's load event. Please make sure it has an appropriate `as` value and it is preloaded intentionally. @ http://localhost:3100/board/brd_f7c85f60d009:0
[ 2321594ms] [LOG] [Fast Refresh] rebuilding @ webpack-internal:///(app-pages-browser)/./node_modules/next/dist/client/dev/hot-reloader/app/hot-reloader-app.js:183
[ 2321729ms] [WARNING] The resource http://localhost:3100/_next/static/css/app/layout.css?v=1785481329055 was preloaded using link preload but not used within a few seconds from the window's load event. Please make sure it has an appropriate `as` value and it is preloaded intentionally. @ http://localhost:3100/board/brd_f7c85f60d009:0
[ 2321755ms] [LOG] [Fast Refresh] rebuilding @ webpack-internal:///(app-pages-browser)/./node_modules/next/dist/client/dev/hot-reloader/app/hot-reloader-app.js:183
[ 2321773ms] [LOG] [Fast Refresh] done in 17ms @ webpack-internal:///(app-pages-browser)/./node_modules/next/dist/client/dev/report-hmr-latency.js:13
[ 2322514ms] [LOG] [Fast Refresh] done in 759ms @ webpack-internal:///(app-pages-browser)/./node_modules/next/dist/client/dev/report-hmr-latency.js:13
[ 2326737ms] [WARNING] The resource http://localhost:3100/_next/static/css/app/layout.css?v=1785481329055 was preloaded using link preload but not used within a few seconds from the window's load event. Please make sure it has an appropriate `as` value and it is preloaded intentionally. @ http://localhost:3100/board/brd_f7c85f60d009:0
[ 2331711ms] [WARNING] The resource http://localhost:3100/_next/static/css/app/layout.css?v=1785481329055 was preloaded using link preload but not used within a few seconds from the window's load event. Please make sure it has an appropriate `as` value and it is preloaded intentionally. @ http://localhost:3100/board/brd_f7c85f60d009:0
[ 2336733ms] [WARNING] The resource http://localhost:3100/_next/static/css/app/layout.css?v=1785481329055 was preloaded using link preload but not used within a few seconds from the window's load event. Please make sure it has an appropriate `as` value and it is preloaded intentionally. @ http://localhost:3100/board/brd_f7c85f60d009:0
[ 2336935ms] [LOG] [Fast Refresh] rebuilding @ webpack-internal:///(app-pages-browser)/./node_modules/next/dist/client/dev/hot-reloader/app/hot-reloader-app.js:183
[ 2337103ms] [LOG] [Fast Refresh] rebuilding @ webpack-internal:///(app-pages-browser)/./node_modules/next/dist/client/dev/hot-reloader/app/hot-reloader-app.js:183
[ 2337122ms] [LOG] [Fast Refresh] done in 19ms @ webpack-internal:///(app-pages-browser)/./node_modules/next/dist/client/dev/report-hmr-latency.js:13
[ 2337549ms] [LOG] [Fast Refresh] done in 445ms @ webpack-internal:///(app-pages-browser)/./node_modules/next/dist/client/dev/report-hmr-latency.js:13
[ 2341749ms] [WARNING] The resource http://localhost:3100/_next/static/css/app/layout.css?v=1785481329055 was preloaded using link preload but not used within a few seconds from the window's load event. Please make sure it has an appropriate `as` value and it is preloaded intentionally. @ http://localhost:3100/board/brd_f7c85f60d009:0
[ 2346714ms] [WARNING] The resource http://localhost:3100/_next/static/css/app/layout.css?v=1785481329055 was preloaded using link preload but not used within a few seconds from the window's load event. Please make sure it has an appropriate `as` value and it is preloaded intentionally. @ http://localhost:3100/board/brd_f7c85f60d009:0
[ 2351694ms] [WARNING] The resource http://localhost:3100/_next/static/css/app/layout.css?v=1785481329055 was preloaded using link preload but not used within a few seconds from the window's load event. Please make sure it has an appropriate `as` value and it is preloaded intentionally. @ http://localhost:3100/board/brd_f7c85f60d009:0
[ 2351863ms] [LOG] [Fast Refresh] rebuilding @ webpack-internal:///(app-pages-browser)/./node_modules/next/dist/client/dev/hot-reloader/app/hot-reloader-app.js:183
[ 2352031ms] [LOG] [Fast Refresh] rebuilding @ webpack-internal:///(app-pages-browser)/./node_modules/next/dist/client/dev/hot-reloader/app/hot-reloader-app.js:183
[ 2352199ms] [LOG] [Fast Refresh] done in 168ms @ webpack-internal:///(app-pages-browser)/./node_modules/next/dist/client/dev/report-hmr-latency.js:13
[ 2352492ms] [LOG] [Fast Refresh] done in 461ms @ webpack-internal:///(app-pages-browser)/./node_modules/next/dist/client/dev/report-hmr-latency.js:13
[ 2356705ms] [WARNING] The resource http://localhost:3100/_next/static/css/app/layout.css?v=1785481329055 was preloaded using link preload but not used within a few seconds from the window's load event. Please make sure it has an appropriate `as` value and it is preloaded intentionally. @ http://localhost:3100/board/brd_f7c85f60d009:0
[ 2361712ms] [WARNING] The resource http://localhost:3100/_next/static/css/app/layout.css?v=1785481329055 was preloaded using link preload but not used within a few seconds from the window's load event. Please make sure it has an appropriate `as` value and it is preloaded intentionally. @ http://localhost:3100/board/brd_f7c85f60d009:0
[ 2366376ms] [LOG] [Fast Refresh] rebuilding @ webpack-internal:///(app-pages-browser)/./node_modules/next/dist/client/dev/hot-reloader/app/hot-reloader-app.js:183
[ 2366526ms] [LOG] [Fast Refresh] rebuilding @ webpack-internal:///(app-pages-browser)/./node_modules/next/dist/client/dev/hot-reloader/app/hot-reloader-app.js:183
[ 2366542ms] [LOG] [Fast Refresh] done in 16ms @ webpack-internal:///(app-pages-browser)/./node_modules/next/dist/client/dev/report-hmr-latency.js:13
[ 2366836ms] [LOG] [Fast Refresh] done in 310ms @ webpack-internal:///(app-pages-browser)/./node_modules/next/dist/client/dev/report-hmr-latency.js:13
[ 2371703ms] [WARNING] The resource http://localhost:3100/_next/static/css/app/layout.css?v=1785481329055 was preloaded using link preload but not used within a few seconds from the window's load event. Please make sure it has an appropriate `as` value and it is preloaded intentionally. @ http://localhost:3100/board/brd_f7c85f60d009:0
[ 2376714ms] [WARNING] The resource http://localhost:3100/_next/static/css/app/layout.css?v=1785481329055 was preloaded using link preload but not used within a few seconds from the window's load event. Please make sure it has an appropriate `as` value and it is preloaded intentionally. @ http://localhost:3100/board/brd_f7c85f60d009:0
[ 2379716ms] [LOG] [Fast Refresh] rebuilding @ webpack-internal:///(app-pages-browser)/./node_modules/next/dist/client/dev/hot-reloader/app/hot-reloader-app.js:183
[ 2380072ms] [LOG] [Fast Refresh] done in 357ms @ webpack-internal:///(app-pages-browser)/./node_modules/next/dist/client/dev/report-hmr-latency.js:13
[ 2383345ms] [WARNING] The resource http://localhost:3100/_next/static/css/app/layout.css?v=1785481329055 was preloaded using link preload but not used within a few seconds from the window's load event. Please make sure it has an appropriate `as` value and it is preloaded intentionally. @ http://localhost:3100/board/brd_f7c85f60d009:0
[ 2386707ms] [WARNING] The resource http://localhost:3100/_next/static/css/app/layout.css?v=1785481329055 was preloaded using link preload but not used within a few seconds from the window's load event. Please make sure it has an appropriate `as` value and it is preloaded intentionally. @ http://localhost:3100/board/brd_f7c85f60d009:0
[ 2391715ms] [WARNING] The resource http://localhost:3100/_next/static/css/app/layout.css?v=1785481329055 was preloaded using link preload but not used within a few seconds from the window's load event. Please make sure it has an appropriate `as` value and it is preloaded intentionally. @ http://localhost:3100/board/brd_f7c85f60d009:0
[ 2395542ms] [LOG] [Fast Refresh] rebuilding @ webpack-internal:///(app-pages-browser)/./node_modules/next/dist/client/dev/hot-reloader/app/hot-reloader-app.js:183
[ 2395711ms] [LOG] [Fast Refresh] rebuilding @ webpack-internal:///(app-pages-browser)/./node_modules/next/dist/client/dev/hot-reloader/app/hot-reloader-app.js:183
[ 2395732ms] [LOG] [Fast Refresh] done in 21ms @ webpack-internal:///(app-pages-browser)/./node_modules/next/dist/client/dev/report-hmr-latency.js:13
[ 2396061ms] [LOG] [Fast Refresh] done in 349ms @ webpack-internal:///(app-pages-browser)/./node_modules/next/dist/client/dev/report-hmr-latency.js:13
[ 2401717ms] [WARNING] The resource http://localhost:3100/_next/static/css/app/layout.css?v=1785481329055 was preloaded using link preload but not used within a few seconds from the window's load event. Please make sure it has an appropriate `as` value and it is preloaded intentionally. @ http://localhost:3100/board/brd_f7c85f60d009:0
[ 2406706ms] [WARNING] The resource http://localhost:3100/_next/static/css/app/layout.css?v=1785481329055 was preloaded using link preload but not used within a few seconds from the window's load event. Please make sure it has an appropriate `as` value and it is preloaded intentionally. @ http://localhost:3100/board/brd_f7c85f60d009:0
[ 2409385ms] [LOG] [Fast Refresh] rebuilding @ webpack-internal:///(app-pages-browser)/./node_modules/next/dist/client/dev/hot-reloader/app/hot-reloader-app.js:183
[ 2409780ms] [LOG] [Fast Refresh] done in 395ms @ webpack-internal:///(app-pages-browser)/./node_modules/next/dist/client/dev/report-hmr-latency.js:13
[ 2412962ms] [WARNING] The resource http://localhost:3100/_next/static/css/app/layout.css?v=1785481329055 was preloaded using link preload but not used within a few seconds from the window's load event. Please make sure it has an appropriate `as` value and it is preloaded intentionally. @ http://localhost:3100/board/brd_f7c85f60d009:0
[ 2416703ms] [WARNING] The resource http://localhost:3100/_next/static/css/app/layout.css?v=1785481329055 was preloaded using link preload but not used within a few seconds from the window's load event. Please make sure it has an appropriate `as` value and it is preloaded intentionally. @ http://localhost:3100/board/brd_f7c85f60d009:0
[ 2421711ms] [WARNING] The resource http://localhost:3100/_next/static/css/app/layout.css?v=1785481329055 was preloaded using link preload but not used within a few seconds from the window's load event. Please make sure it has an appropriate `as` value and it is preloaded intentionally. @ http://localhost:3100/board/brd_f7c85f60d009:0
[ 2426707ms] [WARNING] The resource http://localhost:3100/_next/static/css/app/layout.css?v=1785481329055 was preloaded using link preload but not used within a few seconds from the window's load event. Please make sure it has an appropriate `as` value and it is preloaded intentionally. @ http://localhost:3100/board/brd_f7c85f60d009:0
[ 2431739ms] [WARNING] The resource http://localhost:3100/_next/static/css/app/layout.css?v=1785481329055 was preloaded using link preload but not used within a few seconds from the window's load event. Please make sure it has an appropriate `as` value and it is preloaded intentionally. @ http://localhost:3100/board/brd_f7c85f60d009:0
[ 2436714ms] [WARNING] The resource http://localhost:3100/_next/static/css/app/layout.css?v=1785481329055 was preloaded using link preload but not used within a few seconds from the window's load event. Please make sure it has an appropriate `as` value and it is preloaded intentionally. @ http://localhost:3100/board/brd_f7c85f60d009:0
[ 2441718ms] [WARNING] The resource http://localhost:3100/_next/static/css/app/layout.css?v=1785481329055 was preloaded using link preload but not used within a few seconds from the window's load event. Please make sure it has an appropriate `as` value and it is preloaded intentionally. @ http://localhost:3100/board/brd_f7c85f60d009:0
[ 2446743ms] [WARNING] The resource http://localhost:3100/_next/static/css/app/layout.css?v=1785481329055 was preloaded using link preload but not used within a few seconds from the window's load event. Please make sure it has an appropriate `as` value and it is preloaded intentionally. @ http://localhost:3100/board/brd_f7c85f60d009:0
[ 2451705ms] [WARNING] The resource http://localhost:3100/_next/static/css/app/layout.css?v=1785481329055 was preloaded using link preload but not used within a few seconds from the window's load event. Please make sure it has an appropriate `as` value and it is preloaded intentionally. @ http://localhost:3100/board/brd_f7c85f60d009:0
[ 2456732ms] [WARNING] The resource http://localhost:3100/_next/static/css/app/layout.css?v=1785481329055 was preloaded using link preload but not used within a few seconds from the window's load event. Please make sure it has an appropriate `as` value and it is preloaded intentionally. @ http://localhost:3100/board/brd_f7c85f60d009:0
[ 2461728ms] [WARNING] The resource http://localhost:3100/_next/static/css/app/layout.css?v=1785481329055 was preloaded using link preload but not used within a few seconds from the window's load event. Please make sure it has an appropriate `as` value and it is preloaded intentionally. @ http://localhost:3100/board/brd_f7c85f60d009:0
[ 2466716ms] [WARNING] The resource http://localhost:3100/_next/static/css/app/layout.css?v=1785481329055 was preloaded using link preload but not used within a few seconds from the window's load event. Please make sure it has an appropriate `as` value and it is preloaded intentionally. @ http://localhost:3100/board/brd_f7c85f60d009:0
[ 2471722ms] [WARNING] The resource http://localhost:3100/_next/static/css/app/layout.css?v=1785481329055 was preloaded using link preload but not used within a few seconds from the window's load event. Please make sure it has an appropriate `as` value and it is preloaded intentionally. @ http://localhost:3100/board/brd_f7c85f60d009:0
[ 2476721ms] [WARNING] The resource http://localhost:3100/_next/static/css/app/layout.css?v=1785481329055 was preloaded using link preload but not used within a few seconds from the window's load event. Please make sure it has an appropriate `as` value and it is preloaded intentionally. @ http://localhost:3100/board/brd_f7c85f60d009:0
[ 2481728ms] [WARNING] The resource http://localhost:3100/_next/static/css/app/layout.css?v=1785481329055 was preloaded using link preload but not used within a few seconds from the window's load event. Please make sure it has an appropriate `as` value and it is preloaded intentionally. @ http://localhost:3100/board/brd_f7c85f60d009:0
[ 2486716ms] [WARNING] The resource http://localhost:3100/_next/static/css/app/layout.css?v=1785481329055 was preloaded using link preload but not used within a few seconds from the window's load event. Please make sure it has an appropriate `as` value and it is preloaded intentionally. @ http://localhost:3100/board/brd_f7c85f60d009:0
[ 2491710ms] [WARNING] The resource http://localhost:3100/_next/static/css/app/layout.css?v=1785481329055 was preloaded using link preload but not used within a few seconds from the window's load event. Please make sure it has an appropriate `as` value and it is preloaded intentionally. @ http://localhost:3100/board/brd_f7c85f60d009:0
[ 2496709ms] [WARNING] The resource http://localhost:3100/_next/static/css/app/layout.css?v=1785481329055 was preloaded using link preload but not used within a few seconds from the window's load event. Please make sure it has an appropriate `as` value and it is preloaded intentionally. @ http://localhost:3100/board/brd_f7c85f60d009:0
[ 2501709ms] [WARNING] The resource http://localhost:3100/_next/static/css/app/layout.css?v=1785481329055 was preloaded using link preload but not used within a few seconds from the window's load event. Please make sure it has an appropriate `as` value and it is preloaded intentionally. @ http://localhost:3100/board/brd_f7c85f60d009:0
[ 2506700ms] [WARNING] The resource http://localhost:3100/_next/static/css/app/layout.css?v=1785481329055 was preloaded using link preload but not used within a few seconds from the window's load event. Please make sure it has an appropriate `as` value and it is preloaded intentionally. @ http://localhost:3100/board/brd_f7c85f60d009:0
[ 2511700ms] [WARNING] The resource http://localhost:3100/_next/static/css/app/layout.css?v=1785481329055 was preloaded using link preload but not used within a few seconds from the window's load event. Please make sure it has an appropriate `as` value and it is preloaded intentionally. @ http://localhost:3100/board/brd_f7c85f60d009:0
[ 2516715ms] [WARNING] The resource http://localhost:3100/_next/static/css/app/layout.css?v=1785481329055 was preloaded using link preload but not used within a few seconds from the window's load event. Please make sure it has an appropriate `as` value and it is preloaded intentionally. @ http://localhost:3100/board/brd_f7c85f60d009:0
[ 2521714ms] [WARNING] The resource http://localhost:3100/_next/static/css/app/layout.css?v=1785481329055 was preloaded using link preload but not used within a few seconds from the window's load event. Please make sure it has an appropriate `as` value and it is preloaded intentionally. @ http://localhost:3100/board/brd_f7c85f60d009:0
[ 2526722ms] [WARNING] The resource http://localhost:3100/_next/static/css/app/layout.css?v=1785481329055 was preloaded using link preload but not used within a few seconds from the window's load event. Please make sure it has an appropriate `as` value and it is preloaded intentionally. @ http://localhost:3100/board/brd_f7c85f60d009:0
[ 2530832ms] [LOG] [Fast Refresh] rebuilding @ webpack-internal:///(app-pages-browser)/./node_modules/next/dist/client/dev/hot-reloader/app/hot-reloader-app.js:183
[ 2531726ms] [WARNING] The resource http://localhost:3100/_next/static/css/app/layout.css?v=1785481329055 was preloaded using link preload but not used within a few seconds from the window's load event. Please make sure it has an appropriate `as` value and it is preloaded intentionally. @ http://localhost:3100/board/brd_f7c85f60d009:0
[ 2532220ms] [LOG] [Fast Refresh] rebuilding @ webpack-internal:///(app-pages-browser)/./node_modules/next/dist/client/dev/hot-reloader/app/hot-reloader-app.js:183
[ 2532258ms] [LOG] [Fast Refresh] done in 37ms @ webpack-internal:///(app-pages-browser)/./node_modules/next/dist/client/dev/report-hmr-latency.js:13
[ 2534274ms] [LOG] [Fast Refresh] done in 2054ms @ webpack-internal:///(app-pages-browser)/./node_modules/next/dist/client/dev/report-hmr-latency.js:13
[ 2537991ms] [WARNING] The resource http://localhost:3100/_next/static/css/app/layout.css?v=1785481329055 was preloaded using link preload but not used within a few seconds from the window's load event. Please make sure it has an appropriate `as` value and it is preloaded intentionally. @ http://localhost:3100/board/brd_f7c85f60d009:0
[ 2541720ms] [WARNING] The resource http://localhost:3100/_next/static/css/app/layout.css?v=1785481329055 was preloaded using link preload but not used within a few seconds from the window's load event. Please make sure it has an appropriate `as` value and it is preloaded intentionally. @ http://localhost:3100/board/brd_f7c85f60d009:0
[ 2546613ms] [LOG] [Fast Refresh] rebuilding @ webpack-internal:///(app-pages-browser)/./node_modules/next/dist/client/dev/hot-reloader/app/hot-reloader-app.js:183
[ 2546720ms] [WARNING] The resource http://localhost:3100/_next/static/css/app/layout.css?v=1785481329055 was preloaded using link preload but not used within a few seconds from the window's load event. Please make sure it has an appropriate `as` value and it is preloaded intentionally. @ http://localhost:3100/board/brd_f7c85f60d009:0
[ 2546833ms] [LOG] [Fast Refresh] rebuilding @ webpack-internal:///(app-pages-browser)/./node_modules/next/dist/client/dev/hot-reloader/app/hot-reloader-app.js:183
[ 2546939ms] [LOG] [Fast Refresh] done in 105ms @ webpack-internal:///(app-pages-browser)/./node_modules/next/dist/client/dev/report-hmr-latency.js:13
[ 2547399ms] [LOG] [Fast Refresh] done in 565ms @ webpack-internal:///(app-pages-browser)/./node_modules/next/dist/client/dev/report-hmr-latency.js:13
[ 2551727ms] [WARNING] The resource http://localhost:3100/_next/static/css/app/layout.css?v=1785481329055 was preloaded using link preload but not used within a few seconds from the window's load event. Please make sure it has an appropriate `as` value and it is preloaded intentionally. @ http://localhost:3100/board/brd_f7c85f60d009:0
[ 2556717ms] [WARNING] The resource http://localhost:3100/_next/static/css/app/layout.css?v=1785481329055 was preloaded using link preload but not used within a few seconds from the window's load event. Please make sure it has an appropriate `as` value and it is preloaded intentionally. @ http://localhost:3100/board/brd_f7c85f60d009:0
[ 2561704ms] [WARNING] The resource http://localhost:3100/_next/static/css/app/layout.css?v=1785481329055 was preloaded using link preload but not used within a few seconds from the window's load event. Please make sure it has an appropriate `as` value and it is preloaded intentionally. @ http://localhost:3100/board/brd_f7c85f60d009:0
[ 2566712ms] [WARNING] The resource http://localhost:3100/_next/static/css/app/layout.css?v=1785481329055 was preloaded using link preload but not used within a few seconds from the window's load event. Please make sure it has an appropriate `as` value and it is preloaded intentionally. @ http://localhost:3100/board/brd_f7c85f60d009:0
[ 2571715ms] [WARNING] The resource http://localhost:3100/_next/static/css/app/layout.css?v=1785481329055 was preloaded using link preload but not used within a few seconds from the window's load event. Please make sure it has an appropriate `as` value and it is preloaded intentionally. @ http://localhost:3100/board/brd_f7c85f60d009:0
[ 2576706ms] [WARNING] The resource http://localhost:3100/_next/static/css/app/layout.css?v=1785481329055 was preloaded using link preload but not used within a few seconds from the window's load event. Please make sure it has an appropriate `as` value and it is preloaded intentionally. @ http://localhost:3100/board/brd_f7c85f60d009:0
[ 2581699ms] [WARNING] The resource http://localhost:3100/_next/static/css/app/layout.css?v=1785481329055 was preloaded using link preload but not used within a few seconds from the window's load event. Please make sure it has an appropriate `as` value and it is preloaded intentionally. @ http://localhost:3100/board/brd_f7c85f60d009:0
[ 2586712ms] [WARNING] The resource http://localhost:3100/_next/static/css/app/layout.css?v=1785481329055 was preloaded using link preload but not used within a few seconds from the window's load event. Please make sure it has an appropriate `as` value and it is preloaded intentionally. @ http://localhost:3100/board/brd_f7c85f60d009:0
[ 2591717ms] [WARNING] The resource http://localhost:3100/_next/static/css/app/layout.css?v=1785481329055 was preloaded using link preload but not used within a few seconds from the window's load event. Please make sure it has an appropriate `as` value and it is preloaded intentionally. @ http://localhost:3100/board/brd_f7c85f60d009:0
[ 2596709ms] [WARNING] The resource http://localhost:3100/_next/static/css/app/layout.css?v=1785481329055 was preloaded using link preload but not used within a few seconds from the window's load event. Please make sure it has an appropriate `as` value and it is preloaded intentionally. @ http://localhost:3100/board/brd_f7c85f60d009:0
[ 2601712ms] [WARNING] The resource http://localhost:3100/_next/static/css/app/layout.css?v=1785481329055 was preloaded using link preload but not used within a few seconds from the window's load event. Please make sure it has an appropriate `as` value and it is preloaded intentionally. @ http://localhost:3100/board/brd_f7c85f60d009:0
[ 2606703ms] [WARNING] The resource http://localhost:3100/_next/static/css/app/layout.css?v=1785481329055 was preloaded using link preload but not used within a few seconds from the window's load event. Please make sure it has an appropriate `as` value and it is preloaded intentionally. @ http://localhost:3100/board/brd_f7c85f60d009:0
[ 2611698ms] [WARNING] The resource http://localhost:3100/_next/static/css/app/layout.css?v=1785481329055 was preloaded using link preload but not used within a few seconds from the window's load event. Please make sure it has an appropriate `as` value and it is preloaded intentionally. @ http://localhost:3100/board/brd_f7c85f60d009:0
[ 2616723ms] [WARNING] The resource http://localhost:3100/_next/static/css/app/layout.css?v=1785481329055 was preloaded using link preload but not used within a few seconds from the window's load event. Please make sure it has an appropriate `as` value and it is preloaded intentionally. @ http://localhost:3100/board/brd_f7c85f60d009:0
[ 2621709ms] [WARNING] The resource http://localhost:3100/_next/static/css/app/layout.css?v=1785481329055 was preloaded using link preload but not used within a few seconds from the window's load event. Please make sure it has an appropriate `as` value and it is preloaded intentionally. @ http://localhost:3100/board/brd_f7c85f60d009:0
[ 2626722ms] [WARNING] The resource http://localhost:3100/_next/static/css/app/layout.css?v=1785481329055 was preloaded using link preload but not used within a few seconds from the window's load event. Please make sure it has an appropriate `as` value and it is preloaded intentionally. @ http://localhost:3100/board/brd_f7c85f60d009:0
[ 2631703ms] [WARNING] The resource http://localhost:3100/_next/static/css/app/layout.css?v=1785481329055 was preloaded using link preload but not used within a few seconds from the window's load event. Please make sure it has an appropriate `as` value and it is preloaded intentionally. @ http://localhost:3100/board/brd_f7c85f60d009:0
[ 2636701ms] [WARNING] The resource http://localhost:3100/_next/static/css/app/layout.css?v=1785481329055 was preloaded using link preload but not used within a few seconds from the window's load event. Please make sure it has an appropriate `as` value and it is preloaded intentionally. @ http://localhost:3100/board/brd_f7c85f60d009:0
[ 2641705ms] [WARNING] The resource http://localhost:3100/_next/static/css/app/layout.css?v=1785481329055 was preloaded using link preload but not used within a few seconds from the window's load event. Please make sure it has an appropriate `as` value and it is preloaded intentionally. @ http://localhost:3100/board/brd_f7c85f60d009:0
[ 2646704ms] [WARNING] The resource http://localhost:3100/_next/static/css/app/layout.css?v=1785481329055 was preloaded using link preload but not used within a few seconds from the window's load event. Please make sure it has an appropriate `as` value and it is preloaded intentionally. @ http://localhost:3100/board/brd_f7c85f60d009:0
[ 2651717ms] [WARNING] The resource http://localhost:3100/_next/static/css/app/layout.css?v=1785481329055 was preloaded using link preload but not used within a few seconds from the window's load event. Please make sure it has an appropriate `as` value and it is preloaded intentionally. @ http://localhost:3100/board/brd_f7c85f60d009:0
[ 2656717ms] [WARNING] The resource http://localhost:3100/_next/static/css/app/layout.css?v=1785481329055 was preloaded using link preload but not used within a few seconds from the window's load event. Please make sure it has an appropriate `as` value and it is preloaded intentionally. @ http://localhost:3100/board/brd_f7c85f60d009:0
[ 2661713ms] [WARNING] The resource http://localhost:3100/_next/static/css/app/layout.css?v=1785481329055 was preloaded using link preload but not used within a few seconds from the window's load event. Please make sure it has an appropriate `as` value and it is preloaded intentionally. @ http://localhost:3100/board/brd_f7c85f60d009:0
[ 2666703ms] [WARNING] The resource http://localhost:3100/_next/static/css/app/layout.css?v=1785481329055 was preloaded using link preload but not used within a few seconds from the window's load event. Please make sure it has an appropriate `as` value and it is preloaded intentionally. @ http://localhost:3100/board/brd_f7c85f60d009:0
[ 2671706ms] [WARNING] The resource http://localhost:3100/_next/static/css/app/layout.css?v=1785481329055 was preloaded using link preload but not used within a few seconds from the window's load event. Please make sure it has an appropriate `as` value and it is preloaded intentionally. @ http://localhost:3100/board/brd_f7c85f60d009:0
[ 2676709ms] [WARNING] The resource http://localhost:3100/_next/static/css/app/layout.css?v=1785481329055 was preloaded using link preload but not used within a few seconds from the window's load event. Please make sure it has an appropriate `as` value and it is preloaded intentionally. @ http://localhost:3100/board/brd_f7c85f60d009:0
[ 2681745ms] [WARNING] The resource http://localhost:3100/_next/static/css/app/layout.css?v=1785481329055 was preloaded using link preload but not used within a few seconds from the window's load event. Please make sure it has an appropriate `as` value and it is preloaded intentionally. @ http://localhost:3100/board/brd_f7c85f60d009:0
[ 2686714ms] [WARNING] The resource http://localhost:3100/_next/static/css/app/layout.css?v=1785481329055 was preloaded using link preload but not used within a few seconds from the window's load event. Please make sure it has an appropriate `as` value and it is preloaded intentionally. @ http://localhost:3100/board/brd_f7c85f60d009:0
[ 2691714ms] [WARNING] The resource http://localhost:3100/_next/static/css/app/layout.css?v=1785481329055 was preloaded using link preload but not used within a few seconds from the window's load event. Please make sure it has an appropriate `as` value and it is preloaded intentionally. @ http://localhost:3100/board/brd_f7c85f60d009:0
[ 2696709ms] [WARNING] The resource http://localhost:3100/_next/static/css/app/layout.css?v=1785481329055 was preloaded using link preload but not used within a few seconds from the window's load event. Please make sure it has an appropriate `as` value and it is preloaded intentionally. @ http://localhost:3100/board/brd_f7c85f60d009:0
[ 2701717ms] [WARNING] The resource http://localhost:3100/_next/static/css/app/layout.css?v=1785481329055 was preloaded using link preload but not used within a few seconds from the window's load event. Please make sure it has an appropriate `as` value and it is preloaded intentionally. @ http://localhost:3100/board/brd_f7c85f60d009:0
[ 2706726ms] [WARNING] The resource http://localhost:3100/_next/static/css/app/layout.css?v=1785481329055 was preloaded using link preload but not used within a few seconds from the window's load event. Please make sure it has an appropriate `as` value and it is preloaded intentionally. @ http://localhost:3100/board/brd_f7c85f60d009:0
[ 2711713ms] [WARNING] The resource http://localhost:3100/_next/static/css/app/layout.css?v=1785481329055 was preloaded using link preload but not used within a few seconds from the window's load event. Please make sure it has an appropriate `as` value and it is preloaded intentionally. @ http://localhost:3100/board/brd_f7c85f60d009:0
[ 2716697ms] [WARNING] The resource http://localhost:3100/_next/static/css/app/layout.css?v=1785481329055 was preloaded using link preload but not used within a few seconds from the window's load event. Please make sure it has an appropriate `as` value and it is preloaded intentionally. @ http://localhost:3100/board/brd_f7c85f60d009:0
[ 2721722ms] [WARNING] The resource http://localhost:3100/_next/static/css/app/layout.css?v=1785481329055 was preloaded using link preload but not used within a few seconds from the window's load event. Please make sure it has an appropriate `as` value and it is preloaded intentionally. @ http://localhost:3100/board/brd_f7c85f60d009:0
[ 2726703ms] [WARNING] The resource http://localhost:3100/_next/static/css/app/layout.css?v=1785481329055 was preloaded using link preload but not used within a few seconds from the window's load event. Please make sure it has an appropriate `as` value and it is preloaded intentionally. @ http://localhost:3100/board/brd_f7c85f60d009:0
[ 2731702ms] [WARNING] The resource http://localhost:3100/_next/static/css/app/layout.css?v=1785481329055 was preloaded using link preload but not used within a few seconds from the window's load event. Please make sure it has an appropriate `as` value and it is preloaded intentionally. @ http://localhost:3100/board/brd_f7c85f60d009:0
[ 2736706ms] [WARNING] The resource http://localhost:3100/_next/static/css/app/layout.css?v=1785481329055 was preloaded using link preload but not used within a few seconds from the window's load event. Please make sure it has an appropriate `as` value and it is preloaded intentionally. @ http://localhost:3100/board/brd_f7c85f60d009:0
[ 2741710ms] [WARNING] The resource http://localhost:3100/_next/static/css/app/layout.css?v=1785481329055 was preloaded using link preload but not used within a few seconds from the window's load event. Please make sure it has an appropriate `as` value and it is preloaded intentionally. @ http://localhost:3100/board/brd_f7c85f60d009:0
[ 2746708ms] [WARNING] The resource http://localhost:3100/_next/static/css/app/layout.css?v=1785481329055 was preloaded using link preload but not used within a few seconds from the window's load event. Please make sure it has an appropriate `as` value and it is preloaded intentionally. @ http://localhost:3100/board/brd_f7c85f60d009:0
[ 2751726ms] [WARNING] The resource http://localhost:3100/_next/static/css/app/layout.css?v=1785481329055 was preloaded using link preload but not used within a few seconds from the window's load event. Please make sure it has an appropriate `as` value and it is preloaded intentionally. @ http://localhost:3100/board/brd_f7c85f60d009:0
[ 2756706ms] [WARNING] The resource http://localhost:3100/_next/static/css/app/layout.css?v=1785481329055 was preloaded using link preload but not used within a few seconds from the window's load event. Please make sure it has an appropriate `as` value and it is preloaded intentionally. @ http://localhost:3100/board/brd_f7c85f60d009:0
[ 2761722ms] [WARNING] The resource http://localhost:3100/_next/static/css/app/layout.css?v=1785481329055 was preloaded using link preload but not used within a few seconds from the window's load event. Please make sure it has an appropriate `as` value and it is preloaded intentionally. @ http://localhost:3100/board/brd_f7c85f60d009:0
[ 2766714ms] [WARNING] The resource http://localhost:3100/_next/static/css/app/layout.css?v=1785481329055 was preloaded using link preload but not used within a few seconds from the window's load event. Please make sure it has an appropriate `as` value and it is preloaded intentionally. @ http://localhost:3100/board/brd_f7c85f60d009:0
[ 2771727ms] [WARNING] The resource http://localhost:3100/_next/static/css/app/layout.css?v=1785481329055 was preloaded using link preload but not used within a few seconds from the window's load event. Please make sure it has an appropriate `as` value and it is preloaded intentionally. @ http://localhost:3100/board/brd_f7c85f60d009:0
[ 2776713ms] [WARNING] The resource http://localhost:3100/_next/static/css/app/layout.css?v=1785481329055 was preloaded using link preload but not used within a few seconds from the window's load event. Please make sure it has an appropriate `as` value and it is preloaded intentionally. @ http://localhost:3100/board/brd_f7c85f60d009:0
[ 2781715ms] [WARNING] The resource http://localhost:3100/_next/static/css/app/layout.css?v=1785481329055 was preloaded using link preload but not used within a few seconds from the window's load event. Please make sure it has an appropriate `as` value and it is preloaded intentionally. @ http://localhost:3100/board/brd_f7c85f60d009:0
[ 2786717ms] [WARNING] The resource http://localhost:3100/_next/static/css/app/layout.css?v=1785481329055 was preloaded using link preload but not used within a few seconds from the window's load event. Please make sure it has an appropriate `as` value and it is preloaded intentionally. @ http://localhost:3100/board/brd_f7c85f60d009:0
[ 2791707ms] [WARNING] The resource http://localhost:3100/_next/static/css/app/layout.css?v=1785481329055 was preloaded using link preload but not used within a few seconds from the window's load event. Please make sure it has an appropriate `as` value and it is preloaded intentionally. @ http://localhost:3100/board/brd_f7c85f60d009:0
[ 2796716ms] [WARNING] The resource http://localhost:3100/_next/static/css/app/layout.css?v=1785481329055 was preloaded using link preload but not used within a few seconds from the window's load event. Please make sure it has an appropriate `as` value and it is preloaded intentionally. @ http://localhost:3100/board/brd_f7c85f60d009:0
[ 2801704ms] [WARNING] The resource http://localhost:3100/_next/static/css/app/layout.css?v=1785481329055 was preloaded using link preload but not used within a few seconds from the window's load event. Please make sure it has an appropriate `as` value and it is preloaded intentionally. @ http://localhost:3100/board/brd_f7c85f60d009:0
[ 2806708ms] [WARNING] The resource http://localhost:3100/_next/static/css/app/layout.css?v=1785481329055 was preloaded using link preload but not used within a few seconds from the window's load event. Please make sure it has an appropriate `as` value and it is preloaded intentionally. @ http://localhost:3100/board/brd_f7c85f60d009:0
[ 2811712ms] [WARNING] The resource http://localhost:3100/_next/static/css/app/layout.css?v=1785481329055 was preloaded using link preload but not used within a few seconds from the window's load event. Please make sure it has an appropriate `as` value and it is preloaded intentionally. @ http://localhost:3100/board/brd_f7c85f60d009:0
[ 2816705ms] [WARNING] The resource http://localhost:3100/_next/static/css/app/layout.css?v=1785481329055 was preloaded using link preload but not used within a few seconds from the window's load event. Please make sure it has an appropriate `as` value and it is preloaded intentionally. @ http://localhost:3100/board/brd_f7c85f60d009:0
[ 2821706ms] [WARNING] The resource http://localhost:3100/_next/static/css/app/layout.css?v=1785481329055 was preloaded using link preload but not used within a few seconds from the window's load event. Please make sure it has an appropriate `as` value and it is preloaded intentionally. @ http://localhost:3100/board/brd_f7c85f60d009:0
[ 2826707ms] [WARNING] The resource http://localhost:3100/_next/static/css/app/layout.css?v=1785481329055 was preloaded using link preload but not used within a few seconds from the window's load event. Please make sure it has an appropriate `as` value and it is preloaded intentionally. @ http://localhost:3100/board/brd_f7c85f60d009:0
[ 2831698ms] [WARNING] The resource http://localhost:3100/_next/static/css/app/layout.css?v=1785481329055 was preloaded using link preload but not used within a few seconds from the window's load event. Please make sure it has an appropriate `as` value and it is preloaded intentionally. @ http://localhost:3100/board/brd_f7c85f60d009:0
[ 2836704ms] [WARNING] The resource http://localhost:3100/_next/static/css/app/layout.css?v=1785481329055 was preloaded using link preload but not used within a few seconds from the window's load event. Please make sure it has an appropriate `as` value and it is preloaded intentionally. @ http://localhost:3100/board/brd_f7c85f60d009:0
[ 2841708ms] [WARNING] The resource http://localhost:3100/_next/static/css/app/layout.css?v=1785481329055 was preloaded using link preload but not used within a few seconds from the window's load event. Please make sure it has an appropriate `as` value and it is preloaded intentionally. @ http://localhost:3100/board/brd_f7c85f60d009:0
[ 2846710ms] [WARNING] The resource http://localhost:3100/_next/static/css/app/layout.css?v=1785481329055 was preloaded using link preload but not used within a few seconds from the window's load event. Please make sure it has an appropriate `as` value and it is preloaded intentionally. @ http://localhost:3100/board/brd_f7c85f60d009:0
[ 2851698ms] [WARNING] The resource http://localhost:3100/_next/static/css/app/layout.css?v=1785481329055 was preloaded using link preload but not used within a few seconds from the window's load event. Please make sure it has an appropriate `as` value and it is preloaded intentionally. @ http://localhost:3100/board/brd_f7c85f60d009:0
[ 2856714ms] [WARNING] The resource http://localhost:3100/_next/static/css/app/layout.css?v=1785481329055 was preloaded using link preload but not used within a few seconds from the window's load event. Please make sure it has an appropriate `as` value and it is preloaded intentionally. @ http://localhost:3100/board/brd_f7c85f60d009:0
[ 2861713ms] [WARNING] The resource http://localhost:3100/_next/static/css/app/layout.css?v=1785481329055 was preloaded using link preload but not used within a few seconds from the window's load event. Please make sure it has an appropriate `as` value and it is preloaded intentionally. @ http://localhost:3100/board/brd_f7c85f60d009:0
[ 2866709ms] [WARNING] The resource http://localhost:3100/_next/static/css/app/layout.css?v=1785481329055 was preloaded using link preload but not used within a few seconds from the window's load event. Please make sure it has an appropriate `as` value and it is preloaded intentionally. @ http://localhost:3100/board/brd_f7c85f60d009:0
[ 2871783ms] [WARNING] The resource http://localhost:3100/_next/static/css/app/layout.css?v=1785481329055 was preloaded using link preload but not used within a few seconds from the window's load event. Please make sure it has an appropriate `as` value and it is preloaded intentionally. @ http://localhost:3100/board/brd_f7c85f60d009:0
[ 2876717ms] [WARNING] The resource http://localhost:3100/_next/static/css/app/layout.css?v=1785481329055 was preloaded using link preload but not used within a few seconds from the window's load event. Please make sure it has an appropriate `as` value and it is preloaded intentionally. @ http://localhost:3100/board/brd_f7c85f60d009:0
[ 2881711ms] [WARNING] The resource http://localhost:3100/_next/static/css/app/layout.css?v=1785481329055 was preloaded using link preload but not used within a few seconds from the window's load event. Please make sure it has an appropriate `as` value and it is preloaded intentionally. @ http://localhost:3100/board/brd_f7c85f60d009:0
[ 2886715ms] [WARNING] The resource http://localhost:3100/_next/static/css/app/layout.css?v=1785481329055 was preloaded using link preload but not used within a few seconds from the window's load event. Please make sure it has an appropriate `as` value and it is preloaded intentionally. @ http://localhost:3100/board/brd_f7c85f60d009:0
[ 2891722ms] [WARNING] The resource http://localhost:3100/_next/static/css/app/layout.css?v=1785481329055 was preloaded using link preload but not used within a few seconds from the window's load event. Please make sure it has an appropriate `as` value and it is preloaded intentionally. @ http://localhost:3100/board/brd_f7c85f60d009:0
[ 2896724ms] [WARNING] The resource http://localhost:3100/_next/static/css/app/layout.css?v=1785481329055 was preloaded using link preload but not used within a few seconds from the window's load event. Please make sure it has an appropriate `as` value and it is preloaded intentionally. @ http://localhost:3100/board/brd_f7c85f60d009:0
[ 2901713ms] [WARNING] The resource http://localhost:3100/_next/static/css/app/layout.css?v=1785481329055 was preloaded using link preload but not used within a few seconds from the window's load event. Please make sure it has an appropriate `as` value and it is preloaded intentionally. @ http://localhost:3100/board/brd_f7c85f60d009:0
[ 2906722ms] [WARNING] The resource http://localhost:3100/_next/static/css/app/layout.css?v=1785481329055 was preloaded using link preload but not used within a few seconds from the window's load event. Please make sure it has an appropriate `as` value and it is preloaded intentionally. @ http://localhost:3100/board/brd_f7c85f60d009:0
[ 2911715ms] [WARNING] The resource http://localhost:3100/_next/static/css/app/layout.css?v=1785481329055 was preloaded using link preload but not used within a few seconds from the window's load event. Please make sure it has an appropriate `as` value and it is preloaded intentionally. @ http://localhost:3100/board/brd_f7c85f60d009:0
[ 2916719ms] [WARNING] The resource http://localhost:3100/_next/static/css/app/layout.css?v=1785481329055 was preloaded using link preload but not used within a few seconds from the window's load event. Please make sure it has an appropriate `as` value and it is preloaded intentionally. @ http://localhost:3100/board/brd_f7c85f60d009:0
[ 2921700ms] [WARNING] The resource http://localhost:3100/_next/static/css/app/layout.css?v=1785481329055 was preloaded using link preload but not used within a few seconds from the window's load event. Please make sure it has an appropriate `as` value and it is preloaded intentionally. @ http://localhost:3100/board/brd_f7c85f60d009:0
[ 2926723ms] [WARNING] The resource http://localhost:3100/_next/static/css/app/layout.css?v=1785481329055 was preloaded using link preload but not used within a few seconds from the window's load event. Please make sure it has an appropriate `as` value and it is preloaded intentionally. @ http://localhost:3100/board/brd_f7c85f60d009:0
[ 2931707ms] [WARNING] The resource http://localhost:3100/_next/static/css/app/layout.css?v=1785481329055 was preloaded using link preload but not used within a few seconds from the window's load event. Please make sure it has an appropriate `as` value and it is preloaded intentionally. @ http://localhost:3100/board/brd_f7c85f60d009:0
[ 2936705ms] [WARNING] The resource http://localhost:3100/_next/static/css/app/layout.css?v=1785481329055 was preloaded using link preload but not used within a few seconds from the window's load event. Please make sure it has an appropriate `as` value and it is preloaded intentionally. @ http://localhost:3100/board/brd_f7c85f60d009:0
[ 2941727ms] [WARNING] The resource http://localhost:3100/_next/static/css/app/layout.css?v=1785481329055 was preloaded using link preload but not used within a few seconds from the window's load event. Please make sure it has an appropriate `as` value and it is preloaded intentionally. @ http://localhost:3100/board/brd_f7c85f60d009:0
[ 2946735ms] [WARNING] The resource http://localhost:3100/_next/static/css/app/layout.css?v=1785481329055 was preloaded using link preload but not used within a few seconds from the window's load event. Please make sure it has an appropriate `as` value and it is preloaded intentionally. @ http://localhost:3100/board/brd_f7c85f60d009:0
[ 2951741ms] [WARNING] The resource http://localhost:3100/_next/static/css/app/layout.css?v=1785481329055 was preloaded using link preload but not used within a few seconds from the window's load event. Please make sure it has an appropriate `as` value and it is preloaded intentionally. @ http://localhost:3100/board/brd_f7c85f60d009:0
[ 2956726ms] [WARNING] The resource http://localhost:3100/_next/static/css/app/layout.css?v=1785481329055 was preloaded using link preload but not used within a few seconds from the window's load event. Please make sure it has an appropriate `as` value and it is preloaded intentionally. @ http://localhost:3100/board/brd_f7c85f60d009:0
[ 2961726ms] [WARNING] The resource http://localhost:3100/_next/static/css/app/layout.css?v=1785481329055 was preloaded using link preload but not used within a few seconds from the window's load event. Please make sure it has an appropriate `as` value and it is preloaded intentionally. @ http://localhost:3100/board/brd_f7c85f60d009:0
[ 2966738ms] [WARNING] The resource http://localhost:3100/_next/static/css/app/layout.css?v=1785481329055 was preloaded using link preload but not used within a few seconds from the window's load event. Please make sure it has an appropriate `as` value and it is preloaded intentionally. @ http://localhost:3100/board/brd_f7c85f60d009:0
[ 2971748ms] [WARNING] The resource http://localhost:3100/_next/static/css/app/layout.css?v=1785481329055 was preloaded using link preload but not used within a few seconds from the window's load event. Please make sure it has an appropriate `as` value and it is preloaded intentionally. @ http://localhost:3100/board/brd_f7c85f60d009:0
[ 2976738ms] [WARNING] The resource http://localhost:3100/_next/static/css/app/layout.css?v=1785481329055 was preloaded using link preload but not used within a few seconds from the window's load event. Please make sure it has an appropriate `as` value and it is preloaded intentionally. @ http://localhost:3100/board/brd_f7c85f60d009:0
[ 2981744ms] [WARNING] The resource http://localhost:3100/_next/static/css/app/layout.css?v=1785481329055 was preloaded using link preload but not used within a few seconds from the window's load event. Please make sure it has an appropriate `as` value and it is preloaded intentionally. @ http://localhost:3100/board/brd_f7c85f60d009:0
[ 2986727ms] [WARNING] The resource http://localhost:3100/_next/static/css/app/layout.css?v=1785481329055 was preloaded using link preload but not used within a few seconds from the window's load event. Please make sure it has an appropriate `as` value and it is preloaded intentionally. @ http://localhost:3100/board/brd_f7c85f60d009:0
[ 2991707ms] [WARNING] The resource http://localhost:3100/_next/static/css/app/layout.css?v=1785481329055 was preloaded using link preload but not used within a few seconds from the window's load event. Please make sure it has an appropriate `as` value and it is preloaded intentionally. @ http://localhost:3100/board/brd_f7c85f60d009:0
